PitchNo,Date,Time,PAofInning,PitchofPA,Pitcher,PitcherId,PitcherThrows,PitcherTeam,Batter,BatterId,BatterSide,BatterTeam,PitcherSet,Inning,Top/Bottom,Outs,Balls,Strikes,TaggedPitchType,AutoPitchType,PitchCall,KorBB,TaggedHitType,PlayResult,OutsOnPlay,RunsScored,Notes,RelSpeed,VertRelAngle,HorzRelAngle,SpinRate,SpinAxis,Tilt,RelHeight,RelSide,Extension,VertBreak,InducedVertBreak,HorzBreak,PlateLocHeight,PlateLocSide,ZoneSpeed,VertApprAngle,HorzApprAngle,ZoneTime,ExitSpeed,Angle,Direction,HitSpinRate,PositionAt110X,PositionAt110Y,PositionAt110Z,Distance,LastTrackedDistance,Bearing,HangTime,pfxx,pfxz,x0,y0,z0,vx0,vy0,vz0,ax0,ay0,az0,HomeTeam,AwayTeam,Stadium,Level,League,GameID,PitchUID,EffectiveVelo,MaxHeight,MeasuredDuration,SpeedDrop,PitchLastMeasuredX,PitchLastMeasuredY,PitchLastMeasuredZ,ContactPositionX,ContactPositionY,ContactPositionZ,GameUID,UTCDate,UTCTime,LocalDateTime,UTCDateTime,AutoHitType,System,HomeTeamForeignID,AwayTeamForeignID,GameForeignID,Catcher,CatcherId,CatcherThrows,CatcherTeam,PlayID,PitchTrajectoryXc0,PitchTrajectoryXc1,PitchTrajectoryXc2,PitchTrajectoryYc0,PitchTrajectoryYc1,PitchTrajectoryYc2,PitchTrajectoryZc0,PitchTrajectoryZc1,PitchTrajectoryZc2,HitSpinAxis,HitTrajectoryXc0,HitTrajectoryXc1,HitTrajectoryXc2,HitTrajectoryXc3,HitTrajectoryXc4,HitTrajectoryXc5,HitTrajectoryXc6,HitTrajectoryXc7,HitTrajectoryXc8,HitTrajectoryYc0,HitTrajectoryYc1,HitTrajectoryYc2,HitTrajectoryYc3,HitTrajectoryYc4,HitTrajectoryYc5,HitTrajectoryYc6,HitTrajectoryYc7,HitTrajectoryYc8,HitTrajectoryZc0,HitTrajectoryZc1,HitTrajectoryZc2,HitTrajectoryZc3,HitTrajectoryZc4,HitTrajectoryZc5,HitTrajectoryZc6,HitTrajectoryZc7,HitTrajectoryZc8,ThrowSpeed,PopTime,ExchangeTime,TimeToBase,CatchPositionX,CatchPositionY,CatchPositionZ,ThrowPositionX,ThrowPositionY,ThrowPositionZ,BasePositionX,BasePositionY,BasePositionZ,ThrowTrajectoryXc0,ThrowTrajectoryXc1,ThrowTrajectoryXc2,ThrowTrajectoryYc0,ThrowTrajectoryYc1,ThrowTrajectoryYc2,ThrowTrajectoryZc0,ThrowTrajectoryZc1,ThrowTrajectoryZc2,PitchReleaseConfidence,PitchLocationConfidence,PitchMovementConfidence,HitLaunchConfidence,HitLandingConfidence,CatcherThrowCatchConfidence,CatcherThrowReleaseConfidence,CatcherThrowLocationConfidence
1,2026-07-21,18:35:16.40,1,1,"Diaz, Juan",673215,Left,MIL_MIL1,"Reyes, Ripken",685341,Right,LAK_COU10,Undefined,1,Top,0,0,0,Fastball,Four-Seam,StrikeCalled,Undefined,Undefined,Undefined,0,0,,87.38577,-0.803297,1.728773,1938.863322,142.121266,10:45,5.90473,-1.03996,5.03726,-22.34816,15.46556,-11.08398,3.28417,-0.33222,79.77108,-4.945872,-0.228738,0.442584,,,,,,,,,,,,5.97512,8.25504,0.8842,50,5.81067,-3.31613,-126.72263,-2.57244,9.71486,25.9276,-18.75228,MIL_MIL1,LAK_COU10,FranklinField,American Association,AABL,20260721-FranklinField-1,d6eb8240-855c-11f1-a17b-7db4bab88cfd,85.16442,,,7.61469,,,,,,,d30aaa50-e40a-4800-9d68-81ee7d48104e,2026-07-21,23:35:16.40,2026-07-21T18:35:16.4061696-05:00,2026-07-21T23:35:16.4061696Z,,v3,,,,"Waddell, Chase",1000233818,Right,MIL_MIL1,bab99449-e32f-4388-ab5b-3700ecc99afc,55.46003,-127.83487,12.9638,5.90377,-1.768,-9.37614,1.0354,-3.73287,4.85743,,,,,,,,,,,,,,,,,,,,,,,,,,,,,,,,,,,,,,,,,,,,,,,,,,,High,High,High,,,,,
2,2026-07-21,18:35:33.67,1,2,"Diaz, Juan",673215,Left,MIL_MIL1,"Reyes, Ripken",685341,Right,LAK_COU10,Undefined,1,Top,0,0,1,Fastball,Sinker,BallCalled,Undefined,Undefined,Undefined,0,0,,88.02243,-0.413713,0.831615,1901.842024,141.681837,10:45,5.85908,-0.85745,5.16222,-21.71584,15.26615,-11.15276,3.65999,-1.00407,80.5208,-4.447417,-1.143246,0.43769,,,,,,,,,,,,5.76674,8.06335,0.78872,50,5.80428,-1.34365,-127.7509,-1.68532,9.55082,25.78155,-18.81958,MIL_MIL1,LAK_COU10,FranklinField,American Association,AABL,20260721-FranklinField-1,e130e740-855c-11f1-a17b-7db4bab88cfd,86.11679,,,7.50163,,,,,,,d30aaa50-e40a-4800-9d68-81ee7d48104e,2026-07-21,23:35:33.67,2026-07-21T18:35:33.6781312-05:00,2026-07-21T23:35:33.6781312Z,,v3,,,,"Waddell, Chase",1000233818,Right,MIL_MIL1,e0810b02-6224-44f1-8e2c-cb4a6c5bb950,55.335,-128.82306,12.89077,5.85809,-0.90267,-9.40979,0.85286,-1.74084,4.77541,,,,,,,,,,,,,,,,,,,,,,,,,,,,,,,,,,,,,,,,,,,,,,,,,,,High,High,High,,,,,
3,2026-07-21,18:35:47.25,1,3,"Diaz, Juan",673215,Left,MIL_MIL1,"Reyes, Ripken",685341,Right,LAK_COU10,Undefined,1,Top,0,1,1,ChangeUp,Changeup,HitByPitch,Undefined,Undefined,Undefined,0,0,,78.18039,-1.696843,4.982237,1662.744887,103.145552,9:30,5.56395,-1.17649,4.8603,-42.9803,4.1639,-12.26052,0.36968,2.5293,72.99799,-9.389173,2.830629,0.49418,,,,,,,,,,,,7.40382,2.68563,0.69568,50,5.35881,-9.39603,-113.20952,-4.88333,9.75227,17.76883,-28.63652,MIL_MIL1,LAK_COU10,FranklinField,American Association,AABL,20260721-FranklinField-1,e94e6330-855c-11f1-a17b-7db4bab88cfd,76.27263,,,5.1824,,,,,,,d30aaa50-e40a-4800-9d68-81ee7d48104e,2026-07-21,23:35:47.25,2026-07-21T18:35:47.2573952-05:00,2026-07-21T23:35:47.2573952Z,,v3,,,,"Waddell, Chase",1000233818,Right,MIL_MIL1,d3e6d5c7-f66f-4b6a-bae9-74d429b9fd18,55.64319,-114.09181,8.88442,5.56598,-3.46141,-14.31826,1.17425,-9.88027,4.87614,,,,,,,,,,,,,,,,,,,,,,,,,,,,,,,,,,,,,,,,,,,,,,,,,,,High,High,High,,,,,
4,2026-07-21,18:36:20.82,2,1,"Diaz, Juan",673215,Left,MIL_MIL1,"Zuberer, Ray",829518,Left,LAK_COU10,Undefined,1,Top,0,0,0,Fastball,Four-Seam,FoulBallNotFieldable,Undefined,Undefined,Undefined,0,0,,87.85633,-0.961124,3.907895,1989.72497,145.61809,10:45,5.80427,-2.39127,5.33302,-20.49387,16.79198,-10.62753,3.19251,0.3953,79.78207,-4.8027,2.026655,0.439484,88.36801,48.745124,-38.27419,5973.025474,70.28336,108.16948,-84.61821,223.27967,99.15591,-58.231267,5.472815,6.4987,9.07701,2.04595,50,5.70305,-8.21827,-127.17519,-2.81893,10.58907,27.31963,-17.38389,MIL_MIL1,LAK_COU10,FranklinField,American Association,AABL,20260721-FranklinField-1,fd4b1e00-855c-11f1-a17b-7db4bab88cfd,85.76516,113.33645,,8.07426,,,,1.10376,3.13009,-0.32271,d30aaa50-e40a-4800-9d68-81ee7d48104e,2026-07-21,23:36:20.82,2026-07-21T18:36:20.8240640-05:00,2026-07-21T23:36:20.8240640Z,FlyBall,v3,,,,"Waddell, Chase",1000233818,Right,MIL_MIL1,d0966683-a2e6-4c23-a6db-80df017145c1,55.16481,-128.27989,13.65982,5.80282,-2.11599,-8.69195,2.38692,-8.64645,5.29454,151.457368,1.12098,66.67706,-25.15864,5.21454,0.7997,-0.93014,0.26938,-0.03476,0.00171,3.10014,97.97126,-27.86093,4.91016,-1.93124,0.59916,-0.10378,0.00885,-0.00029,-0.31225,-53.12662,6.01276,-1.10663,0.46121,-0.17151,0.03481,-0.0035,0.00014,,,,,,,,,,,,,,,,,,,,,,,High,High,High,High,Low,,,
5,2026-07-21,18:36:41.86,2,2,"Diaz, Juan",673215,Left,MIL_MIL1,"Zuberer, Ray",829518,Left,LAK_COU10,Undefined,1,Top,0,0,1,Slider,Slider,BallCalled,Undefined,Undefined,Undefined,0,0,,78.99969,-0.142804,3.640422,2083.98167,266.353546,3:00,5.74938,-2.67032,5.34497,-43.68002,1.50736,4.91488,1.97515,1.15865,73.7397,-8.040729,4.511282,0.483816,,,,,,,,,,,,-1.62752,1.12075,2.33823,50,5.70473,-7.48504,-114.67665,-1.77438,-2.19874,18.32251,-30.65994,MIL_MIL1,LAK_COU10,FranklinField,American Association,AABL,20260721-FranklinField-1,09da24e0-855d-11f1-a17b-7db4bab88cfd,77.9066,,,5.25999,,,,,,,d30aaa50-e40a-4800-9d68-81ee7d48104e,2026-07-21,23:36:41.86,2026-07-21T18:36:41.8602496-05:00,2026-07-21T23:36:41.8602496Z,,v3,,,,"Waddell, Chase",1000233818,Right,MIL_MIL1,b2be973a-c759-419b-9031-f112462a0787,55.15639,-115.49758,9.16126,5.75346,-0.40068,-15.32997,2.67139,-7.38653,-1.09937,,,,,,,,,,,,,,,,,,,,,,,,,,,,,,,,,,,,,,,,,,,,,,,,,,,High,High,High,,,,,
6,2026-07-21,18:37:03.03,2,3,"Diaz, Juan",673215,Left,MIL_MIL1,"Zuberer, Ray",829518,Left,LAK_COU10,Undefined,1,Top,0,1,1,Slider,Changeup,InPlay,Undefined,LineDrive,Single,0,0,,78.4489,0.831341,3.225709,2116.887989,328.389101,5:00,5.55937,-2.53717,5.15559,-45.43703,0.28634,0.49823,2.55681,0.54401,73.64774,-7.352433,3.31374,0.486677,103.52593,10.37316,3.109675,827.782728,109.91339,12.20357,4.35879,193.21917,193.21917,1.907873,1.632917,0.42874,0.2487,2.2352,50,5.60147,-6.44426,-114.00136,0.07226,0.57771,16.25981,-31.83892,MIL_MIL1,LAK_COU10,FranklinField,American Association,AABL,20260721-FranklinField-1,167f24c0-855d-11f1-a17b-7db4bab88cfd,77.44863,12.32316,,4.80116,,,,1.78187,2.60709,-0.48475,d30aaa50-e40a-4800-9d68-81ee7d48104e,2026-07-21,23:37:03.03,2026-07-21T18:37:03.0389248-05:00,2026-07-21T23:37:03.0389248Z,LineDrive,v3,,,,"Waddell, Chase",1000233818,Right,MIL_MIL1,c8baca19-d2d7-41a0-8eec-377dad55c475,55.34696,-114.76145,8.12991,5.5633,1.56063,-15.91946,2.53708,-6.47126,0.28885,94.236555,1.78187,149.13618,-27.00479,6.34013,-1.54832,0.38913,-0.0912,0.01609,-0.00147,2.60709,27.33965,-20.89463,2.74462,-0.69411,0.17432,-0.04037,0.0072,-0.00066,-0.48475,8.10218,-3.24737,0.75422,-0.18672,0.04716,-0.01102,0.00195,-0.00018,,,,,,,,,,,,,,,,,,,,,,,High,High,High,High,High,,,
7,2026-07-21,18:37:39.30,3,1,"Diaz, Juan",673215,Left,MIL_MIL1,"Mears, Joshua",687084,Right,LAK_COU10,Undefined,1,Top,0,0,0,Sinker,Sinker,StrikeSwinging,Undefined,Undefined,Undefined,0,0,,88.35607,-1.127711,1.513356,1961.927844,139.45191,10:45,5.86013,-0.88074,5.49684,-22.1495,13.89942,-10.98241,2.95901,-0.38007,81.37945,-5.240194,-0.443421,0.432133,,,,,,,,,,,,5.92343,7.63182,0.75599,50,5.74663,-2.91017,-128.3414,-3.2837,9.9605,24.52878,-19.34081,MIL_MIL1,LAK_COU10,FranklinField,American Association,AABL,20260721-FranklinField-1,2c136f80-855d-11f1-a17b-7db4bab88cfd,87.22412,,,6.97662,,,,,,,d30aaa50-e40a-4800-9d68-81ee7d48104e,2026-07-21,23:37:39.30,2026-07-21T18:37:39.3022464-05:00,2026-07-21T23:37:39.3022464Z,,v3,,,,"Waddell, Chase",1000233818,Right,MIL_MIL1,51e8e9a5-735f-4316-bb72-a5d2b6a26596,55.00171,-129.2938,12.26439,5.85955,-2.53274,-9.67041,0.8765,-3.29692,4.98025,,,,,,,,,,,,,,,,,,,,,,,,,,,,,,,,,,,,,,,,,,,,,,,,,,,High,High,High,,,,,
8,2026-07-21,18:37:55.33,3,2,"Diaz, Juan",673215,Left,MIL_MIL1,"Mears, Joshua",687084,Right,LAK_COU10,Undefined,1,Top,0,0,1,Fastball,Four-Seam,BallCalled,Undefined,Undefined,Undefined,0,0,,89.50893,-2.921652,2.594286,1943.923133,143.113173,10:45,5.90584,-0.80133,5.60199,-20.37674,14.58272,-10.19071,1.47516,0.77296,82.87784,-6.697511,0.77624,0.425553,,,,,,,,,,,,5.88441,8.44437,0.5862,50,5.64215,-5.46147,-129.90122,-7.32703,10.17169,24.24591,-17.57729,MIL_MIL1,LAK_COU10,FranklinField,American Association,AABL,20260721-FranklinField-1,359b29d0-855d-11f1-a17b-7db4bab88cfd,88.57282,,,6.63109,,,,,,,d30aaa50-e40a-4800-9d68-81ee7d48104e,2026-07-21,23:37:55.33,2026-07-21T18:37:55.3383936-05:00,2026-07-21T23:37:55.3383936Z,,v3,,,,"Waddell, Chase",1000233818,Right,MIL_MIL1,5659ad54-2fd6-42c9-be1e-24f3e83e79a7,54.89943,-130.8125,12.12295,5.90512,-6.66639,-8.78864,0.79865,-5.84377,5.08585,,,,,,,,,,,,,,,,,,,,,,,,,,,,,,,,,,,,,,,,,,,,,,,,,,,High,High,High,,,,,
9,2026-07-21,18:38:18.89,3,3,"Diaz, Juan",673215,Left,MIL_MIL1,"Mears, Joshua",687084,Right,LAK_COU10,Undefined,1,Top,0,1,1,Slider,Slider,BallCalled,Undefined,Undefined,Undefined,0,0,,80.34641,1.855488,0.988785,2201.532767,244.222821,2:15,5.68843,-0.9991,5.16817,-41.31128,2.66843,3.01555,3.9929,0.18284,74.32237,-5.653112,1.522619,0.477307,,,,,,,,,,,,-1.26602,1.24638,0.90455,50,5.82959,-2.13785,-116.70572,2.31153,-1.76744,19.44642,-30.43405,MIL_MIL1,LAK_COU10,FranklinField,American Association,AABL,20260721-FranklinField-1,43b2cc80-855d-11f1-a17b-7db4bab88cfd,78.96902,,,6.02404,,,,,,,d30aaa50-e40a-4800-9d68-81ee7d48104e,2026-07-21,23:38:18.89,2026-07-21T18:38:18.8939264-05:00,2026-07-21T23:38:18.8939264Z,,v3,,,,"Waddell, Chase",1000233818,Right,MIL_MIL1,d8717cf2-a6c3-4442-8aff-84ed540e5a9e,55.3317,-117.59077,9.72321,5.69287,3.69666,-15.21702,1.00002,-2.05741,-0.88372,,,,,,,,,,,,,,,,,,,,,,,,,,,,,,,,,,,,,,,,,,,,,,,,,,,High,High,High,,,,,
10,2026-07-21,18:38:41.35,3,4,"Diaz, Juan",673215,Left,MIL_MIL1,"Mears, Joshua",687084,Right,LAK_COU10,Undefined,1,Top,0,2,1,Fastball,Four-Seam,FoulBallNotFieldable,Undefined,Undefined,Undefined,0,0,,90.17665,-1.542554,1.636737,1944.084702,145.896866,10:45,5.94441,-0.63649,5.49535,-19.43611,15.23469,-9.6115,2.8809,0.09396,82.92216,-5.167973,-0.075476,0.423793,77.32418,4.373926,173.865402,923.132022,,,,53.09046,53.09046,176.398191,0.457643,5.18386,8.37622,0.49946,50,5.79629,-3.29038,-130.88979,-4.17873,9.06449,25.5709,-17.52742,MIL_MIL1,LAK_COU10,FranklinField,American Association,AABL,20260721-FranklinField-1,510c2840-855d-11f1-a17b-7db4bab88cfd,88.94079,2.89294,,7.25449,,,,,,,d30aaa50-e40a-4800-9d68-81ee7d48104e,2026-07-21,23:38:41.35,2026-07-21T18:38:41.3527040-05:00,2026-07-21T23:38:41.3527040Z,GroundBall,v3,,,,"Waddell, Chase",1000233818,Right,MIL_MIL1,a82408ef-568f-4351-810d-b68f06321219,54.99988,-131.86296,12.78545,5.94263,-3.51167,-8.76371,0.63125,-3.63535,4.53225,,-3.2273,-112.68864,8.61534,,,,,,,2.29806,8.27774,-29.11951,,,,,,,-0.18136,11.92649,-9.29496,,,,,,,,,,,,,,,,,,,,,,,,,,,,,High,High,High,Low,Medium,,,
11,2026-07-21,18:39:06.02,3,5,"Diaz, Juan",673215,Left,MIL_MIL1,"Mears, Joshua",687084,Right,LAK_COU10,Undefined,1,Top,0,2,2,Slider,Slider,BallCalled,Undefined,Undefined,Undefined,0,0,,81.16999,-1.877911,3.346502,2208.29642,169.048004,11:45,5.63481,-1.09035,5.12754,-39.36766,3.39764,-0.45921,0.58187,2.02676,76.53426,-8.935598,3.265311,0.470671,,,,,,,,,,,,0.92894,2.35256,0.77622,50,5.42698,-6.87545,-117.89249,-5.28416,1.33987,17.18248,-28.78071,MIL_MIL1,LAK_COU10,FranklinField,American Association,AABL,20260721-FranklinField-1,5fc53b10-855d-11f1-a17b-7db4bab88cfd,80.08243,,,4.63574,,,,,,,d30aaa50-e40a-4800-9d68-81ee7d48104e,2026-07-21,23:39:06.02,2026-07-21T18:39:06.0222464-05:00,2026-07-21T23:39:06.0222464Z,,v3,,,,"Waddell, Chase",1000233818,Right,MIL_MIL1,b0f78bc0-7cd9-4d73-9e95-7996b47f283e,55.37498,-118.67329,8.59124,5.63738,-3.97631,-14.39036,1.09003,-6.93634,0.66993,,,,,,,,,,,,,,,,,,,,,,,,,,,,,,,,,,,,,,,,,,,,,,,,,,,High,High,High,,,,,
12,2026-07-21,18:39:28.23,3,6,"Diaz, Juan",673215,Left,MIL_MIL1,"Mears, Joshua",687084,Right,LAK_COU10,Undefined,1,Top,0,3,2,Fastball,Four-Seam,FoulBallNotFieldable,Undefined,Undefined,Undefined,0,0,,90.93358,-0.856074,2.154585,2041.294888,144.921452,10:45,5.95989,-0.63261,5.26975,-18.94367,15.56993,-10.18095,3.57649,0.5438,83.21859,-4.391668,0.349654,0.422831,64.12704,21.838305,156.932608,3160.913674,-103.0226,11.51535,38.55312,140.38329,47.01189,159.965377,1.796187,5.68693,8.34847,0.44346,50,5.86802,-4.49504,-131.9418,-2.63722,10.05543,27.27397,-17.41257,MIL_MIL1,LAK_COU10,FranklinField,American Association,AABL,20260721-FranklinField-1,6cfae230-855d-11f1-a17b-7db4bab88cfd,89.14311,17.32226,,7.71498,,,,0.78857,3.4083,-0.56835,d30aaa50-e40a-4800-9d68-81ee7d48104e,2026-07-21,23:39:28.23,2026-07-21T18:39:28.2312704-05:00,2026-07-21T23:39:28.2312704Z,LineDrive,v3,,,,"Waddell, Chase",1000233818,Right,MIL_MIL1,11f6d7f0-7c1b-4716-9c61-16974bcfbc2e,55.22867,-133.01824,13.63699,5.95854,-1.94999,-8.70628,0.6287,-4.8919,5.02771,328.660881,0.78857,-80.32284,4.26163,-0.4307,0.00624,0.03462,-0.02149,0.00792,-0.00114,3.4083,34.98677,-23.67673,2.45056,-0.53966,0.12906,-0.04169,0.01149,-0.00141,-0.56836,34.20733,-5.6782,1.38603,-0.3877,0.17981,-0.09798,0.03222,-0.00436,,,,,,,,,,,,,,,,,,,,,,,High,High,High,High,Low,,,
13,2026-07-21,18:39:47.44,3,7,"Diaz, Juan",673215,Left,MIL_MIL1,"Mears, Joshua",687084,Right,LAK_COU10,Undefined,1,Top,0,3,2,Sinker,Four-Seam,FoulBallNotFieldable,Undefined,Undefined,Undefined,0,0,,89.21357,-0.628895,1.641943,1987.303293,137.676241,10:30,5.95785,-0.60306,5.40837,-22.96375,12.54028,-10.46217,3.45472,0.06387,82.05159,-4.882073,-0.21878,0.428855,68.61336,22.284881,162.892727,1786.990161,-105.47603,17.73288,31.22177,162.7134,52.56839,163.851318,1.989314,5.70772,6.79528,0.46457,50,5.88596,-3.25266,-129.57999,-2.23602,9.77235,25.30688,-20.53963,MIL_MIL1,LAK_COU10,FranklinField,American Association,AABL,20260721-FranklinField-1,78765630-855d-11f1-a17b-7db4bab88cfd,87.8909,20.31613,,7.16199,,,,0.99953,3.31788,-0.07223,d30aaa50-e40a-4800-9d68-81ee7d48104e,2026-07-21,23:39:47.44,2026-07-21T18:39:47.4473472-05:00,2026-07-21T23:39:47.4473472Z,LineDrive,v3,,,,"Waddell, Chase",1000233818,Right,MIL_MIL1,debd74fb-7f2d-4ab7-aa4d-f60fabfdbc7c,55.09086,-130.57045,12.65344,5.95774,-1.43215,-10.26982,0.59936,-3.63512,4.88617,346.144298,0.99953,-88.99661,6.25369,-0.94756,0.19959,-0.03151,0.00662,-0.00079,1E-05,3.31788,38.16115,-23.08278,2.19107,-0.45782,0.08658,-0.0151,0.00271,-0.00024,-0.07223,27.3913,-3.04002,0.51161,-0.09795,0.01727,-0.00368,0.0006,-3E-05,,,,,,,,,,,,,,,,,,,,,,,High,High,High,High,Low,,,
14,2026-07-21,18:40:05.89,3,8,"Diaz, Juan",673215,Left,MIL_MIL1,"Mears, Joshua",687084,Right,LAK_COU10,Undefined,1,Top,0,3,2,Curveball,Curveball,FoulBallNotFieldable,Undefined,Undefined,Undefined,0,0,,79.3238,0.239566,0.977187,2291.88944,354.175215,5:45,5.82679,-0.79429,5.11776,-51.3994,-6.33548,0.7687,1.76921,0.19035,74.0494,-9.002192,1.113502,0.483154,108.51014,7.7436,-47.356593,4074.276862,,,,136.89179,136.89179,-52.435889,1.028708,-0.15252,-2.94921,0.70175,50,5.80841,-1.99803,-115.35715,-1.36461,-0.20824,18.78953,-36.20088,MIL_MIL1,LAK_COU10,FranklinField,American Association,AABL,20260721-FranklinField-1,8378f0b0-855d-11f1-a17b-7db4bab88cfd,78.01325,6.67736,,5.2744,,,,2.37991,2.1398,-0.39063,d30aaa50-e40a-4800-9d68-81ee7d48104e,2026-07-21,23:40:05.89,2026-07-21T18:40:05.8920448-05:00,2026-07-21T23:40:05.8920448Z,LineDrive,v3,,,,"Waddell, Chase",1000233818,Right,MIL_MIL1,6dd32611-723f-48e8-a085-29da5d8a3749,55.38521,-116.23099,9.39477,5.83272,0.31898,-18.10044,0.79445,-1.98835,-0.10412,,2.68856,102.63374,-23.69871,,,,,,,2.32063,18.98318,-20.79376,,,,,,,-0.40428,-115.86395,10.49181,,,,,,,,,,,,,,,,,,,,,,,,,,,,,High,High,High,Medium,High,,,
15,2026-07-21,18:40:33.89,3,9,"Diaz, Juan",673215,Left,MIL_MIL1,"Mears, Joshua",687084,Right,LAK_COU10,Undefined,1,Top,0,3,2,Slider,Slider,BallCalled,Walk,Undefined,Undefined,0,0,,82.34563,0.55936,2.180369,2171.449031,246.500153,2:15,5.72584,-0.91498,5.10875,-38.98203,3.23681,4.59508,3.00473,1.52316,75.91922,-6.518544,2.992446,0.467654,,,,,,,,,,,,-1.75752,1.73122,0.70559,50,5.74773,-4.73813,-119.54314,-0.23919,-2.55576,21.98421,-29.65654,MIL_MIL1,LAK_COU10,FranklinField,American Association,AABL,20260721-FranklinField-1,941ff0d0-855d-11f1-a17b-7db4bab88cfd,80.59902,,,6.4264,,,,,,,d30aaa50-e40a-4800-9d68-81ee7d48104e,2026-07-21,23:40:33.89,2026-07-21T18:40:33.8996224-05:00,2026-07-21T23:40:33.8996224Z,,v3,,,,"Waddell, Chase",1000233818,Right,MIL_MIL1,5d6b89d4-6db7-416e-9426-c865ffc762e1,55.39278,-120.53081,10.9921,5.72855,1.09316,-14.82827,0.91588,-4.62331,-1.27788,,,,,,,,,,,,,,,,,,,,,,,,,,,,,,,,,,,,,,,,,,,,,,,,,,,High,High,High,,,,,
16,2026-07-21,18:41:58.53,4,1,"Diaz, Juan",673215,Left,MIL_MIL1,"Garcia, Anthony",678803,Right,LAK_COU10,Undefined,1,Top,0,0,0,Slider,Slider,BallCalled,Undefined,Undefined,Undefined,0,0,,81.13337,-0.450466,4.190551,2253.817385,163.991673,11:30,5.66906,-2.43442,5.14611,-39.84427,3.1965,-0.6013,1.92345,1.46789,75.88501,-7.630282,4.084512,0.472184,,,,,,,,,,,,1.23634,2.02043,2.04218,50,5.59572,-8.59976,-117.70458,-2.3588,1.76838,18.24487,-29.28415,MIL_MIL1,LAK_COU10,FranklinField,American Association,AABL,20260721-FranklinField-1,c6a30060-855d-11f1-a17b-7db4bab88cfd,79.82573,,,5.24836,,,,,,,d30aaa50-e40a-4800-9d68-81ee7d48104e,2026-07-21,23:41:58.53,2026-07-21T18:41:58.5347584-05:00,2026-07-21T23:41:58.5347584Z,,v3,,,,"Waddell, Chase",1000233818,Right,MIL_MIL1,e5206bec-032f-4cee-a5d0-db08fb05f511,55.35497,-118.53172,9.12244,5.67256,-1.03118,-14.64208,2.43387,-8.67993,0.88419,,,,,,,,,,,,,,,,,,,,,,,,,,,,,,,,,,,,,,,,,,,,,,,,,,,High,High,High,,,,,
17,2026-07-21,18:42:14.94,4,2,"Diaz, Juan",673215,Left,MIL_MIL1,"Garcia, Anthony",678803,Right,LAK_COU10,Undefined,1,Top,0,1,0,Slider,Slider,StrikeSwinging,Undefined,Undefined,Undefined,0,0,,80.49534,1.342446,2.345845,2192.716741,279.14809,3:15,5.66206,-2.29899,5.03121,-42.9051,0.92465,1.27374,3.35452,0.02169,74.98817,-6.401086,2.570582,0.476492,,,,,,,,,,,,-0.10421,0.48095,2.07362,50,5.75558,-4.84282,-116.93824,1.17754,-0.14692,18.29041,-31.49596,MIL_MIL1,LAK_COU10,FranklinField,American Association,AABL,20260721-FranklinField-1,d0685ff0-855d-11f1-a17b-7db4bab88cfd,79.10399,,,5.50718,,,,,,,d30aaa50-e40a-4800-9d68-81ee7d48104e,2026-07-21,23:42:14.94,2026-07-21T18:42:14.9459968-05:00,2026-07-21T23:42:14.9459968Z,,v3,,,,"Waddell, Chase",1000233818,Right,MIL_MIL1,ddd2652d-0b82-440f-a766-e0a0c1b2d366,55.46998,-117.79069,9.1452,5.66649,2.64547,-15.74798,2.29917,-4.83597,-0.07346,,,,,,,,,,,,,,,,,,,,,,,,,,,,,,,,,,,,,,,,,,,,,,,,,,,High,High,High,,,,,
18,2026-07-21,18:42:33.89,4,3,"Diaz, Juan",673215,Left,MIL_MIL1,"Garcia, Anthony",678803,Right,LAK_COU10,Undefined,1,Top,0,1,1,Slider,Slider,StrikeCalled,Undefined,Undefined,Undefined,0,0,,79.92145,1.0302,1.48082,2152.551536,230.96095,1:45,5.64744,-2.4136,4.95923,-41.53345,3.39303,2.59776,3.16004,-0.7978,73.83328,-6.490373,1.939007,0.482417,,,,,,,,,,,,-0.91598,1.79811,2.26795,50,5.71292,-3.10778,-116.03351,0.58093,-1.26007,19.87988,-29.70052,MIL_MIL1,LAK_COU10,FranklinField,American Association,AABL,20260721-FranklinField-1,dbb263b0-855d-11f1-a17b-7db4bab88cfd,78.13247,,,6.08817,,,,,,,d30aaa50-e40a-4800-9d68-81ee7d48104e,2026-07-21,23:42:33.89,2026-07-21T18:42:33.8946560-05:00,2026-07-21T23:42:33.8946560Z,,v3,,,,"Waddell, Chase",1000233818,Right,MIL_MIL1,10d283a4-e15b-4d86-9c53-fe88f0bb7767,55.54028,-116.97888,9.93994,5.65171,1.9933,-14.85026,2.41431,-3.04785,-0.63003,,,,,,,,,,,,,,,,,,,,,,,,,,,,,,,,,,,,,,,,,,,,,,,,,,,High,High,High,,,,,
19,2026-07-21,18:42:50.52,4,4,"Diaz, Juan",673215,Left,MIL_MIL1,"Garcia, Anthony",678803,Right,LAK_COU10,Undefined,1,Top,0,1,2,Slider,Slider,BallCalled,Undefined,Undefined,Undefined,0,0,,80.4106,-0.05061,3.670785,2261.132717,254.505814,2:30,5.64107,-2.31937,5.07466,-41.97569,2.25933,3.71457,2.09529,1.4555,74.67012,-7.62288,4.32549,0.47869,,,,,,,,,,,,-0.94866,1.49492,1.96782,50,5.60284,-7.63376,-116.61769,-1.61437,-1.3207,19.68777,-30.09287,MIL_MIL1,LAK_COU10,FranklinField,American Association,AABL,20260721-FranklinField-1,e59c8950-855d-11f1-a17b-7db4bab88cfd,78.74077,,,5.74048,,,,,,,d30aaa50-e40a-4800-9d68-81ee7d48104e,2026-07-21,23:42:50.52,2026-07-21T18:42:50.5260544-05:00,2026-07-21T23:42:50.5260544Z,,v3,,,,"Waddell, Chase",1000233818,Right,MIL_MIL1,d66e24dd-7873-45ce-af95-82aa8d01e349,55.42558,-117.53008,9.84388,5.64534,-0.21977,-15.04644,2.32018,-7.57256,-0.66035,,,,,,,,,,,,,,,,,,,,,,,,,,,,,,,,,,,,,,,,,,,,,,,,,,,High,High,High,,,,,
20,2026-07-21,18:43:06.39,4,5,"Diaz, Juan",673215,Left,MIL_MIL1,"Garcia, Anthony",678803,Right,LAK_COU10,Undefined,1,Top,0,2,2,Fastball,Four-Seam,StrikeCalled,Strikeout,Undefined,Undefined,0,0,,91.73033,-2.747902,2.814494,2001.477196,147.058795,11:00,5.95701,-1.93629,5.29259,-18.19812,15.89993,-9.58154,1.8553,-0.09,83.81168,-6.142929,1.115944,0.420278,,,,,,,,,,,,5.59177,9.06481,1.6873,50,5.69359,-6.08637,-132.85046,-7.01823,9.99092,28.52728,-15.97779,MIL_MIL1,LAK_COU10,FranklinField,American Association,AABL,20260721-FranklinField-1,ef06a980-855d-11f1-a17b-7db4bab88cfd,89.68464,,,7.91864,,,,,,,d30aaa50-e40a-4800-9d68-81ee7d48104e,2026-07-21,23:43:06.39,2026-07-21T18:43:06.3984640-05:00,2026-07-21T23:43:06.3984640Z,,v3,,,,"Waddell, Chase",1000233818,Right,MIL_MIL1,04e66e43-3e2e-48d8-b8b0-7fcc67394711,55.20539,-133.96356,14.26364,5.95527,-6.39479,-7.98889,1.93239,-6.4762,4.99546,,,,,,,,,,,,,,,,,,,,,,,,,,,,,,,,,,,,,,,,,,,,,,,,,,,High,High,High,,,,,
21,2026-07-21,18:43:40.16,5,1,"Diaz, Juan",673215,Left,MIL_MIL1,"Feliciano, Mario",666128,Right,LAK_COU10,Undefined,1,Top,1,0,0,Slider,Slider,InPlay,Undefined,LineDrive,Double,0,3,,81.01244,0.124036,0.891476,2201.23402,249.120295,2:15,5.60525,-1.0689,5.06192,-41.28301,2.28882,2.6887,2.28197,-0.00415,74.89964,-7.35237,1.367166,0.475088,108.8969,21.281098,-14.025257,1737.85772,106.34582,43.01867,-28.11642,350.68288,349.65836,-16.683251,4.607793,-1.12035,1.43146,0.98191,50,5.58393,-1.94148,-117.68213,-1.23917,-1.58249,20.82588,-30.15217,MIL_MIL1,LAK_COU10,FranklinField,American Association,AABL,20260721-FranklinField-1,032eba10-855e-11f1-a17b-7db4bab88cfd,79.33775,65.84113,,6.11281,,,,1.51184,2.33034,0.00099,d30aaa50-e40a-4800-9d68-81ee7d48104e,2026-07-21,23:43:40.16,2026-07-21T18:43:40.1689600-05:00,2026-07-21T23:43:40.1689600Z,LineDrive,v3,,,,"Waddell, Chase",1000233818,Right,MIL_MIL1,1412f004-6e30-462d-bb73-2708ae0272c8,55.43868,-118.64069,10.41294,5.60902,0.14866,-15.07608,1.06959,-1.86864,-0.79124,168.333461,1.51195,144.38244,-35.06926,8.94345,-2.09214,0.42717,-0.06506,0.00607,-0.00025,2.33075,57.95997,-12.93608,-0.71427,0.47797,-0.13731,0.02167,-0.00152,2E-05,0.00077,-36.0624,5.18371,-0.65185,0.01634,0.02051,-0.006,0.00082,-5E-05,,,,,,,,,,,,,,,,,,,,,,,High,High,High,High,High,,,
22,2026-07-21,18:44:29.44,6,1,"Diaz, Juan",673215,Left,MIL_MIL1,"Zimmermann, Peter",1000408665,Right,LAK_COU10,Undefined,1,Top,1,0,0,ChangeUp,Changeup,BallCalled,Undefined,Undefined,Undefined,0,0,,80.70901,-0.781509,0.950106,1591.053579,105.438813,9:30,5.57838,-1.25646,4.96641,-39.51258,4.69319,-12.15367,1.54729,-1.37169,74.46579,-7.932663,-1.197694,0.478532,,,,,,,,,,,,6.27559,2.9361,1.17506,50,5.47043,-1.42918,-117.15774,-3.0392,8.76124,21.21182,-28.07499,MIL_MIL1,LAK_COU10,FranklinField,American Association,AABL,20260721-FranklinField-1,209016d0-855e-11f1-a17b-7db4bab88cfd,78.76681,,,6.24322,,,,,,,d30aaa50-e40a-4800-9d68-81ee7d48104e,2026-07-21,23:44:29.44,2026-07-21T18:44:29.4461952-05:00,2026-07-21T23:44:29.4461952Z,,v3,,,,"Waddell, Chase",1000233818,Right,MIL_MIL1,2656d375-a752-4a0b-900d-6de206fc7f89,55.53272,-118.15521,10.60591,5.5823,-1.71899,-14.0375,1.25195,-1.84117,4.38062,,,,,,,,,,,,,,,,,,,,,,,,,,,,,,,,,,,,,,,,,,,,,,,,,,,High,High,High,,,,,
23,2026-07-21,18:44:44.19,6,2,"Diaz, Juan",673215,Left,MIL_MIL1,"Zimmermann, Peter",1000408665,Right,LAK_COU10,Undefined,1,Top,1,1,0,Fastball,Four-Seam,FoulBallNotFieldable,Undefined,Undefined,Undefined,0,0,,89.43891,-1.3584,1.835847,2012.489746,149.578311,11:00,5.8587,-0.9239,5.44189,-18.30379,17.50914,-9.55788,3.06058,-0.00084,81.08122,-4.816369,0.135464,0.430716,70.37845,21.282874,168.714513,2334.570976,-107.72399,15.28983,22.2584,154.25277,60.70761,168.372317,1.864143,5.38382,9.59304,0.76848,50,5.7264,-3.72988,-129.66233,-3.66669,9.09081,29.17549,-15.97579,MIL_MIL1,LAK_COU10,FranklinField,American Association,AABL,20260721-FranklinField-1,2953e4e0-855e-11f1-a17b-7db4bab88cfd,87.51107,18.46949,,8.35768,,,,0.77824,2.95942,0.00984,d30aaa50-e40a-4800-9d68-81ee7d48104e,2026-07-21,23:44:44.19,2026-07-21T18:44:44.1980928-05:00,2026-07-21T23:44:44.1980928Z,LineDrive,v3,,,,"Waddell, Chase",1000233818,Right,MIL_MIL1,ada0d3c5-0b4d-4ec5-9094-cc435b296293,55.05544,-130.79492,14.58775,5.85671,-3.04652,-7.98789,0.92012,-4.08278,4.5454,7.581446,0.77824,-94.32213,7.21198,-0.2724,0.00096,0.09497,-0.07885,0.03539,-0.00646,2.95942,37.46695,-24.44043,2.53089,-0.53969,0.16134,-0.05679,0.01731,-0.00241,0.00984,18.82249,-0.66839,-0.34047,0.09612,-0.06433,0.03902,-0.01548,0.00261,,,,,,,,,,,,,,,,,,,,,,,High,High,High,High,Low,,,
24,2026-07-21,18:45:01.80,6,3,"Diaz, Juan",673215,Left,MIL_MIL1,"Zimmermann, Peter",1000408665,Right,LAK_COU10,Undefined,1,Top,1,1,1,ChangeUp,Changeup,InPlay,Undefined,GroundBall,Error,0,0,,80.42043,1.269464,1.467212,1650.292022,81.45087,8:45,5.54306,-1.3582,4.94063,-45.05333,-0.20406,-10.87111,2.98895,-0.87719,73.55695,-6.895584,-0.450823,0.482002,69.86018,-59.864835,-86.450178,,,,,1.49986,1.27285,-32.03006,0.03413,5.81851,-0.08028,1.22524,50,5.62892,-2.5297,-116.6404,0.92611,7.99968,22.35144,-32.28443,MIL_MIL1,LAK_COU10,FranklinField,American Association,AABL,20260721-FranklinField-1,33da7190-855e-11f1-a17b-7db4bab88cfd,78.19969,3.03803,,6.86348,,,,1.16234,3.03803,0.96472,d30aaa50-e40a-4800-9d68-81ee7d48104e,2026-07-21,23:45:01.80,2026-07-21T18:45:01.8022912-05:00,2026-07-21T23:45:01.8022912Z,GroundBall,v3,,,,"Waddell, Chase",1000233818,Right,MIL_MIL1,b5098ef2-5547-4cca-9f53-0c9e01d6e71c,55.55911,-117.70085,11.17572,5.54864,2.45783,-16.14222,1.35427,-2.90924,3.99984,,1.16226,3.19934,,,,,,,,3.04023,-89.01283,,,,,,,,0.96599,-51.5728,,,,,,,,,,,,,,,,,,,,,,,,,,,,,,High,High,High,Low,Low,,,
25,2026-07-21,18:45:39.58,7,1,"Diaz, Juan",673215,Left,MIL_MIL1,"Fuecker, Cole",1000116013,Right,LAK_COU10,Undefined,1,Top,1,0,0,Fastball,Four-Seam,StrikeCalled,Undefined,Undefined,Undefined,0,0,,90.08509,-2.411653,2.534091,1997.559428,139.723165,10:45,5.79387,-0.9525,5.33924,-22.71757,12.19579,-9.46875,1.63476,0.63727,83.21456,-6.590317,0.852798,0.425272,,,,,,,,,,,,5.4367,7.04532,0.73104,50,5.55985,-5.36739,-130.70398,-6.33577,9.49492,25.07802,-19.86978,MIL_MIL1,LAK_COU10,FranklinField,American Association,AABL,20260721-FranklinField-1,4a5572d0-855e-11f1-a17b-7db4bab88cfd,88.63126,,,6.87053,,,,,,,d30aaa50-e40a-4800-9d68-81ee7d48104e,2026-07-21,23:45:39.58,2026-07-21T18:45:39.5885568-05:00,2026-07-21T23:45:39.5885568Z,,v3,,,,"Waddell, Chase",1000233818,Right,MIL_MIL1,1655d329-ffa8-41fb-9449-72cb2692a2e3,55.16115,-131.69052,12.53901,5.79371,-5.55412,-9.93489,0.94954,-5.74091,4.74746,,,,,,,,,,,,,,,,,,,,,,,,,,,,,,,,,,,,,,,,,,,,,,,,,,,High,High,High,,,,,
26,2026-07-21,18:46:00.51,7,2,"Diaz, Juan",673215,Left,MIL_MIL1,"Fuecker, Cole",1000116013,Right,LAK_COU10,Undefined,1,Top,1,0,1,ChangeUp,Changeup,BallCalled,Undefined,Undefined,Undefined,0,0,,79.74068,-1.096723,3.314106,1566.484682,75.506206,8:30,5.55578,-1.32263,5.20292,-47.15337,-1.83319,-12.76205,0.59301,0.73426,73.29106,-9.623372,1.05071,0.484526,,,,,,,,,,,,7.40882,-0.26587,1.02584,50,5.41803,-6.18509,-115.56879,-3.87578,9.98261,22.28904,-32.53229,MIL_MIL1,LAK_COU10,FranklinField,American Association,AABL,20260721-FranklinField-1,56d25140-855e-11f1-a17b-7db4bab88cfd,77.7924,,,6.44962,,,,,,,d30aaa50-e40a-4800-9d68-81ee7d48104e,2026-07-21,23:46:00.51,2026-07-21T18:46:00.5135872-05:00,2026-07-21T23:46:00.5135872Z,,v3,,,,"Waddell, Chase",1000233818,Right,MIL_MIL1,dde68526-82d2-4773-93c0-1a03ffbaac80,55.29816,-116.58614,11.14452,5.56104,-2.39091,-16.26615,1.31855,-6.64073,4.99131,,,,,,,,,,,,,,,,,,,,,,,,,,,,,,,,,,,,,,,,,,,,,,,,,,,High,High,High,,,,,
27,2026-07-21,18:46:28.18,7,3,"Diaz, Juan",673215,Left,MIL_MIL1,"Fuecker, Cole",1000116013,Right,LAK_COU10,Undefined,1,Top,1,1,1,Fastball,Four-Seam,StrikeCalled,Undefined,Undefined,Undefined,0,0,,90.23054,-1.106853,2.355568,1947.269906,149.671069,11:00,5.84628,-0.84162,5.51031,-19.63883,15.24883,-8.26166,3.17365,0.67392,82.30857,-4.788563,0.884644,0.425116,,,,,,,,,,,,4.81433,8.3378,0.64175,50,5.73671,-5.00917,-130.86416,-3.18695,8.34148,27.83772,-17.72766,MIL_MIL1,LAK_COU10,FranklinField,American Association,AABL,20260721-FranklinField-1,67506ca0-855e-11f1-a17b-7db4bab88cfd,88.66391,,,7.92197,,,,,,,d30aaa50-e40a-4800-9d68-81ee7d48104e,2026-07-21,23:46:28.18,2026-07-21T18:46:28.1813504-05:00,2026-07-21T23:46:28.1813504Z,,v3,,,,"Waddell, Chase",1000233818,Right,MIL_MIL1,9c140522-c8e8-4ddf-beb5-9c7135f10189,54.98648,-131.92063,13.91886,5.8449,-2.51417,-8.86383,0.83786,-5.32574,4.17074,,,,,,,,,,,,,,,,,,,,,,,,,,,,,,,,,,,,,,,,,,,,,,,,,,,High,High,High,,,,,
28,2026-07-21,18:46:49.73,7,4,"Diaz, Juan",673215,Left,MIL_MIL1,"Fuecker, Cole",1000116013,Right,LAK_COU10,Undefined,1,Top,1,1,2,Fastball,Four-Seam,FoulBallNotFieldable,Undefined,Undefined,Undefined,0,0,,90.34946,-1.258301,2.092514,1935.746381,152.332166,11:00,5.94343,-0.67281,5.68798,-19.60375,14.85395,-7.22103,3.13603,0.6766,82.67833,-4.936513,0.802197,0.422488,70.66734,18.29856,170.694206,2064.575564,-108.60016,10.38735,17.49138,142.57735,62.44864,170.738035,1.627185,4.26646,8.23146,0.50147,50,5.8254,-4.48063,-131.15298,-3.52666,7.44009,27.43033,-17.81963,MIL_MIL1,LAK_COU10,FranklinField,American Association,AABL,20260721-FranklinField-1,7426b5b0-855e-11f1-a17b-7db4bab88cfd,89.21536,14.86396,,7.67113,,,,0.38136,3.14798,-0.65834,d30aaa50-e40a-4800-9d68-81ee7d48104e,2026-07-21,23:46:49.73,2026-07-21T18:46:49.7392640-05:00,2026-07-21T23:46:49.7392640Z,LineDrive,v3,,,,"Waddell, Chase",1000233818,Right,MIL_MIL1,21cbcee3-1be3-417d-9f9b-a2cbad3de79f,54.81083,-132.15533,13.71516,5.94237,-2.87551,-8.90982,0.67016,-4.7525,3.72004,2.476555,0.38138,-97.11063,7.16505,-0.834,0.38714,-0.17325,0.05323,-0.00508,-0.00067,3.14801,32.53762,-23.94628,1.99146,-0.15376,0.04684,-0.11792,0.06972,-0.01307,-0.65834,15.91275,-0.93821,0.10739,-0.0722,0.03115,-0.00445,-0.00223,0.00071,,,,,,,,,,,,,,,,,,,,,,,High,High,High,High,Low,,,
29,2026-07-21,18:47:10.17,7,5,"Diaz, Juan",673215,Left,MIL_MIL1,"Fuecker, Cole",1000116013,Right,LAK_COU10,Undefined,1,Top,1,1,2,ChangeUp,Changeup,InPlay,Undefined,LineDrive,Single,0,0,,81.01564,-0.785358,1.839682,1693.671868,99.978484,9:15,5.65907,-1.23144,5.12229,-40.16841,3.63914,-12.8443,1.57154,-0.56839,74.46549,-8.079738,-0.436076,0.476372,77.3039,9.980839,-26.938338,1272.510773,,,,110.56572,109.16342,-27.937402,1.143854,6.95839,2.40043,1.06912,50,5.55389,-3.24749,-117.55555,-3.04717,9.73632,22.30358,-28.81533,MIL_MIL1,LAK_COU10,FranklinField,American Association,AABL,20260721-FranklinField-1,8058cf80-855e-11f1-a17b-7db4bab88cfd,79.12402,6.51861,,6.55015,,,,1.72689,1.61641,0.8391,d30aaa50-e40a-4800-9d68-81ee7d48104e,2026-07-21,23:47:10.17,2026-07-21T18:47:10.1795328-05:00,2026-07-21T23:47:10.1795328Z,GroundBall,v3,,,,"Waddell, Chase",1000233818,Right,MIL_MIL1,0316eced-6ede-4694-9a60-40c926319ec6,55.37769,-118.57145,11.15179,5.66279,-1.73466,-14.40767,1.22714,-3.69097,4.86816,69.020717,1.87793,97.70225,-12.29345,,,,,,,1.74107,18.14025,-17.27392,,,,,,,0.81685,-50.32003,3.79157,,,,,,,,,,,,,,,,,,,,,,,,,,,,,High,High,High,High,High,,,
30,2026-07-21,18:47:47.35,8,1,"Diaz, Juan",673215,Left,MIL_MIL1,"Snider, Jake",686744,Left,LAK_COU10,Undefined,1,Top,1,0,0,Sinker,Sinker,StrikeCalled,Undefined,Undefined,Undefined,0,0,,90.31607,-1.937198,4.26425,1926.707908,134.121523,10:30,5.81472,-2.34365,5.42622,-21.98544,12.79099,-12.11123,2.16249,0.64838,83.13256,-6.00187,2.116971,0.424438,,,,,,,,,,,,7.1893,7.25351,1.97359,50,5.62728,-9.21227,-130.82463,-5.21884,12.56345,25.44607,-19.49843,MIL_MIL1,LAK_COU10,FranklinField,American Association,AABL,20260721-FranklinField-1,96833fc0-855e-11f1-a17b-7db4bab88cfd,88.80557,,,7.18351,,,,,,,d30aaa50-e40a-4800-9d68-81ee7d48104e,2026-07-21,23:47:47.35,2026-07-21T18:47:47.3590272-05:00,2026-07-21T23:47:47.3590272Z,,v3,,,,"Waddell, Chase",1000233818,Right,MIL_MIL1,baf0c89f-0ff7-4537-ba60-dffbda742bf4,55.07297,-131.80766,12.72304,5.81434,-4.46558,-9.74921,2.33885,-9.69762,6.28173,,,,,,,,,,,,,,,,,,,,,,,,,,,,,,,,,,,,,,,,,,,,,,,,,,,High,High,High,,,,,
31,2026-07-21,18:48:01.70,8,2,"Diaz, Juan",673215,Left,MIL_MIL1,"Snider, Jake",686744,Left,LAK_COU10,Undefined,1,Top,1,0,1,Slider,Slider,FoulBallNotFieldable,Undefined,Undefined,Undefined,0,0,,80.95221,0.553796,2.403581,2149.463171,252.305974,2:30,5.64592,-2.31395,5.09363,-40.77286,3.07417,5.48996,2.77055,0.41003,74.48917,-6.847411,3.373288,0.476586,92.29705,31.737651,-26.958415,4504.034553,92.11862,63.44714,-60.11777,290.29484,159.02242,-43.907415,4.896643,-2.10162,1.73622,2.08217,50,5.66611,-5.15576,-117.44117,-0.32691,-2.94302,21.68298,-29.74268,MIL_MIL1,LAK_COU10,FranklinField,American Association,AABL,20260721-FranklinField-1,9f11cd00-855e-11f1-a17b-7db4bab88cfd,79.08838,78.66871,,6.46304,,,,1.6919,2.88771,-0.40523,d30aaa50-e40a-4800-9d68-81ee7d48104e,2026-07-21,23:48:01.70,2026-07-21T18:48:01.7003008-05:00,2026-07-21T23:48:01.7003008Z,FlyBall,v3,,,,"Waddell, Chase",1000233818,Right,MIL_MIL1,36d3cd25-8ca0-40ea-992f-48e05706a238,55.4061,-118.43508,10.84149,5.64985,1.03645,-14.87134,2.31541,-5.02085,-1.47151,143.557516,1.69725,102.50457,-30.35672,7.71591,-1.40347,0.15251,-0.01052,0.0014,-0.00013,2.8896,71.15888,-17.71869,-0.37726,0.92786,-0.43118,0.11311,-0.01522,0.00081,-0.40616,-52.17233,1.18931,1.52521,-0.79559,0.25382,-0.05265,0.00613,-0.0003,,,,,,,,,,,,,,,,,,,,,,,High,High,High,High,Low,,,
32,2026-07-21,18:48:36.40,8,3,"Diaz, Juan",673215,Left,MIL_MIL1,"Snider, Jake",686744,Left,LAK_COU10,Undefined,1,Top,1,0,2,Slider,Slider,BallCalled,Undefined,Undefined,Undefined,0,0,,80.90194,0.032702,3.814867,2300.246749,275.531475,3:15,5.69851,-2.25203,5.06549,-43.08813,0.84043,4.52496,2.13874,1.7274,74.81764,-7.74123,4.612047,0.477029,,,,,,,,,,,,-1.25945,0.78917,1.88548,50,5.6673,-8.00654,-117.25086,-1.50296,-1.76396,20.90612,-31.06877,MIL_MIL1,LAK_COU10,FranklinField,American Association,AABL,20260721-FranklinField-1,b3bf3a30-855e-11f1-a17b-7db4bab88cfd,79.01496,,,6.08431,,,,,,,d30aaa50-e40a-4800-9d68-81ee7d48104e,2026-07-21,23:48:36.40,2026-07-21T18:48:36.4006912-05:00,2026-07-21T23:48:36.4006912Z,,v3,,,,"Waddell, Chase",1000233818,Right,MIL_MIL1,52a990c8-90e0-42ee-8421-0eeecbf2d692,55.43421,-118.21583,10.45306,5.70358,-0.06892,-15.53439,2.25316,-7.92512,-0.88198,,,,,,,,,,,,,,,,,,,,,,,,,,,,,,,,,,,,,,,,,,,,,,,,,,,High,High,High,,,,,
33,2026-07-21,18:48:51.50,8,4,"Diaz, Juan",673215,Left,MIL_MIL1,"Snider, Jake",686744,Left,LAK_COU10,Undefined,1,Top,1,1,2,Fastball,Four-Seam,InPlay,Undefined,GroundBall,FieldersChoice,1,2,,90.81844,-2.245342,3.297786,1961.758362,155.419246,11:15,5.93593,-1.94925,5.47404,-18.40418,15.98879,-6.82591,2.29657,0.5713,83.33947,-5.682651,2.084987,0.422091,90.3629,-5.482989,9.979963,,,,,25.19942,23.62538,8.443639,0.181104,4.35709,9.00721,1.66423,50,5.72604,-7.28547,-131.63904,-5.79315,7.67596,26.90137,-16.30589,MIL_MIL1,LAK_COU10,FranklinField,American Association,AABL,20260721-FranklinField-1,bcb6e980-855e-11f1-a17b-7db4bab88cfd,89.29931,2.63651,,7.47897,,,,1.97224,2.63651,-0.47806,d30aaa50-e40a-4800-9d68-81ee7d48104e,2026-07-21,23:48:51.50,2026-07-21T18:48:51.5044864-05:00,2026-07-21T23:48:51.5044864Z,GroundBall,v3,,,,"Waddell, Chase",1000233818,Right,MIL_MIL1,46aca486-d0cd-468b-a5e0-469f6a5656c3,55.02562,-132.66208,13.45069,5.93456,-5.17305,-8.15294,1.94684,-7.57738,3.83798,229.324589,1.97307,129.86846,-17.29777,,,,,,,2.63656,-12.66668,-10.44589,,,,,,,-0.47819,22.87307,1.10084,,,,,,,,,,,,,,,,,,,,,,,,,,,,,High,High,High,High,High,,,
34,2026-07-21,18:49:33.31,9,1,"Diaz, Juan",673215,Left,MIL_MIL1,"Roberts, Brett",689355,Right,LAK_COU10,Undefined,1,Top,2,0,0,ChangeUp,Changeup,InPlay,Undefined,GroundBall,Out,1,0,,81.37659,0.199423,1.822724,1695.509083,91.829385,9:00,5.56078,-1.14077,5.08286,-41.67546,1.67138,-11.03233,2.2759,-0.34146,74.89051,-7.360432,-0.129437,0.47386,80.56832,-36.009593,-30.021019,,,,,4.4318,1.7452,-17.255748,0.033415,6.01646,1.12709,0.97744,50,5.54657,-3.30102,-118.12506,-1.10375,8.52703,21.8538,-30.57662,MIL_MIL1,LAK_COU10,FranklinField,American Association,AABL,20260721-FranklinField-1,d5ad4b00-855e-11f1-a17b-7db4bab88cfd,79.54342,2.32739,,6.48608,,,,1.45969,2.32739,0.2875,d30aaa50-e40a-4800-9d68-81ee7d48104e,2026-07-21,23:49:33.31,2026-07-21T18:49:33.3123584-05:00,2026-07-21T23:49:33.3123584Z,GroundBall,v3,,,,"Waddell, Chase",1000233818,Right,MIL_MIL1,47c23bfc-863c-4c5c-924b-22084a7cbe90,55.41749,-119.1231,10.9269,5.5651,0.29266,-15.28831,1.13708,-3.69045,4.26351,,1.45856,82.97479,,,,,,,,2.32834,-69.65006,,,,,,,,0.28816,-47.94611,,,,,,,,,,,,,,,,,,,,,,,,,,,,,,High,High,High,Low,Low,,,
35,2026-07-21,18:52:23.52,1,1,"Anderson , Shane ",10991107,Right,LAK_COU10,"Valdes, Yordys",686798,Left,MIL_MIL1,Undefined,1,Bottom,0,0,0,Fastball,Four-Seam,BallCalled,Undefined,Undefined,Undefined,0,0,,88.00123,-2.94537,-2.626305,2535.714766,197.450096,12:30,5.52953,2.56122,5.9305,-17.41277,18.50666,5.47331,1.34046,0.57893,81.01552,-6.231519,-1.644521,0.431356,,,,,,,,,,,,-3.50402,10.61497,-2.35448,50,5.28399,5.63363,-127.65858,-7.08321,-5.81862,24.73949,-14.54742,MIL_MIL1,LAK_COU10,FranklinField,American Association,AABL,20260721-FranklinField-1,3b197ef0-855f-11f1-a17b-7db4bab88cfd,87.38124,,,6.98571,,,,,,,d30aaa50-e40a-4800-9d68-81ee7d48104e,2026-07-21,23:52:23.52,2026-07-21T18:52:23.5278336-05:00,2026-07-21T23:52:23.5278336Z,,v3,,,,"Feliciano, Mario",666128,Right,LAK_COU10,db85b700-b78e-4431-9210-c8f6c0fa0b64,54.56852,-128.54088,12.36974,5.52735,-6.56439,-7.27371,-2.5591,5.84114,-2.90931,,,,,,,,,,,,,,,,,,,,,,,,,,,,,,,,,,,,,,,,,,,,,,,,,,,High,High,High,,,,,
36,2026-07-21,18:52:37.92,1,2,"Anderson , Shane ",10991107,Right,LAK_COU10,"Valdes, Yordys",686798,Left,MIL_MIL1,Undefined,1,Bottom,0,1,0,Fastball,Four-Seam,FoulBallNotFieldable,Undefined,Undefined,Undefined,0,0,,87.43311,-0.791773,-3.069156,2541.405168,201.430031,12:45,5.51268,2.55049,5.97335,-20.05926,16.04682,5.89532,3.10596,0.19377,80.71163,-4.561034,-2.011781,0.432475,80.13416,61.733308,62.620821,4234.057883,,,,,58.78708,,,-3.82315,8.78642,-2.31086,50,5.43874,6.57892,-127.0198,-2.36663,-6.31225,23.43285,-17.66708,MIL_MIL1,LAK_COU10,FranklinField,American Association,AABL,20260721-FranklinField-1,43b070a0-855f-11f1-a17b-7db4bab88cfd,87.1551,109.22032,,6.72147,,,,3.35042,3.25767,-0.26235,d30aaa50-e40a-4800-9d68-81ee7d48104e,2026-07-21,23:52:37.92,2026-07-21T18:52:37.9248640-05:00,2026-07-21T23:52:37.9248640Z,,v3,,,,"Feliciano, Mario",666128,Right,LAK_COU10,0c51af92-6cdc-41f1-bc21-4373b1677343,54.52704,-127.85223,11.71642,5.51166,-1.73903,-8.83354,-2.54855,6.80315,-3.15612,,3.35042,25.59646,-11.88977,4.02466,-1.05455,0.25379,-0.05584,0.00948,-0.00087,3.25767,103.5148,-25.02529,2.20067,-0.18669,-0.03108,0.01722,-0.00417,0.00047,-0.26235,49.42455,-13.89249,4.16827,-1.002,0.22615,-0.04749,0.0078,-0.00071,,,,,,,,,,,,,,,,,,,,,,,High,High,High,Medium,Undefined,,,
37,2026-07-21,18:53:09.46,1,3,"Anderson , Shane ",10991107,Right,LAK_COU10,"Valdes, Yordys",686798,Left,MIL_MIL1,Undefined,1,Bottom,0,1,1,Fastball,Four-Seam,InPlay,Undefined,GroundBall,Out,1,0,,87.9357,-2.079469,-3.293708,2437.873181,212.872998,1:00,5.57103,2.48551,5.98497,-20.20005,15.62284,9.40867,1.95631,0.21342,81.05665,-5.870131,-1.605441,0.430776,75.81613,13.222963,20.223547,1038.072351,,,,137.10078,135.96867,21.571372,1.561801,-5.72327,8.90989,-2.2307,50,5.39538,6.9713,-127.62436,-5.25816,-9.51414,24.3223,-17.36261,MIL_MIL1,LAK_COU10,FranklinField,American Association,AABL,20260721-FranklinField-1,567dfa40-855f-11f1-a17b-7db4bab88cfd,87.49889,10.98902,,6.87905,,,,1.98616,2.0537,-0.23198,d30aaa50-e40a-4800-9d68-81ee7d48104e,2026-07-21,23:53:09.46,2026-07-21T18:53:09.4632448-05:00,2026-07-21T23:53:09.4632448Z,LineDrive,v3,,,,"Feliciano, Mario",666128,Right,LAK_COU10,13f68337-1689-41a9-b7fe-968318882ef8,54.51521,-128.48197,12.16115,5.56999,-4.64594,-8.68131,-2.48242,7.30677,-4.75707,234.136824,1.98616,101.57525,-17.77632,3.58296,-0.7581,0.15645,-0.03195,0.00524,-0.00045,2.0537,25.43527,-19.13882,1.65219,-0.30795,0.05994,-0.01011,0.00171,-0.00016,-0.23198,37.41982,-4.69726,1.36756,-0.36012,0.08584,-0.01886,0.00321,-0.00029,,,,,,,,,,,,,,,,,,,,,,,High,High,High,High,High,,,
38,2026-07-21,18:53:56.08,2,1,"Anderson , Shane ",10991107,Right,LAK_COU10,"Rivas, Jeremy",692405,Right,MIL_MIL1,Undefined,1,Bottom,1,0,0,Fastball,Four-Seam,BallCalled,Undefined,Undefined,Undefined,0,0,,88.93115,-0.655754,-1.923929,2404.785533,196.157373,12:30,5.73421,2.27523,6.0529,-19.3193,15.63509,4.22362,3.5169,0.84562,81.5929,-4.307927,-1.16416,0.425522,,,,,,,,,,,,-2.67791,8.54926,-2.12783,50,5.67271,4.1653,-129.20874,-2.05541,-4.54802,25.75816,-17.65454,MIL_MIL1,LAK_COU10,FranklinField,American Association,AABL,20260721-FranklinField-1,724492c0-855f-11f1-a17b-7db4bab88cfd,88.57928,,,7.33825,,,,,,,d30aaa50-e40a-4800-9d68-81ee7d48104e,2026-07-21,23:53:56.08,2026-07-21T18:53:56.0834560-05:00,2026-07-21T23:53:56.0834560Z,,v3,,,,"Feliciano, Mario",666128,Right,LAK_COU10,8de856c1-fd25-4278-b226-6b78d0ade97d,54.44457,-130.09176,12.87908,5.7328,-1.4502,-8.82727,-2.27329,4.32121,-2.27401,,,,,,,,,,,,,,,,,,,,,,,,,,,,,,,,,,,,,,,,,,,,,,,,,,,High,High,High,,,,,
39,2026-07-21,18:54:14.20,2,2,"Anderson , Shane ",10991107,Right,LAK_COU10,"Rivas, Jeremy",692405,Right,MIL_MIL1,Undefined,1,Bottom,1,1,0,Fastball,Four-Seam,StrikeCalled,Undefined,Undefined,Undefined,0,0,,88.6844,-2.392473,-3.50316,2519.063812,203.317415,12:45,5.61635,2.22976,5.96246,-19.55576,15.77351,6.34032,1.76286,-0.49421,81.6722,-6.061956,-2.366628,0.427798,,,,,,,,,,,,-4.17933,9.06115,-1.95521,50,5.41519,7.61626,-128.61982,-5.98272,-7.04878,24.9741,-16.8917,MIL_MIL1,LAK_COU10,FranklinField,American Association,AABL,20260721-FranklinField-1,7d12fde0-855f-11f1-a17b-7db4bab88cfd,88.10804,,,7.0122,,,,,,,d30aaa50-e40a-4800-9d68-81ee7d48104e,2026-07-21,23:54:14.20,2026-07-21T18:54:14.2025216-05:00,2026-07-21T23:54:14.2025216Z,,v3,,,,"Feliciano, Mario",666128,Right,LAK_COU10,793638fc-510d-40f5-a7d4-c2d342132fb2,54.5368,-129.49774,12.48705,5.61506,-5.38892,-8.44585,-2.2273,7.86405,-3.52439,,,,,,,,,,,,,,,,,,,,,,,,,,,,,,,,,,,,,,,,,,,,,,,,,,,High,High,High,,,,,
40,2026-07-21,18:54:30.94,2,3,"Anderson , Shane ",10991107,Right,LAK_COU10,"Rivas, Jeremy",692405,Right,MIL_MIL1,Undefined,1,Bottom,1,1,1,Fastball,Four-Seam,FoulBallNotFieldable,Undefined,Undefined,Undefined,0,0,,88.75215,-1.209182,-3.017096,2523.647035,197.384403,12:30,5.62424,2.30979,5.88141,-19.24174,16.04481,4.69701,2.89612,-0.10323,81.68965,-4.825984,-2.176033,0.427539,80.19684,42.905676,78.776107,5048.305532,10.48779,82.97171,109.4988,266.78801,98.64122,91.314625,4.99903,-3.19323,8.86154,-2.06882,50,5.51536,6.5985,-128.85386,-3.31899,-5.40874,24.90197,-17.16423,MIL_MIL1,LAK_COU10,FranklinField,American Association,AABL,20260721-FranklinField-1,8715dba0-855f-11f1-a17b-7db4bab88cfd,88.16131,90.95384,,7.0625,,,,1.43736,2.89787,0.10245,d30aaa50-e40a-4800-9d68-81ee7d48104e,2026-07-21,23:54:30.94,2026-07-21T18:54:30.9450240-05:00,2026-07-21T23:54:30.9450240Z,FlyBall,v3,,,,"Feliciano, Mario",666128,Right,LAK_COU10,7b285c56-5d47-42fe-8758-f0122d925837,54.61785,-129.74322,12.45098,5.62295,-2.70598,-8.58212,-2.30793,6.79167,-2.70437,,1.44261,16.65686,-9.95578,2.10038,0.11513,-0.21784,0.05899,-0.0068,0.00029,2.89661,80.09034,-21.0164,1.65005,-0.14207,-0.07894,0.04115,-0.0072,0.00044,0.1084,84.37754,-13.57242,2.12619,0.28906,-0.29878,0.08061,-0.00983,0.00046,,,,,,,,,,,,,,,,,,,,,,,High,High,High,Medium,Low,,,
41,2026-07-21,18:54:50.99,2,4,"Anderson , Shane ",10991107,Right,LAK_COU10,"Rivas, Jeremy",692405,Right,MIL_MIL1,Undefined,1,Bottom,1,1,2,Fastball,Four-Seam,FoulBallNotFieldable,Undefined,Undefined,Undefined,0,0,,89.82858,-1.542686,-3.304462,2576.907803,209.971356,1:00,5.60982,2.18297,5.98651,-19.70395,14.24036,7.70174,2.53531,-0.24128,83.62192,-5.218598,-1.922759,0.419329,90.18628,27.846546,27.859354,5146.059735,90.25979,51.27723,62.87383,278.76723,171.35931,50.634535,4.368766,-4.73201,7.9702,-1.92641,50,5.47683,7.22802,-130.54437,-4.14869,-8.32557,22.44227,-18.15115,MIL_MIL1,LAK_COU10,FranklinField,American Association,AABL,20260721-FranklinField-1,92fda600-855f-11f1-a17b-7db4bab88cfd,89.88748,62.64186,,6.20666,,,,0.79084,2.56089,0.24284,d30aaa50-e40a-4800-9d68-81ee7d48104e,2026-07-21,23:54:50.99,2026-07-21T18:54:50.9981184-05:00,2026-07-21T23:54:50.9981184Z,FlyBall,v3,,,,"Feliciano, Mario",666128,Right,LAK_COU10,c035ca36-7fa9-433b-8da8-1539e4a8cbc9,54.5146,-131.31819,11.22113,5.60909,-3.52282,-9.07558,-2.18058,7.51509,-4.16279,228.610654,0.7947,103.30685,-26.37152,4.78308,-0.2332,-0.29623,0.11436,-0.01871,0.0012,2.5611,61.78001,-17.6888,1.0758,-0.11908,0.02517,-0.00649,0.00154,-0.00017,0.24026,54.72221,1.87447,-1.25655,-0.28535,0.39063,-0.14336,0.02457,-0.00167,,,,,,,,,,,,,,,,,,,,,,,High,High,High,High,Medium,,,
42,2026-07-21,18:55:18.73,2,5,"Anderson , Shane ",10991107,Right,LAK_COU10,"Rivas, Jeremy",692405,Right,MIL_MIL1,Undefined,1,Bottom,1,1,2,Fastball,Four-Seam,FoulBallNotFieldable,Undefined,Undefined,Undefined,0,0,,89.78381,-1.371512,-2.04694,2526.387577,186.939469,12:15,5.67717,2.14363,5.9539,-17.30229,16.87765,1.9378,2.96232,0.40599,83.03038,-4.631686,-1.699079,0.420782,73.93082,69.372613,90.58164,6515.047963,,,,,8.26219,,,-1.49973,9.32489,-1.98204,50,5.55835,4.58577,-130.51782,-3.65283,-2.61876,24.30423,-15.89112,MIL_MIL1,LAK_COU10,FranklinField,American Association,AABL,20260721-FranklinField-1,a3884480-855f-11f1-a17b-7db4bab88cfd,89.57716,25.42047,,6.75343,,,,1.22342,3.05697,-0.41002,d30aaa50-e40a-4800-9d68-81ee7d48104e,2026-07-21,23:55:18.73,2026-07-21T18:55:18.7336704-05:00,2026-07-21T23:55:18.7336704Z,,v3,,,,"Feliciano, Mario",666128,Right,LAK_COU10,53600d6d-6bd5-422c-9705-dca077c94311,54.54605,-131.36162,12.15211,5.67559,-3.10112,-7.94556,-2.14283,4.67669,-1.30938,339.349438,1.22678,-0.57771,-11.76486,,,,,,,3.0593,101.34937,-28.49825,,,,,,,-0.40901,38.14072,-6.34871,,,,,,,,,,,,,,,,,,,,,,,,,,,,,High,High,High,Medium,Undefined,,,
43,2026-07-21,18:55:39.02,2,6,"Anderson , Shane ",10991107,Right,LAK_COU10,"Rivas, Jeremy",692405,Right,MIL_MIL1,Undefined,1,Bottom,1,1,2,Fastball,Four-Seam,FoulBallNotFieldable,Undefined,Undefined,Undefined,0,0,,89.0846,-1.829808,-2.472481,2466.706053,189.595062,12:15,5.5512,2.22275,5.99199,-18.51804,16.35631,2.59008,2.31014,0.14585,82.04568,-5.318225,-2.007357,0.425035,70.32602,49.223761,140.772711,5226.89854,-94.46542,69.59674,56.35853,202.4313,63.34904,152.467853,4.053596,-1.97886,9.22111,-2.02929,50,5.3966,5.48159,-129.37708,-4.69633,-3.37744,25.22653,-16.43567,MIL_MIL1,LAK_COU10,FranklinField,American Association,AABL,20260721-FranklinField-1,af9f0e20-855f-11f1-a17b-7db4bab88cfd,88.68084,69.60198,,7.03892,,,,1.75876,2.17682,-0.26903,d30aaa50-e40a-4800-9d68-81ee7d48104e,2026-07-21,23:55:39.02,2026-07-21T18:55:39.0233088-05:00,2026-07-21T23:55:39.0233088Z,Popup,v3,,,,"Feliciano, Mario",666128,Right,LAK_COU10,06a26ad4-d2a7-4592-9fc6-620d1766ac97,54.5074,-130.25299,12.61327,5.54976,-4.12565,-8.21783,-2.22166,5.59886,-1.68872,322.807319,1.75214,-51.99957,-3.49143,4.41362,-2.71987,1.14411,-0.26333,0.03,-0.00132,2.17751,78.07102,-26.92983,2.66738,0.45185,-0.66431,0.25461,-0.0436,0.00282,-0.26883,42.5756,-9.00879,1.36513,0.6095,-0.67647,0.25453,-0.0434,0.00282,,,,,,,,,,,,,,,,,,,,,,,High,High,High,High,Low,,,
44,2026-07-21,18:56:05.49,2,7,"Anderson , Shane ",10991107,Right,LAK_COU10,"Rivas, Jeremy",692405,Right,MIL_MIL1,Undefined,1,Bottom,1,1,2,Fastball,Four-Seam,InPlay,Undefined,FlyBall,Out,1,0,,89.9754,-1.594977,-2.466715,2516.241355,195.768237,12:30,5.55283,2.37197,5.96442,-16.92899,17.71158,4.67288,2.66145,0.47281,81.79031,-4.825648,-1.628004,0.423608,83.40772,44.540037,4.662739,,107.47358,94.75722,23.439,224.79086,163.0084,18.111835,5.274545,-3.14024,9.9239,-2.17897,50,5.41692,5.42717,-130.5157,-4.12825,-5.38324,29.04793,-15.16161,MIL_MIL1,LAK_COU10,FranklinField,American Association,AABL,20260721-FranklinField-1,bf66d1d0-855f-11f1-a17b-7db4bab88cfd,88.97956,100.11892,,8.18509,,,,1.55937,2.78147,-0.45768,d30aaa50-e40a-4800-9d68-81ee7d48104e,2026-07-21,23:56:05.49,2026-07-21T18:56:05.4923264-05:00,2026-07-21T23:56:05.4923264Z,FlyBall,v3,,,,"Feliciano, Mario",666128,Right,LAK_COU10,55c06cd2-655f-4ff4-bc9c-b0395bed9334,54.53337,-131.52079,14.52396,5.55069,-3.60365,-7.5808,-2.36998,5.61344,-2.69162,204.143201,1.56379,86.79479,-24.35005,6.04941,-0.73815,-0.11325,0.06266,-0.00939,0.00049,2.77159,85.9912,-22.32244,2.14382,-0.58469,0.17069,-0.02638,0.00161,-2E-05,-0.46028,7.15024,6.21374,-2.34305,0.38396,0.0294,-0.02515,0.00403,-0.00022,,,,,,,,,,,,,,,,,,,,,,,High,High,High,High,Low,,,
45,2026-07-21,18:56:42.86,3,1,"Anderson , Shane ",10991107,Right,LAK_COU10,"Blake, Andy",701544,Right,MIL_MIL1,Undefined,1,Bottom,2,0,0,Fastball,Four-Seam,StrikeCalled,Undefined,Undefined,Undefined,0,0,,89.06504,-1.793742,-3.616031,2548.672628,188.783816,12:15,5.67251,2.21503,5.82578,-18.99009,16.3295,2.35449,2.41862,-0.9548,81.71026,-5.362545,-3.195393,0.427739,,,,,,,,,,,,-2.17055,9.15697,-1.92064,50,5.51443,8.05953,-129.11205,-4.63876,-3.67714,25.97182,-16.66119,MIL_MIL1,LAK_COU10,FranklinField,American Association,AABL,20260721-FranklinField-1,d5b1e970-855f-11f1-a17b-7db4bab88cfd,88.12014,,,7.35477,,,,,,,d30aaa50-e40a-4800-9d68-81ee7d48104e,2026-07-21,23:56:42.86,2026-07-21T18:56:42.8611072-05:00,2026-07-21T23:56:42.8611072Z,,v3,,,,"Feliciano, Mario",666128,Right,LAK_COU10,64a2580c-5fe0-44a7-ac3c-b1a298e460b8,54.67188,-130.04843,12.98591,5.67084,-4.03806,-8.3306,-2.21361,8.1921,-1.83857,,,,,,,,,,,,,,,,,,,,,,,,,,,,,,,,,,,,,,,,,,,,,,,,,,,High,High,High,,,,,
46,2026-07-21,18:56:59.38,3,2,"Anderson , Shane ",10991107,Right,LAK_COU10,"Blake, Andy",701544,Right,MIL_MIL1,Undefined,1,Bottom,2,0,1,Fastball,Four-Seam,BallCalled,Undefined,Undefined,Undefined,0,0,,88.9691,-0.046227,-1.9668,2475.258929,199.138649,12:45,5.65728,2.16247,5.83933,-18.0793,17.33454,5.6228,4.10768,0.80239,81.06942,-3.48116,-0.959569,0.42831,,,,,,,,,,,,-3.40894,9.19312,-2.00544,50,5.64288,4.19207,-129.14226,-0.64093,-5.75019,27.19018,-16.66711,MIL_MIL1,LAK_COU10,FranklinField,American Association,AABL,20260721-FranklinField-1,df85c7f0-855f-11f1-a17b-7db4bab88cfd,88.00278,,,7.89968,,,,,,,d30aaa50-e40a-4800-9d68-81ee7d48104e,2026-07-21,23:56:59.38,2026-07-21T18:56:59.3890304-05:00,2026-07-21T23:56:59.3890304Z,,v3,,,,"Feliciano, Mario",666128,Right,LAK_COU10,de4f80f4-8c96-4daf-8612-c98a57a3995e,54.65691,-130.11905,13.59509,5.65515,-0.04217,-8.33356,-2.15975,4.39865,-2.8751,,,,,,,,,,,,,,,,,,,,,,,,,,,,,,,,,,,,,,,,,,,,,,,,,,,High,High,High,,,,,
47,2026-07-21,18:57:15.94,3,3,"Anderson , Shane ",10991107,Right,LAK_COU10,"Blake, Andy",701544,Right,MIL_MIL1,Undefined,1,Bottom,2,1,1,Fastball,Four-Seam,FoulBallNotFieldable,Undefined,Undefined,Undefined,0,0,,89.75618,-1.601856,-3.625868,2574.729123,194.814114,12:30,5.53204,2.25155,6.02331,-17.20316,17.14836,4.26729,2.61148,-0.75555,82.64316,-4.854472,-2.86064,0.421837,85.89152,54.062328,27.766758,,82.90753,120.67556,72.2933,212.14972,184.83706,47.275662,5.59877,-3.1415,9.57438,-1.96985,50,5.39703,8.08061,-130.24747,-4.15901,-5.43825,25.37537,-15.59977,MIL_MIL1,LAK_COU10,FranklinField,American Association,AABL,20260721-FranklinField-1,e9642dc0-855f-11f1-a17b-7db4bab88cfd,89.35315,122.86051,,7.11302,,,,1.80934,2.85158,0.76202,d30aaa50-e40a-4800-9d68-81ee7d48104e,2026-07-21,23:57:15.94,2026-07-21T18:57:15.9430656-05:00,2026-07-21T23:57:15.9430656Z,FlyBall,v3,,,,"Feliciano, Mario",666128,Right,LAK_COU10,db469250-ac33-4379-a496-bcd4fd3eda53,54.47633,-131.11667,12.68768,5.53034,-3.62466,-7.79989,-2.24983,8.26689,-2.71912,206.045656,1.81278,65.26694,-22.00669,5.22398,0.00565,-0.49438,0.15949,-0.02126,0.00105,2.82562,102.45522,-28.08986,4.79898,-1.77924,0.52629,-0.08936,0.00757,-0.00025,0.75215,34.64393,-0.47992,0.03313,-0.53664,0.31542,-0.08035,0.00973,-0.00046,,,,,,,,,,,,,,,,,,,,,,,High,High,High,High,Low,,,
48,2026-07-21,18:58:01.47,3,4,"Anderson , Shane ",10991107,Right,LAK_COU10,"Blake, Andy",701544,Right,MIL_MIL1,Undefined,1,Bottom,2,1,2,Fastball,Four-Seam,InPlay,Undefined,LineDrive,Out,1,0,,90.0011,-0.773714,-3.074201,2404.656358,184.342068,12:15,5.55721,2.30376,5.86445,-17.06906,17.4684,1.24465,3.41497,-0.45106,82.31093,-4.011397,-2.851527,0.422977,102.65206,13.831331,-17.564576,1201.645338,104.78893,24.5256,-33.45559,265.50643,259.54834,-20.419105,2.783448,-1.48953,9.5006,-2.05522,50,5.48464,6.9621,-130.59915,-2.28069,-2.57479,27.28013,-15.75119,MIL_MIL1,LAK_COU10,FranklinField,American Association,AABL,20260721-FranklinField-1,04890800-8560-11f1-a17b-7db4bab88cfd,89.11233,27.17316,,7.69017,,,,2.27848,3.60981,0.35192,d30aaa50-e40a-4800-9d68-81ee7d48104e,2026-07-21,23:58:01.47,2026-07-21T18:58:01.4794240-05:00,2026-07-21T23:58:01.4794240Z,LineDrive,v3,,,,"Feliciano, Mario",666128,Right,LAK_COU10,16856eed-fa64-4139-890a-7f044dd6b2e7,54.63449,-131.56366,13.64007,5.55543,-1.7238,-7.87559,-2.30298,7.05314,-1.2874,170.453104,2.27855,139.37326,-30.57169,7.2457,-1.73482,0.45796,-0.11244,0.01874,-0.00143,3.60965,35.99695,-13.76771,-0.30239,0.45338,-0.25531,0.09425,-0.01942,0.0017,0.35181,-44.11457,8.18561,-2.82581,0.8887,-0.31187,0.0947,-0.01807,0.00151,,,,,,,,,,,,,,,,,,,,,,,High,High,High,High,High,,,
49,2026-07-21,19:00:48.50,1,1,"Diaz, Juan",673215,Left,MIL_MIL1,"Reyes, Ripken",685341,Right,LAK_COU10,Undefined,2,Top,0,0,0,Sinker,Sinker,StrikeCalled,Undefined,Undefined,Undefined,0,0,,88.28786,-0.953795,1.577552,1864.835552,130.320259,10:15,5.86656,-0.94609,5.20081,-24.51159,12.32394,-13.12209,2.92643,-0.55548,80.62236,-5.483645,-0.748,0.436822,,,,,,,,,,,,6.9567,6.7728,0.81016,50,5.76006,-2.92286,-128.0587,-3.02062,11.54306,26.63713,-20.93612,MIL_MIL1,LAK_COU10,FranklinField,American Association,AABL,20260721-FranklinField-1,681bc100-8560-11f1-a17b-7db4bab88cfd,86.28781,,,7.66551,,,,,,,d30aaa50-e40a-4800-9d68-81ee7d48104e,2026-07-22,00:00:48.50,2026-07-21T19:00:48.5069824-05:00,2026-07-22T00:00:48.5069824Z,,v3,,,,"Waddell, Chase",1000233818,Right,MIL_MIL1,be23017b-f03d-4a47-a9cb-0816862c32ef,55.29613,-129.15563,13.31856,5.8667,-2.15845,-10.46806,0.94031,-3.39821,5.77153,,,,,,,,,,,,,,,,,,,,,,,,,,,,,,,,,,,,,,,,,,,,,,,,,,,High,High,High,,,,,
50,2026-07-21,19:01:01.36,1,2,"Diaz, Juan",673215,Left,MIL_MIL1,"Reyes, Ripken",685341,Right,LAK_COU10,Undefined,2,Top,0,0,1,ChangeUp,Changeup,InPlay,Undefined,GroundBall,Out,1,0,,79.16958,0.396333,2.500396,1431.387765,85.693971,8:45,5.5586,-1.36194,5.01753,-45.26884,0.44992,-11.59221,2.16059,0.03325,73.25546,-7.780943,0.452751,0.486652,85.10938,-21.459168,-27.076608,,,,,8.09079,2.25081,-24.188351,0.053742,6.44674,0.44949,1.13227,50,5.5596,-4.55211,-114.93492,-0.82353,8.69488,19.65076,-31.56783,MIL_MIL1,LAK_COU10,FranklinField,American Association,AABL,20260721-FranklinField-1,6fcac3b0-8560-11f1-a17b-7db4bab88cfd,77.45254,2.45993,,5.91412,,,,1.80834,2.45993,-0.46658,d30aaa50-e40a-4800-9d68-81ee7d48104e,2026-07-22,00:01:01.36,2026-07-21T19:01:01.3627392-05:00,2026-07-22T00:01:01.3627392Z,GroundBall,v3,,,,"Waddell, Chase",1000233818,Right,MIL_MIL1,635a5ddc-7598-4a2d-896a-1bdc21af5b09,55.484,-115.86874,9.82538,5.56309,0.6766,-15.78392,1.35841,-4.9653,4.34744,,1.80625,103.68294,,,,,,,,2.46086,-45.77328,,,,,,,,-0.46551,-53.00384,,,,,,,,,,,,,,,,,,,,,,,,,,,,,,High,High,High,Low,Low,,,
51,2026-07-21,19:01:34.30,2,1,"Diaz, Juan",673215,Left,MIL_MIL1,"Zuberer, Ray",829518,Left,LAK_COU10,Undefined,2,Top,1,0,0,Slider,Slider,StrikeSwinging,Undefined,Undefined,Undefined,0,0,,82.648,-1.338658,3.790099,2138.264975,184.018836,12:15,5.67516,-2.549,5.41014,-34.74455,6.81756,0.39256,1.52264,1.03978,76.38414,-7.670644,3.859731,0.464002,,,,,,,,,,,,0.79004,4.1415,2.21111,50,5.53144,-7.95213,-119.79925,-4.0052,1.15511,21.82557,-26.11871,MIL_MIL1,LAK_COU10,FranklinField,American Association,AABL,20260721-FranklinField-1,836cb450-8560-11f1-a17b-7db4bab88cfd,81.23328,,,6.26386,,,,,,,d30aaa50-e40a-4800-9d68-81ee7d48104e,2026-07-22,00:01:34.30,2026-07-21T19:01:34.3057920-05:00,2026-07-22T00:01:34.3057920Z,,v3,,,,"Waddell, Chase",1000233818,Right,MIL_MIL1,5219a653-ac54-4f8a-885e-2fa8c3862f0e,55.08927,-120.72287,10.91279,5.67755,-2.8999,-13.05936,2.54867,-8.00101,0.57756,,,,,,,,,,,,,,,,,,,,,,,,,,,,,,,,,,,,,,,,,,,,,,,,,,,High,High,High,,,,,
52,2026-07-21,19:01:59.20,2,2,"Diaz, Juan",673215,Left,MIL_MIL1,"Zuberer, Ray",829518,Left,LAK_COU10,Undefined,2,Top,1,0,1,Slider,Slider,BallCalled,Undefined,Undefined,Undefined,0,0,,77.38563,0.47079,4.994092,2218.446801,289.354603,3:45,5.5083,-2.67064,4.68556,-50.04015,-0.48433,6.08028,1.78703,2.59013,70.72743,-8.502862,6.054303,0.506662,,,,,,,,,,,,-1.46795,0.09669,2.15619,50,5.5113,-10.01777,-111.72688,-0.90735,-1.83988,21.71496,-32.05286,MIL_MIL1,LAK_COU10,FranklinField,American Association,AABL,20260721-FranklinField-1,92489160-8560-11f1-a17b-7db4bab88cfd,74.3936,,,6.6582,,,,,,,d30aaa50-e40a-4800-9d68-81ee7d48104e,2026-07-22,00:01:59.20,2026-07-21T19:01:59.2010240-05:00,2026-07-22T00:01:59.2010240Z,,v3,,,,"Waddell, Chase",1000233818,Right,MIL_MIL1,597cfe3f-ec59-4f7b-a68d-341bbe3714e0,55.81243,-112.85091,10.85748,5.51533,0.75181,-16.02643,2.67227,-9.92253,-0.91994,,,,,,,,,,,,,,,,,,,,,,,,,,,,,,,,,,,,,,,,,,,,,,,,,,,High,High,High,,,,,
53,2026-07-21,19:02:12.42,2,3,"Diaz, Juan",673215,Left,MIL_MIL1,"Zuberer, Ray",829518,Left,LAK_COU10,Undefined,2,Top,1,1,1,ChangeUp,Changeup,BallCalled,Undefined,Undefined,Undefined,0,0,,80.11096,-0.793248,5.338171,1773.36522,96.963433,9:15,5.59915,-2.68228,5.13041,-41.65998,3.21559,-15.09572,1.37714,1.10164,73.88717,-8.330183,2.679296,0.482144,,,,,,,,,,,,8.92721,2.21087,2.19228,50,5.49197,-10.20804,-115.87166,-3.0904,12.21152,20.40547,-29.14982,MIL_MIL1,LAK_COU10,FranklinField,American Association,AABL,20260721-FranklinField-1,9a2bc370-8560-11f1-a17b-7db4bab88cfd,78.1768,,,6.22379,,,,,,,d30aaa50-e40a-4800-9d68-81ee7d48104e,2026-07-22,00:02:12.42,2026-07-21T19:02:12.4296192-05:00,2026-07-22T00:02:12.4296192Z,,v3,,,,"Waddell, Chase",1000233818,Right,MIL_MIL1,eb6389b6-c908-466a-af02-8a11d29d0b25,55.36984,-116.81348,10.20274,5.60355,-1.74498,-14.57491,2.67644,-10.77166,6.10576,,,,,,,,,,,,,,,,,,,,,,,,,,,,,,,,,,,,,,,,,,,,,,,,,,,High,High,High,,,,,
54,2026-07-21,19:02:25.13,2,4,"Diaz, Juan",673215,Left,MIL_MIL1,"Zuberer, Ray",829518,Left,LAK_COU10,Undefined,2,Top,1,2,1,Fastball,Four-Seam,StrikeCalled,Undefined,Undefined,Undefined,0,0,,89.76436,-2.923619,3.476605,1992.126121,146.884233,11:00,5.95681,-2.13046,5.51873,-18.34328,16.90147,-10.29316,1.68723,0.26635,82.27939,-6.356268,1.646095,0.427286,,,,,,,,,,,,6.14607,9.66894,1.8346,50,5.68958,-7.44358,-129.9921,-7.25059,10.5477,26.49261,-15.58054,MIL_MIL1,LAK_COU10,FranklinField,American Association,AABL,20260721-FranklinField-1,a1b1ba50-8560-11f1-a17b-7db4bab88cfd,88.21363,,,7.48498,,,,,,,d30aaa50-e40a-4800-9d68-81ee7d48104e,2026-07-22,00:02:25.13,2026-07-21T19:02:25.1355136-05:00,2026-07-22T00:02:25.1355136Z,,v3,,,,"Waddell, Chase",1000233818,Right,MIL_MIL1,7b528d49-0990-4f44-94ef-a10513fa660e,54.97972,-131.00304,13.2463,5.95491,-6.65604,-7.79027,2.12632,-7.84608,5.27385,,,,,,,,,,,,,,,,,,,,,,,,,,,,,,,,,,,,,,,,,,,,,,,,,,,High,High,High,,,,,
55,2026-07-21,19:02:40.58,2,5,"Diaz, Juan",673215,Left,MIL_MIL1,"Zuberer, Ray",829518,Left,LAK_COU10,Undefined,2,Top,1,2,2,Fastball,Sinker,StrikeCalled,Strikeout,Undefined,Undefined,0,0,,89.83219,-2.858265,3.63325,2032.062888,138.514169,10:30,6.01246,-1.95782,5.32525,-18.45115,16.95214,-14.00351,1.78514,0.28912,82.4114,-6.298717,1.151966,0.428246,,,,,,,,,,,,7.99296,9.59764,1.63938,50,5.7403,-7.62607,-130.06835,-7.13208,13.75697,26.08363,-15.65522,MIL_MIL1,LAK_COU10,FranklinField,American Association,AABL,20260721-FranklinField-1,aae8e3a0-8560-11f1-a17b-7db4bab88cfd,88.01588,,,7.42078,,,,,,,d30aaa50-e40a-4800-9d68-81ee7d48104e,2026-07-22,00:02:40.58,2026-07-21T19:02:40.5880000-05:00,2026-07-22T00:02:40.5880000Z,,v3,,,,"Waddell, Chase",1000233818,Right,MIL_MIL1,5e7f42d2-8ede-42ad-b329-ccab011ae4ca,55.1736,-131.10174,13.04181,6.01057,-6.51184,-7.82761,1.95231,-8.17111,6.87848,,,,,,,,,,,,,,,,,,,,,,,,,,,,,55.18676,,,1.405469,,,,0.40701,6.05383,0.22813,81.14964,10.38524,-43.88271,0.65281,65.50365,-5.82919,6.21697,22.91499,-14.17155,0.08227,-36.03701,3.36809,High,High,High,,,High,Medium,High
56,2026-07-21,19:03:07.80,3,1,"Diaz, Juan",673215,Left,MIL_MIL1,"Mears, Joshua",687084,Right,LAK_COU10,Undefined,2,Top,2,0,0,Fastball,Sinker,BallCalled,Undefined,Undefined,Undefined,0,0,,89.17986,-1.6203,0.536871,1983.635225,136.33384,10:30,5.95387,-0.52573,5.58534,-20.89722,14.77741,-12.9804,2.69889,-1.10607,81.27928,-5.533058,-1.78062,0.429884,,,,,,,,,,,,6.68067,8.29308,0.48805,50,5.80124,-0.63162,-129.39383,-4.34957,11.28113,28.00383,-18.17017,MIL_MIL1,LAK_COU10,FranklinField,American Association,AABL,20260721-FranklinField-1,bb27d320-8560-11f1-a17b-7db4bab88cfd,87.68053,,,7.90059,,,,,,,d30aaa50-e40a-4800-9d68-81ee7d48104e,2026-07-22,00:03:07.80,2026-07-21T19:03:07.8077952-05:00,2026-07-22T00:03:07.8077952Z,,v3,,,,"Waddell, Chase",1000233818,Right,MIL_MIL1,6b37db0d-2fad-44d4-aee7-7ebb64db0fcb,54.91099,-130.45235,14.00192,5.95267,-3.66276,-9.08509,0.51998,-1.05804,5.64056,,,,,,,,,,,,,,,,,,,,,,,,,,,,,,,,,,,,,,,,,,,,,,,,,,,High,High,High,,,,,
57,2026-07-21,19:03:23.74,3,2,"Diaz, Juan",673215,Left,MIL_MIL1,"Mears, Joshua",687084,Right,LAK_COU10,Undefined,2,Top,2,1,0,Slider,Slider,BallCalled,Undefined,Undefined,Undefined,0,0,,79.74287,0.891751,2.269539,2311.197133,299.567036,4:00,5.76091,-0.88575,4.96639,-45.95495,-0.73535,3.60225,2.77444,1.55943,73.70141,-7.399628,2.904736,0.483988,,,,,,,,,,,,-1.22748,-0.35075,0.66299,50,5.8088,-4.73165,-115.75267,0.14581,-1.67568,20.35876,-32.65288,MIL_MIL1,LAK_COU10,FranklinField,American Association,AABL,20260721-FranklinField-1,c4a35870-8560-11f1-a17b-7db4bab88cfd,77.87886,,,6.04146,,,,,,,d30aaa50-e40a-4800-9d68-81ee7d48104e,2026-07-22,00:03:23.74,2026-07-21T19:03:23.7446656-05:00,2026-07-22T00:03:23.7446656Z,,v3,,,,"Waddell, Chase",1000233818,Right,MIL_MIL1,141e3c9b-211e-46f0-b6c1-77a0ebc57392,55.53565,-116.72222,10.17938,5.76483,1.70086,-16.32644,0.88643,-4.65185,-0.83784,,,,,,,,,,,,,,,,,,,,,,,,,,,,,,,,,,,,,,,,,,,,,,,,,,,High,High,High,,,,,
58,2026-07-21,19:03:37.87,3,3,"Diaz, Juan",673215,Left,MIL_MIL1,"Mears, Joshua",687084,Right,LAK_COU10,Undefined,2,Top,2,2,0,Sinker,Sinker,StrikeSwinging,Undefined,Undefined,Undefined,0,0,,89.76615,-0.430665,1.125328,2004.724826,136.244105,10:30,5.8575,-0.62462,5.52277,-21.86336,13.39513,-11.72225,3.63283,-0.54925,81.72233,-4.51871,-0.964349,0.427369,,,,,,,,,,,,6.19733,7.22504,0.53457,50,5.80565,-2.02542,-130.26413,-1.7259,10.61409,28.1918,-19.79976,MIL_MIL1,LAK_COU10,FranklinField,American Association,AABL,20260721-FranklinField-1,cd111740-8560-11f1-a17b-7db4bab88cfd,88.19644,,,8.04383,,,,,,,d30aaa50-e40a-4800-9d68-81ee7d48104e,2026-07-22,00:03:37.87,2026-07-21T19:03:37.8799616-05:00,2026-07-22T00:03:37.8799616Z,,v3,,,,"Waddell, Chase",1000233818,Right,MIL_MIL1,defd8196-c9b3-402a-bab2-e8d0ef9a8357,54.9734,-131.33607,14.0959,5.85696,-0.97305,-9.89988,0.61925,-2.429,5.30704,,,,,,,,,,,,,,,,,,,,,,,,,,,,,,,,,,,,,,,,,,,,,,,,,,,High,High,High,,,,,
59,2026-07-21,19:03:53.56,3,4,"Diaz, Juan",673215,Left,MIL_MIL1,"Mears, Joshua",687084,Right,LAK_COU10,Undefined,2,Top,2,2,1,Sinker,Sinker,FoulBallNotFieldable,Undefined,Undefined,Undefined,0,0,,89.33969,-0.537127,2.139399,1849.581638,123.578231,10:00,5.88774,-0.7588,5.16373,-25.65399,10.1102,-13.6219,3.24401,0.12054,82.1376,-5.247753,-0.272038,0.430423,63.33865,44.366283,141.250961,4720.172597,-89.77118,47.64286,63.56948,188.02114,69.14681,145.184593,3.204419,7.40036,5.49674,0.57031,50,5.81812,-4.23094,-129.6972,-2.18178,12.68612,25.49737,-22.7512,MIL_MIL1,LAK_COU10,FranklinField,American Association,AABL,20260721-FranklinField-1,d6653e70-8560-11f1-a17b-7db4bab88cfd,87.57066,49.08887,,7.20209,,,,1.06269,3.12712,-0.1995,d30aaa50-e40a-4800-9d68-81ee7d48104e,2026-07-22,00:03:53.56,2026-07-21T19:03:53.5658496-05:00,2026-07-22T00:03:53.5658496Z,Popup,v3,,,,"Waddell, Chase",1000233818,Right,MIL_MIL1,a7013713-5af7-4173-8857-2a7865218de2,55.33638,-130.74208,12.74868,5.88843,-1.24944,-11.3756,0.75435,-4.75081,6.34306,334.398001,1.06313,-51.81028,-0.31798,0.64073,0.09587,-0.16103,0.05457,-0.00715,0.00025,3.12703,64.96105,-26.41704,3.14382,-0.76509,0.26034,-0.0898,0.01801,-0.00144,-0.19958,41.56968,-5.2941,1.49351,-0.39615,0.18617,-0.07677,0.01605,-0.00127,,,,,,,,,,,,,,,,,,,,,,,High,High,High,High,Medium,,,
60,2026-07-21,19:04:11.46,3,5,"Diaz, Juan",673215,Left,MIL_MIL1,"Mears, Joshua",687084,Right,LAK_COU10,Undefined,2,Top,2,2,2,Fastball,Four-Seam,BallCalled,Undefined,Undefined,Undefined,0,0,,90.15823,0.609777,1.381649,1919.183339,150.739493,11:00,5.94191,-0.52762,5.43966,-18.38029,16.78977,-8.74953,4.98139,0.03723,81.68909,-2.865816,-0.174774,0.426833,,,,,,,,,,,,4.76158,8.58623,0.41143,50,5.98346,-2.74501,-130.73794,0.79818,8.19472,29.01688,-17.39711,MIL_MIL1,LAK_COU10,FranklinField,American Association,AABL,20260721-FranklinField-1,e10fcde0-8560-11f1-a17b-7db4bab88cfd,88.30724,,,8.46914,,,,,,,d30aaa50-e40a-4800-9d68-81ee7d48104e,2026-07-22,00:04:11.46,2026-07-21T19:04:11.4616320-05:00,2026-07-22T00:04:11.4616320Z,,v3,,,,"Waddell, Chase",1000233818,Right,MIL_MIL1,7f3a5c9c-8a6f-4765-8946-b3a9535dde4c,55.05503,-131.85511,14.50844,5.93984,1.46799,-8.69856,0.5232,-3.06052,4.09736,,,,,,,,,,,,,,,,,,,,,,,,,,,,,,,,,,,,,,,,,,,,,,,,,,,High,High,High,,,,,
61,2026-07-21,19:04:26.82,3,6,"Diaz, Juan",673215,Left,MIL_MIL1,"Mears, Joshua",687084,Right,LAK_COU10,Undefined,2,Top,2,3,2,Fastball,Four-Seam,InPlay,Undefined,LineDrive,Single,0,0,,91.01172,-2.132104,1.665569,1965.544269,155.557713,11:15,5.91926,-0.48768,5.57991,-18.40832,15.75607,-6.66339,2.39226,0.51299,83.21737,-5.585669,0.476719,0.420686,78.35235,18.315059,-22.845206,1014.447185,100.55291,23.03036,-44.59889,201.75871,201.08643,-25.175487,2.533041,3.85929,8.91355,0.34899,50,5.72399,-3.54631,-132.04434,-5.52809,6.81129,28.21009,-16.44242,MIL_MIL1,LAK_COU10,FranklinField,American Association,AABL,20260721-FranklinField-1,ea382a20-8560-11f1-a17b-7db4bab88cfd,89.59748,23.02391,,7.79435,,,,1.20727,2.38061,-0.52077,d30aaa50-e40a-4800-9d68-81ee7d48104e,2026-07-22,00:04:26.82,2026-07-21T19:04:26.8262400-05:00,2026-07-22T00:04:26.8262400Z,LineDrive,v3,,,,"Waddell, Chase",1000233818,Right,MIL_MIL1,0268c41a-0cae-4ee0-be79-28c623dec102,54.91874,-133.09103,14.10505,5.91779,-4.91802,-8.22121,0.48526,-3.79903,3.40565,158.1117,1.20727,100.53698,-17.06056,3.36336,-0.6599,0.11299,-0.01268,0.0001,0.00011,2.38064,36.10974,-17.2443,1.505,-0.20796,-0.05034,0.05219,-0.01595,0.00179,-0.52076,-42.35602,5.28615,-1.1129,0.25923,-0.08587,0.03047,-0.00733,0.00076,,,,,,,,,,,,,,,,,,,,,,,High,High,High,High,High,,,
62,2026-07-21,19:05:00.14,4,1,"Diaz, Juan",673215,Left,MIL_MIL1,"Garcia, Anthony",678803,Right,LAK_COU10,Undefined,2,Top,2,0,0,Slider,Slider,InPlay,Undefined,LineDrive,Single,0,0,,82.62887,0.730524,3.03544,2275.391624,273.586208,3:00,5.57293,-2.49405,5.24173,-41.08699,1.05929,4.56717,2.83658,0.74199,75.5703,-6.751048,3.84356,0.467252,80.03853,18.853981,-3.930525,2625.074921,108.52518,22.92413,-17.95121,197.19856,196.37901,-13.48086,2.41009,-1.42276,0.66882,2.21128,50,5.60941,-6.54025,-119.76035,0.04816,-2.05836,23.95698,-31.20642,MIL_MIL1,LAK_COU10,FranklinField,American Association,AABL,20260721-FranklinField-1,fe1bb7a0-8560-11f1-a17b-7db4bab88cfd,80.66838,22.93698,,7.05857,,,,1.69855,2.86039,-0.71556,d30aaa50-e40a-4800-9d68-81ee7d48104e,2026-07-22,00:05:00.14,2026-07-21T19:05:00.1403392-05:00,2026-07-22T00:05:00.1403392Z,LineDrive,v3,,,,"Waddell, Chase",1000233818,Right,MIL_MIL1,58f68a76-7afa-48c1-b39c-66e951fd2790,55.25761,-120.80751,11.97849,5.5775,1.41219,-15.60321,2.49519,-6.45028,-1.02918,103.318756,1.69859,110.82767,-18.16372,2.955,-0.36901,-0.09525,0.07852,-0.02403,0.00286,2.86037,37.93642,-19.75135,1.99401,-0.36748,0.11913,-0.04546,0.01236,-0.00149,-0.71555,-7.61524,-9.6138,3.68591,-1.06491,0.23708,-0.04045,0.0043,-0.0001,,,,,,,,,,,,,,,,,,,,,,,High,High,High,High,High,,,
63,2026-07-21,19:05:36.02,5,1,"Diaz, Juan",673215,Left,MIL_MIL1,"Feliciano, Mario",666128,Right,LAK_COU10,Undefined,2,Top,2,0,0,Sinker,Sinker,BallCalled,Undefined,Undefined,Undefined,0,0,,90.76954,-1.082648,1.097679,1993.577285,134.650776,10:30,5.89841,-0.62264,5.48739,-21.33785,12.99178,-12.07733,3.10709,-0.60204,83.18277,-5.052588,-1.054369,0.421702,,,,,,,,,,,,6.35827,7.16587,0.53474,50,5.78924,-1.97394,-131.79273,-3.23872,11.21648,27.22552,-19.5329,MIL_MIL1,LAK_COU10,FranklinField,American Association,AABL,20260721-FranklinField-1,1379d730-8561-11f1-a17b-7db4bab88cfd,89.38164,,,7.58677,,,,,,,d30aaa50-e40a-4800-9d68-81ee7d48104e,2026-07-22,00:05:36.02,2026-07-21T19:05:36.0239616-05:00,2026-07-22T00:05:36.0239616Z,,v3,,,,"Waddell, Chase",1000233818,Right,MIL_MIL1,e2bc0f2a-b974-49bf-b399-851ed656b9f9,55.01013,-132.82368,13.61276,5.89788,-2.49907,-9.76645,0.61753,-2.39868,5.60824,,,,,,,,,,,,,,,,,,,,,,,,,,,,,,,,,,,,,,,,,,,,,,,,,,,High,High,High,,,,,
64,2026-07-21,19:05:51.96,5,2,"Diaz, Juan",673215,Left,MIL_MIL1,"Feliciano, Mario",666128,Right,LAK_COU10,Undefined,2,Top,2,1,0,ChangeUp,Changeup,InPlay,Undefined,LineDrive,Out,1,0,,81.08725,-0.013129,2.604121,1488.038666,79.073269,8:45,5.53448,-1.12003,5.25343,-44.15951,-1.31803,-12.64631,1.84218,0.27468,75.68417,-7.991951,0.359835,0.47109,107.03227,13.916933,-5.913563,1387.019573,109.41421,26.52828,-11.33663,313.94873,303.49075,-7.234734,3.455612,6.983,-0.36197,0.89104,50,5.49991,-4.85474,-117.86634,-1.60765,9.99004,18.83999,-32.69189,MIL_MIL1,LAK_COU10,FranklinField,American Association,AABL,20260721-FranklinField-1,1cff2080-8561-11f1-a17b-7db4bab88cfd,80.01115,35.13316,,5.40308,,,,1.11605,1.80409,-0.29207,d30aaa50-e40a-4800-9d68-81ee7d48104e,2026-07-22,00:05:51.96,2026-07-21T19:05:51.9668224-05:00,2026-07-22T00:05:51.9668224Z,LineDrive,v3,,,,"Waddell, Chase",1000233818,Right,MIL_MIL1,2aeb53a3-bc88-467e-8966-d7c22cfcc5f7,55.24919,-118.70242,9.41999,5.53907,-0.15686,-16.34594,1.11632,-5.29807,4.99502,182.963313,1.11622,151.55871,-33.49649,7.9105,-1.69969,0.36496,-0.07257,0.01008,-0.00064,1.80382,37.7583,-9.02545,-1.68237,0.64675,-0.20638,0.05657,-0.00944,0.00067,-0.2922,-15.69739,4.35904,-1.80073,0.49429,-0.13247,0.03277,-0.00534,0.00038,,,,,,,,,,,,,,,,,,,,,,,High,High,High,High,High,,,
65,2026-07-21,19:08:38.21,1,1,"Anderson , Shane ",10991107,Right,LAK_COU10,"Janas, Justin",805332,Left,MIL_MIL1,Undefined,2,Bottom,0,0,0,Fastball,Four-Seam,FoulBallNotFieldable,Undefined,Undefined,Undefined,0,0,,87.77831,-2.070133,-3.644698,2429.396456,200.172544,12:45,5.52523,2.44189,5.96872,-19.02847,16.9541,5.8387,2.01551,-0.45524,80.94846,-5.647856,-2.598487,0.431735,,,,,,,,,,,,-3.94575,9.58465,-2.1562,50,5.35025,7.87868,-127.34192,-5.18177,-6.53533,24.02319,-16.29908,MIL_MIL1,LAK_COU10,FranklinField,American Association,AABL,20260721-FranklinField-1,7d711180-8561-11f1-a17b-7db4bab88cfd,87.30453,,,6.82985,,,,,,,d30aaa50-e40a-4800-9d68-81ee7d48104e,2026-07-22,00:08:38.21,2026-07-21T19:08:38.2151680-05:00,2026-07-22T00:08:38.2151680Z,,v3,,,,"Feliciano, Mario",666128,Right,LAK_COU10,92b466d3-530d-45aa-bb36-2755f297b4d8,54.531,-128.19385,12.0116,5.52376,-4.60375,-8.14954,-2.43971,8.11044,-3.26766,,,,,,,,,,,,,,,,,,,,,,,,,,,,,,,,,,,,,,,,,,,,,,,,,,,High,High,High,,,,,
66,2026-07-21,19:08:57.92,1,2,"Anderson , Shane ",10991107,Right,LAK_COU10,"Janas, Justin",805332,Left,MIL_MIL1,Undefined,2,Bottom,0,0,1,Fastball,Four-Seam,FoulBallNotFieldable,Undefined,Undefined,Undefined,0,0,,88.5732,-2.755288,-3.03898,2520.552337,197.379468,12:30,5.71505,2.27802,5.86329,-18.66391,16.6304,4.89595,1.59455,-0.13977,82.15795,-6.241519,-2.162371,0.427586,65.0474,33.014316,-109.296104,4313.727115,,,,,99.90353,,,-3.24866,9.50339,-2.03448,50,5.48037,6.62686,-128.5582,-6.77695,-5.51436,23.0898,-16.04277,MIL_MIL1,LAK_COU10,FranklinField,American Association,AABL,20260721-FranklinField-1,892bd870-8561-11f1-a17b-7db4bab88cfd,88.15166,29.45636,,6.41524,,,,0.85477,1.77397,0.06605,d30aaa50-e40a-4800-9d68-81ee7d48104e,2026-07-22,00:08:57.92,2026-07-21T19:08:57.9219456-05:00,2026-07-22T00:08:57.9219456Z,,v3,,,,"Feliciano, Mario",666128,Right,LAK_COU10,02e716a5-eb68-4477-914c-d86d55ee6fd5,54.637,-129.38835,11.5449,5.71365,-6.20016,-8.02139,-2.27631,6.82512,-2.75718,,0.85476,-26.43517,-3.82333,1.35824,0.45529,-1.06608,0.81179,-0.31308,0.04969,1.77397,51.97999,-27.43986,3.41687,-0.66983,0.06911,0.02401,-0.01524,0.00276,0.06605,-75.50444,11.07692,-2.12777,0.0709,0.37537,-0.30465,0.11905,-0.01895,,,,,,,,,,,,,,,,,,,,,,,High,High,High,Medium,Undefined,,,
67,2026-07-21,19:09:17.78,1,3,"Anderson , Shane ",10991107,Right,LAK_COU10,"Janas, Justin",805332,Left,MIL_MIL1,Undefined,2,Bottom,0,0,2,Fastball,Four-Seam,BallCalled,Undefined,Undefined,Undefined,0,0,,88.97591,-0.299434,-1.790408,2480.636671,183.856214,12:15,5.65957,2.47781,5.7502,-19.45422,15.91954,1.00012,3.75949,0.89383,81.48195,-3.962066,-1.611531,0.428067,,,,,,,,,,,,-0.98839,8.51292,-2.32975,50,5.62287,3.9956,-129.20614,-1.28731,-1.67634,26.09342,-17.73601,MIL_MIL1,LAK_COU10,FranklinField,American Association,AABL,20260721-FranklinField-1,95054af0-8561-11f1-a17b-7db4bab88cfd,88.05259,,,7.49396,,,,,,,d30aaa50-e40a-4800-9d68-81ee7d48104e,2026-07-22,00:09:17.78,2026-07-21T19:09:17.7873920-05:00,2026-07-22T00:09:17.7873920Z,,v3,,,,"Feliciano, Mario",666128,Right,LAK_COU10,f3768868-fda2-4f3d-8514-818626c1cc60,54.74678,-130.16123,13.04671,5.65811,-0.63812,-8.868,-2.47712,4.05696,-0.83817,,,,,,,,,,,,,,,,,,,,,,,,,,,,,,,,,,,,,,,,,,,,,,,,,,,High,High,High,,,,,
68,2026-07-21,19:09:34.95,1,4,"Anderson , Shane ",10991107,Right,LAK_COU10,"Janas, Justin",805332,Left,MIL_MIL1,Undefined,2,Bottom,0,1,2,Fastball,Four-Seam,StrikeCalled,Strikeout,Undefined,Undefined,0,0,,89.82451,-2.188715,-2.045742,2535.073605,200.204624,12:45,5.62429,2.3475,5.90186,-20.69934,13.66737,4.65977,1.86528,0.83594,82.91144,-6.052082,-1.209539,0.42193,,,,,,,,,,,,-2.90851,7.87662,-2.18572,50,5.43627,4.4648,-130.45436,-5.65683,-5.05681,25.15586,-18.4796,MIL_MIL1,LAK_COU10,FranklinField,American Association,AABL,20260721-FranklinField-1,9f3e7af0-8561-11f1-a17b-7db4bab88cfd,89.33341,,,6.91307,,,,,,,d30aaa50-e40a-4800-9d68-81ee7d48104e,2026-07-22,00:09:34.95,2026-07-21T19:09:34.9590000-05:00,2026-07-22T00:09:34.9590000Z,,v3,,,,"Feliciano, Mario",666128,Right,LAK_COU10,4a5e66f4-2457-4644-aa7c-42afe945a9b0,54.597,-131.33782,12.57793,5.62354,-5.00783,-9.2398,-2.34564,4.64239,-2.52841,,,,,,,,,,,,,,,,,,,,,,,,,,,,,58.74546,2.682792,1.343437,1.339355,-0.14861,1.69751,-0.80323,-3.1537,4.64925,0.58791,72.78319,15.20334,-52.23578,-2.85919,63.78023,-5.3824,4.89639,27.38038,-14.63092,0.33897,-45.00866,4.23711,High,High,High,,,High,High,High
69,2026-07-21,19:10:05.47,2,1,"Anderson , Shane ",10991107,Right,LAK_COU10,"Doersching, Griffin",701864,Right,MIL_MIL1,Undefined,2,Bottom,1,0,0,Fastball,Four-Seam,InPlay,Undefined,GroundBall,Out,1,0,,89.30079,-1.152395,-3.410798,2306.592914,185.541031,12:15,5.53884,2.30719,6.01283,-19.1958,15.70229,1.41811,2.86962,-0.73801,81.78315,-4.77605,-3.156494,0.425179,90.67065,8.15858,-8.046909,1930.122479,108.59352,5.61981,-17.53226,142.53476,140.58021,-9.718971,1.276982,-1.66925,8.73713,-2.04017,50,5.4378,7.66363,-129.55467,-3.1902,-2.84094,26.71698,-17.30399,MIL_MIL1,LAK_COU10,FranklinField,American Association,AABL,20260721-FranklinField-1,b16c6930-8561-11f1-a17b-7db4bab88cfd,88.65065,8.07128,,7.51764,,,,1.31043,3.07543,0.60064,d30aaa50-e40a-4800-9d68-81ee7d48104e,2026-07-22,00:10:05.47,2026-07-21T19:10:05.4728704-05:00,2026-07-22T00:10:05.4728704Z,LineDrive,v3,,,,"Feliciano, Mario",666128,Right,LAK_COU10,caee71a8-9162-4bb5-aafe-1ae603f6438b,54.48582,-130.47646,13.35849,5.53757,-2.59318,-8.652,-2.30627,7.76164,-1.42047,93.338291,1.56984,127.4963,-14.78756,,,,,,,3.20808,17.43118,-15.68953,,,,,,,0.63956,-18.86304,-0.39608,,,,,,,,,,,,,,,,,,,,,,,,,,,,,High,High,High,High,High,,,
70,2026-07-21,19:10:39.32,3,1,"Anderson , Shane ",10991107,Right,LAK_COU10,"Marion, Charlie",1000571871,Left,MIL_MIL1,Undefined,2,Bottom,2,0,0,Fastball,Four-Seam,StrikeCalled,Undefined,Undefined,Undefined,0,0,,88.43238,-0.622248,-3.032651,2429.150104,198.153433,12:30,5.52523,2.38014,5.97343,-21.39753,14.19095,4.29205,3.16442,-0.07623,80.98534,-4.645795,-2.26282,0.429365,,,,,,,,,,,,-3.02618,7.79382,-2.14236,50,5.46401,6.62198,-128.34361,-2.05842,-5.05929,25.98467,-19.14398,MIL_MIL1,LAK_COU10,FranklinField,American Association,AABL,20260721-FranklinField-1,c5a0fce0-8561-11f1-a17b-7db4bab88cfd,87.78656,,,7.44704,,,,,,,d30aaa50-e40a-4800-9d68-81ee7d48104e,2026-07-22,00:10:39.32,2026-07-21T19:10:39.3298944-05:00,2026-07-22T00:10:39.3298944Z,,v3,,,,"Feliciano, Mario",666128,Right,LAK_COU10,bf5f4752-0bfe-42b2-af27-85ce6dbc9831,54.52428,-129.25636,12.99234,5.5245,-1.38595,-9.57199,-2.37809,6.7997,-2.52965,,,,,,,,,,,,,,,,,,,,,,,,,,,,,,,,,,,,,,,,,,,,,,,,,,,High,High,High,,,,,
71,2026-07-21,19:10:54.45,3,2,"Anderson , Shane ",10991107,Right,LAK_COU10,"Marion, Charlie",1000571871,Left,MIL_MIL1,Undefined,2,Bottom,2,0,1,Fastball,Four-Seam,BallCalled,Undefined,Undefined,Undefined,0,0,,89.19643,-0.827303,-0.40476,2489.516098,190.873396,12:15,5.60166,2.44518,5.83138,-15.81103,19.36265,3.50496,3.515,2.36101,81.42437,-3.849287,0.223588,0.426855,,,,,,,,,,,,-1.89091,10.43379,-2.41417,50,5.52477,0.76319,-129.54135,-2.31499,-3.21331,27.0436,-14.44333,MIL_MIL1,LAK_COU10,FranklinField,American Association,AABL,20260721-FranklinField-1,ce9f62f0-8561-11f1-a17b-7db4bab88cfd,88.3027,,,7.77206,,,,,,,d30aaa50-e40a-4800-9d68-81ee7d48104e,2026-07-22,00:10:54.45,2026-07-21T19:10:54.4550400-05:00,2026-07-22T00:10:54.4550400Z,,v3,,,,"Feliciano, Mario",666128,Right,LAK_COU10,c7504df5-fc27-44a0-aa6c-ad0a58cc6e79,54.66477,-130.51155,13.5218,5.59853,-1.79683,-7.22167,-2.44362,0.87847,-1.60666,,,,,,,,,,,,,,,,,,,,,,,,,,,,,,,,,,,,,,,,,,,,,,,,,,,High,High,High,,,,,
72,2026-07-21,19:11:10.92,3,3,"Anderson , Shane ",10991107,Right,LAK_COU10,"Marion, Charlie",1000571871,Left,MIL_MIL1,Undefined,2,Bottom,2,1,1,Fastball,Four-Seam,FoulBallNotFieldable,Undefined,Undefined,Undefined,0,0,,88.73145,-2.500502,-2.808314,2513.747035,198.521628,12:30,5.57072,2.31995,6.09296,-20.66812,14.31312,4.45457,1.53125,0.09149,82.0133,-6.368079,-2.006826,0.425686,90.49928,15.043564,-39.437104,5044.320933,77.77983,21.80826,-77.78344,237.2051,186.28651,-52.543965,2.673135,-3.02551,8.35048,-2.10587,50,5.36674,6.14407,-128.82961,-6.26648,-5.13231,24.41922,-18.00876,MIL_MIL1,LAK_COU10,FranklinField,American Association,AABL,20260721-FranklinField-1,d8734170-8561-11f1-a17b-7db4bab88cfd,88.54527,22.71968,,6.71815,,,,0.28804,1.45562,-0.00188,d30aaa50-e40a-4800-9d68-81ee7d48104e,2026-07-22,00:11:10.92,2026-07-21T19:11:10.9298176-05:00,2026-07-22T00:11:10.9298176Z,LineDrive,v3,,,,"Feliciano, Mario",666128,Right,LAK_COU10,246dc20e-ba97-4030-a35e-72744baac8e1,54.40709,-129.66226,12.20961,5.56995,-5.65241,-9.00438,-2.31836,6.31907,-2.56615,119.410203,0.28804,98.99951,-26.26674,5.72338,-1.26067,0.23889,-0.0396,0.00479,-0.00029,1.45562,34.45065,-14.73628,0.62271,0.01917,-0.02026,0.00687,-0.00103,6E-05,-0.00188,-81.42519,2.95808,1.24514,-0.58567,0.17167,-0.0353,0.00464,-0.00028,,,,,,,,,,,,,,,,,,,,,,,High,High,High,High,Medium,,,
73,2026-07-21,19:11:33.99,3,4,"Anderson , Shane ",10991107,Right,LAK_COU10,"Marion, Charlie",1000571871,Left,MIL_MIL1,Undefined,2,Bottom,2,1,2,Fastball,Four-Seam,StrikeSwinging,Strikeout,Undefined,Undefined,0,0,,90.09219,-0.774572,-2.449899,2576.977662,194.561344,12:30,5.57842,2.42864,5.91356,-17.14426,17.35536,4.21744,3.43015,0.50496,82.06272,-4.039235,-1.693762,0.422745,,,,,,,,,,,,-2.85008,9.43674,-2.2345,50,5.50649,5.41139,-130.72649,-2.27156,-4.92012,28.17713,-15.88324,MIL_MIL1,LAK_COU10,FranklinField,American Association,AABL,20260721-FranklinField-1,e6376cf0-8561-11f1-a17b-7db4bab88cfd,89.16117,,,8.02946,,,,,,,d30aaa50-e40a-4800-9d68-81ee7d48104e,2026-07-22,00:11:33.99,2026-07-21T19:11:33.9938816-05:00,2026-07-22T00:11:33.9938816Z,,v3,,,,"Feliciano, Mario",666128,Right,LAK_COU10,686c51cc-d822-4727-8496-63d9d8ba574c,54.58295,-131.71061,14.08857,5.57614,-1.71681,-7.94162,-2.4265,5.58323,-2.46006,,,,,,,,,,,,,,,,,,,,,,,,,,,,,,,,,,,,,,,,,,,,,,,,,,,High,High,High,,,,,
74,2026-07-21,19:14:26.79,1,1,"Diaz, Juan",673215,Left,MIL_MIL1,"Zimmermann, Peter",1000408665,Right,LAK_COU10,Undefined,3,Top,0,0,0,Fastball,Sinker,BallCalled,Undefined,Undefined,Undefined,0,0,,89.97103,-1.519608,0.494513,2074.495681,138.231709,10:30,5.93579,-0.83563,5.43065,-19.23702,15.85804,-13.17095,2.90917,-1.47008,82.3067,-5.117118,-1.849841,0.426378,,,,,,,,,,,,6.76536,8.73839,0.80123,50,5.78809,-0.53381,-130.59916,-4.11251,11.68958,27.39248,-17.07533,MIL_MIL1,LAK_COU10,FranklinField,American Association,AABL,20260721-FranklinField-1,4d3193e0-8562-11f1-a17b-7db4bab88cfd,88.40154,,,7.66433,,,,,,,d30aaa50-e40a-4800-9d68-81ee7d48104e,2026-07-22,00:14:26.79,2026-07-21T19:14:26.7927552-05:00,2026-07-22T00:14:26.7927552Z,,v3,,,,"Waddell, Chase",1000233818,Right,MIL_MIL1,b4a37670-f5c0-427c-9fdc-9927a5ccc227,55.06735,-131.65772,13.69624,5.93427,-3.45265,-8.53766,0.83059,-0.98554,5.84479,,,,,,,,,,,,,,,,,,,,,,,,,,,,,,,,,,,,,,,,,,,,,,,,,,,High,High,High,,,,,
75,2026-07-21,19:14:39.43,1,2,"Diaz, Juan",673215,Left,MIL_MIL1,"Zimmermann, Peter",1000408665,Right,LAK_COU10,Undefined,3,Top,0,1,0,ChangeUp,Changeup,BallCalled,Undefined,Undefined,Undefined,0,0,,79.70134,-1.272797,3.590644,1671.62917,94.84564,9:15,5.55358,-1.28467,5.10542,-42.94668,2.60197,-13.1778,0.77291,1.00472,73.15948,-9.050152,1.260276,0.485746,,,,,,,,,,,,7.66591,2.02236,0.95682,50,5.39954,-6.71427,-115.44071,-4.08144,10.31399,22.08699,-29.45307,MIL_MIL1,LAK_COU10,FranklinField,American Association,AABL,20260721-FranklinField-1,54be6890-8562-11f1-a17b-7db4bab88cfd,77.59702,,,6.54186,,,,,,,d30aaa50-e40a-4800-9d68-81ee7d48104e,2026-07-22,00:14:39.43,2026-07-21T19:14:39.4325504-05:00,2026-07-22T00:14:39.4325504Z,,v3,,,,"Waddell, Chase",1000233818,Right,MIL_MIL1,cfd4b51d-6073-4906-9449-095ba1ca1719,55.395,-116.46835,11.04349,5.55755,-2.71108,-14.72654,1.28037,-7.19414,5.15699,,,,,,,,,,,,,,,,,,,,,,,,,,,,,,,,,,,,,,,,,,,,,,,,,,,High,High,High,,,,,
76,2026-07-21,19:14:55.58,1,3,"Diaz, Juan",673215,Left,MIL_MIL1,"Zimmermann, Peter",1000408665,Right,LAK_COU10,Undefined,3,Top,0,2,0,Sinker,Four-Seam,InPlay,Undefined,GroundBall,Out,1,0,,89.01633,-0.990214,2.178854,1905.480189,126.867514,10:15,5.79794,-0.8544,5.46258,-24.83667,10.71465,-12.9032,2.80065,0.11066,82.06736,-5.57247,-0.118104,0.42914,98.55692,6.867194,-19.698075,1634.435037,,,,109.89228,108.40825,-21.43471,0.870138,7.09158,5.97048,0.67175,50,5.69373,-4.35752,-129.28944,-3.12343,12.10749,24.76981,-21.98063,MIL_MIL1,LAK_COU10,FranklinField,American Association,AABL,20260721-FranklinField-1,5e5a4720-8562-11f1-a17b-7db4bab88cfd,87.83243,5.55611,,6.94897,,,,0.61945,2.60614,0.02577,d30aaa50-e40a-4800-9d68-81ee7d48104e,2026-07-22,00:14:55.58,2026-07-21T19:14:55.5825152-05:00,2026-07-22T00:14:55.5825152Z,LineDrive,v3,,,,"Waddell, Chase",1000233818,Right,MIL_MIL1,6c95d727-50ad-47ad-b670-7e03465be88c,55.03742,-130.25095,12.38491,5.79841,-2.27018,-10.99032,0.85002,-4.8275,6.05375,40.480255,0.72202,133.49574,-19.3916,,,,,,,2.71048,15.63082,-21.66644,,,,,,,0.03415,-48.5124,2.65811,,,,,,,,,,,,,,,,,,,,,,,,,,,,,High,High,High,High,High,,,
77,2026-07-21,19:15:30.23,2,1,"Diaz, Juan",673215,Left,MIL_MIL1,"Fuecker, Cole",1000116013,Right,LAK_COU10,Undefined,3,Top,1,0,0,Sinker,Sinker,StrikeCalled,Undefined,Undefined,Undefined,0,0,,90.37765,-1.655447,1.952625,2012.223129,133.650975,10:30,5.90815,-0.82919,5.28223,-22.50155,12.4456,-11.90036,2.47703,0.01357,82.84057,-5.814776,-0.159143,0.425478,,,,,,,,,,,,6.46185,7.00741,0.66004,50,5.74085,-3.91774,-131.10113,-4.61103,11.27975,26.9443,-19.94202,MIL_MIL1,LAK_COU10,FranklinField,American Association,AABL,20260721-FranklinField-1,7301e7f0-8562-11f1-a17b-7db4bab88cfd,88.58842,,,7.53708,,,,,,,d30aaa50-e40a-4800-9d68-81ee7d48104e,2026-07-22,00:15:30.23,2026-07-21T19:15:30.2377984-05:00,2026-07-22T00:15:30.2377984Z,,v3,,,,"Waddell, Chase",1000233818,Right,MIL_MIL1,1f214074-9955-43db-ab53-607ae8e4bbc7,55.21541,-132.16867,13.47215,5.90789,-3.82092,-9.97101,0.82412,-4.36464,5.63988,,,,,,,,,,,,,,,,,,,,,,,,,,,,,,,,,,,,,,,,,,,,,,,,,,,High,High,High,,,,,
78,2026-07-21,19:15:42.69,2,2,"Diaz, Juan",673215,Left,MIL_MIL1,"Fuecker, Cole",1000116013,Right,LAK_COU10,Undefined,3,Top,1,0,1,ChangeUp,Changeup,BallCalled,Undefined,Undefined,Undefined,0,0,,80.96165,0.453383,1.232416,1526.775744,97.692908,9:15,5.67747,-1.21629,5.01063,-40.45683,3.27299,-14.77115,2.7341,-1.28382,74.73288,-6.879915,-1.377938,0.475949,,,,,,,,,,,,7.63949,1.89988,1.11055,50,5.68822,-1.90427,-117.57786,-0.55003,10.77333,20.75199,-29.49482,MIL_MIL1,LAK_COU10,FranklinField,American Association,AABL,20260721-FranklinField-1,7a756840-8562-11f1-a17b-7db4bab88cfd,79.19433,,,6.22876,,,,,,,d30aaa50-e40a-4800-9d68-81ee7d48104e,2026-07-22,00:15:42.69,2026-07-21T19:15:42.6939904-05:00,2026-07-22T00:15:42.6939904Z,,v3,,,,"Waddell, Chase",1000233818,Right,MIL_MIL1,0ade49f1-3332-413d-b9cb-80b1218f8aea,55.48925,-118.54273,10.37599,5.68192,0.82134,-14.74741,1.21074,-2.40517,5.38666,,,,,,,,,,,,,,,,,,,,,,,,,,,,,,,,,,,,,,,,,,,,,,,,,,,High,High,High,,,,,
79,2026-07-21,19:15:56.97,2,3,"Diaz, Juan",673215,Left,MIL_MIL1,"Fuecker, Cole",1000116013,Right,LAK_COU10,Undefined,3,Top,1,1,1,Fastball,Sinker,InPlay,Undefined,FlyBall,Out,1,0,,88.69874,-2.340285,1.878311,1834.865655,142.548044,10:45,5.82105,-0.72912,5.34367,-21.77832,14.1445,-10.04123,1.8085,0.19668,82.04086,-6.356686,0.094292,0.431377,81.84908,29.586589,-27.399034,2459.947206,95.4049,51.43675,-54.75279,277.83067,267.63831,-33.73583,4.218215,5.55709,8.01182,0.56746,50,5.5945,-3.78829,-128.77437,-6.03387,9.43452,23.97305,-18.57207,MIL_MIL1,LAK_COU10,FranklinField,American Association,AABL,20260721-FranklinField-1,82ec27c0-8562-11f1-a17b-7db4bab88cfd,87.37709,58.92744,,6.65788,,,,1.5517,1.97803,-0.21538,d30aaa50-e40a-4800-9d68-81ee7d48104e,2026-07-22,00:15:56.97,2026-07-21T19:15:56.9774080-05:00,2026-07-22T00:15:56.9774080Z,LineDrive,v3,,,,"Waddell, Chase",1000233818,Right,MIL_MIL1,ef4cac90-c016-4433-b6f5-a515c57a3796,55.15682,-129.73083,11.98653,5.82046,-5.2929,-9.28603,0.72612,-4.1647,4.71726,154.655155,1.55182,92.67836,-18.65415,4.30604,-0.92476,0.21023,-0.0462,0.0069,-0.00044,1.97897,59.2471,-16.70708,0.58665,0.22947,-0.18507,0.06104,-0.00938,0.00055,-0.21523,-48.04508,4.40238,-0.62834,0.10575,-0.02961,0.00851,-0.00144,0.0001,,,,,,,,,,,,,,,,,,,,,,,High,High,High,High,High,,,
80,2026-07-21,19:16:29.24,3,1,"Diaz, Juan",673215,Left,MIL_MIL1,"Snider, Jake",686744,Left,LAK_COU10,Undefined,3,Top,2,0,0,Sinker,Sinker,StrikeCalled,Undefined,Undefined,Undefined,0,0,,90.11282,-0.833952,4.027342,2025.627202,127.854121,10:15,5.9102,-2.13222,5.54957,-23.0082,11.8682,-13.86808,3.21158,0.48167,82.48485,-5.108486,1.561885,0.425047,,,,,,,,,,,,8.05422,6.55126,1.7925,50,5.82277,-8.56982,-130.57955,-2.71006,13.95682,26.56217,-20.82164,MIL_MIL1,LAK_COU10,FranklinField,American Association,AABL,20260721-FranklinField-1,9631a080-8562-11f1-a17b-7db4bab88cfd,88.67822,,,7.62797,,,,,,,d30aaa50-e40a-4800-9d68-81ee7d48104e,2026-07-22,00:16:29.24,2026-07-21T19:16:29.2465664-05:00,2026-07-22T00:16:29.2465664Z,,v3,,,,"Waddell, Chase",1000233818,Right,MIL_MIL1,8ec50232-b693-42fd-8c00-562eb403f99a,54.9484,-131.58229,13.28108,5.91024,-1.92403,-10.41082,2.12596,-9.0967,6.97841,,,,,,,,,,,,,,,,,,,,,,,,,,,,,,,,,,,,,,,,,,,,,,,,,,,High,High,High,,,,,
81,2026-07-21,19:16:41.81,3,2,"Diaz, Juan",673215,Left,MIL_MIL1,"Snider, Jake",686744,Left,LAK_COU10,Undefined,3,Top,2,0,1,Slider,Slider,FoulBallNotFieldable,Undefined,Undefined,Undefined,0,0,,77.20973,-0.275107,3.328825,2244.29657,228.657231,1:30,5.58134,-2.62176,5.07224,-43.43569,4.72618,3.76689,1.7019,0.83404,71.4775,-8.126936,3.993363,0.499486,74.03466,43.537022,-60.95561,5473.471745,39.04881,75.60587,-102.83542,216.40296,112.35279,-75.226488,4.607434,-1.0237,2.79772,2.30252,50,5.52062,-6.65879,-111.96092,-2.02166,-1.30719,19.07712,-28.60149,MIL_MIL1,LAK_COU10,FranklinField,American Association,AABL,20260721-FranklinField-1,9db1a3f0-8562-11f1-a17b-7db4bab88cfd,75.4625,76.76464,,5.73223,,,,1.38068,1.83019,-0.70891,d30aaa50-e40a-4800-9d68-81ee7d48104e,2026-07-22,00:16:41.81,2026-07-21T19:16:41.8112000-05:00,2026-07-22T00:16:41.8112000Z,FlyBall,v3,,,,"Waddell, Chase",1000233818,Right,MIL_MIL1,33c551e7-e569-4598-9531-3c5fae5e614e,55.42794,-112.882,9.53856,5.5849,-0.64072,-14.30075,2.62249,-6.59567,-0.6536,144.947568,1.38926,38.01434,-14.75729,3.1187,0.34648,-0.49177,0.1465,-0.01899,0.00092,1.82883,74.81051,-21.29631,1.33019,0.22786,-0.27217,0.10279,-0.01744,0.0011,-0.71314,-68.71225,9.85774,-1.05208,-0.61013,0.43479,-0.12521,0.01723,-0.00093,,,,,,,,,,,,,,,,,,,,,,,High,High,High,High,Low,,,
82,2026-07-21,19:17:00.51,3,3,"Diaz, Juan",673215,Left,MIL_MIL1,"Snider, Jake",686744,Left,LAK_COU10,Undefined,3,Top,2,0,2,Fastball,Sinker,FoulBallNotFieldable,Undefined,Undefined,Undefined,0,0,,91.07638,-1.100348,3.596511,2002.305053,137.651073,10:30,5.96076,-1.87493,5.51318,-19.96233,14.1682,-11.95237,3.26616,0.4965,83.44219,-4.825729,1.471876,0.420478,91.89778,9.311142,-36.256332,3935.056107,82.37211,11.16628,-72.90189,182.29088,179.15075,-45.652212,1.747946,7.01914,7.77079,1.56949,50,5.85145,-7.76768,-132.05233,-3.2289,12.44523,27.03415,-18.3961,MIL_MIL1,LAK_COU10,FranklinField,American Association,AABL,20260721-FranklinField-1,a8d1ffa0-8562-11f1-a17b-7db4bab88cfd,89.64196,11.51625,,7.63419,,,,0.86162,3.21618,-0.42261,d30aaa50-e40a-4800-9d68-81ee7d48104e,2026-07-22,00:17:00.51,2026-07-21T19:17:00.5163520-05:00,2026-07-22T00:17:00.5163520Z,LineDrive,v3,,,,"Waddell, Chase",1000233818,Right,MIL_MIL1,29724cc6-7634-42c1-9117-c53bb46f1e7d,54.98604,-133.06917,13.51707,5.95989,-2.53697,-9.19805,1.87046,-8.23578,6.22262,109.690261,0.86162,107.25433,-26.27265,5.06443,-1.12633,0.23656,-0.04742,0.00748,-0.00062,3.21618,21.80734,-15.10208,1.13899,-0.19331,0.04219,-0.0071,0.00102,-9E-05,-0.42261,-78.66038,1.55162,0.95414,-0.38378,0.11583,-0.02751,0.00472,-0.00041,,,,,,,,,,,,,,,,,,,,,,,High,High,High,High,High,,,
83,2026-07-21,19:17:45.56,3,4,"Diaz, Juan",673215,Left,MIL_MIL1,"Snider, Jake",686744,Left,LAK_COU10,Undefined,3,Top,2,0,2,Curveball,Curveball,BallCalled,Undefined,Undefined,Undefined,0,0,,77.36695,2.714266,0.981343,2374.02112,323.614281,4:45,5.78943,-1.88469,5.18609,-55.34444,-7.54878,6.60666,3.73325,-0.4108,71.21123,-7.305167,2.151645,0.497583,,,,,,,,,,,,-3.02043,-4.01811,1.78837,50,5.99946,-2.18852,-112.27181,3.36777,-3.86968,19.61247,-37.32196,MIL_MIL1,LAK_COU10,FranklinField,American Association,AABL,20260721-FranklinField-1,c3bb7e90-8562-11f1-a17b-7db4bab88cfd,75.75107,,,6.15572,,,,,,,d30aaa50-e40a-4800-9d68-81ee7d48104e,2026-07-22,00:17:45.56,2026-07-21T19:17:45.5611392-05:00,2026-07-22T00:17:45.5611392Z,,v3,,,,"Waddell, Chase",1000233818,Right,MIL_MIL1,cc7ba820-e301-42b2-874b-b627c6a17a9e,55.31497,-113.19647,9.80624,5.79921,5.12735,-18.66098,1.88725,-2.00608,-1.93484,,,,,,,,,,,,,,,,,,,,,,,,,,,,,,,,,,,,,,,,,,,,,,,,,,,High,High,High,,,,,
84,2026-07-21,19:18:05.42,3,5,"Diaz, Juan",673215,Left,MIL_MIL1,"Snider, Jake",686744,Left,LAK_COU10,Undefined,3,Top,2,1,2,Slider,Slider,InPlay,Undefined,GroundBall,Out,1,0,,80.68991,-0.045022,2.52926,2197.190177,316.964557,4:30,5.69209,-2.11309,5.08571,-47.15404,-2.70181,3.85697,1.72012,0.59381,74,-8.567965,3.211261,0.479864,87.22118,-9.228019,15.246279,,,,,14.79318,12.86656,11.04614,0.099535,-1.19732,-0.99697,1.87041,50,5.65031,-5.32582,-116.991,-1.80363,-1.65094,23.12142,-33.54875,MIL_MIL1,LAK_COU10,FranklinField,American Association,AABL,20260721-FranklinField-1,cf870e60-8562-11f1-a17b-7db4bab88cfd,78.54818,2.04526,,6.68992,,,,2.37337,2.04526,-0.4761,d30aaa50-e40a-4800-9d68-81ee7d48104e,2026-07-22,00:18:05.42,2026-07-21T19:18:05.4258688-05:00,2026-07-22T00:18:05.4258688Z,GroundBall,v3,,,,"Waddell, Chase",1000233818,Right,MIL_MIL1,68aaba73-81dc-430c-9d1e-6340d4d27cb6,55.41454,-118.05625,11.56071,5.6978,-0.25798,-16.77438,2.11403,-5.24976,-0.82547,180,2.37015,122.02532,,,,,,,,2.0458,-20.54824,,,,,,,,-0.47697,33.25941,,,,,,,,,,,,,,,,,,,,,,,,,,,,,,High,High,High,High,High,,,
85,2026-07-21,19:20:51.52,1,1,"Anderson , Shane ",10991107,Right,LAK_COU10,"Perez, Delvin",666206,Right,MIL_MIL1,Undefined,3,Bottom,0,0,0,Fastball,Four-Seam,BallCalled,Undefined,Undefined,Undefined,0,0,,88.34975,-2.783239,-2.703864,2413.666297,194.188955,12:30,5.60101,2.26497,5.93242,-17.91489,17.71753,4.20575,1.52099,0.10503,81.33681,-6.158062,-1.949555,0.42963,,,,,,,,,,,,-2.86866,10.16071,-2.05137,50,5.36825,5.88114,-128.16923,-6.76887,-4.80166,24.94241,-15.16682,MIL_MIL1,LAK_COU10,FranklinField,American Association,AABL,20260721-FranklinField-1,32841710-8563-11f1-a17b-7db4bab88cfd,87.73239,,,7.01294,,,,,,,d30aaa50-e40a-4800-9d68-81ee7d48104e,2026-07-22,00:20:51.52,2026-07-21T19:20:51.5271680-05:00,2026-07-22T00:20:51.5271680Z,,v3,,,,"Feliciano, Mario",666128,Right,LAK_COU10,9ce629ac-d624-44c7-8aff-9ec9d07d9dcd,54.56635,-129.0548,12.4712,5.59902,-6.23037,-7.58341,-2.26321,6.05162,-2.40083,,,,,,,,,,,,,,,,,,,,,,,,,,,,,,,,,,,,,,,,,,,,,,,,,,,High,High,High,,,,,
86,2026-07-21,19:21:07.88,1,2,"Anderson , Shane ",10991107,Right,LAK_COU10,"Perez, Delvin",666206,Right,MIL_MIL1,Undefined,3,Bottom,0,1,0,Fastball,Four-Seam,BallCalled,Undefined,Undefined,Undefined,0,0,,88.77548,-2.323149,-4.307778,2485.141679,191.608202,12:30,5.70034,2.05969,5.95493,-16.58836,19.12643,3.68307,2.15626,-1.63586,80.83584,-5.485576,-3.649241,0.430126,,,,,,,,,,,,-3.13488,10.83741,-1.71888,50,5.50588,9.52228,-128.46705,-5.68684,-5.21758,27.62837,-14.13675,MIL_MIL1,LAK_COU10,FranklinField,American Association,AABL,20260721-FranklinField-1,3c4530e0-8563-11f1-a17b-7db4bab88cfd,87.63123,,,7.93964,,,,,,,d30aaa50-e40a-4800-9d68-81ee7d48104e,2026-07-22,00:21:07.88,2026-07-21T19:21:07.8812160-05:00,2026-07-22T00:21:07.8812160Z,,v3,,,,"Feliciano, Mario",666128,Right,LAK_COU10,c65488dd-2295-422c-9568-c62089199e25,54.5416,-129.44009,13.81418,5.6974,-5.18896,-7.06837,-2.05748,9.70604,-2.60879,,,,,,,,,,,,,,,,,,,,,,,,,,,,,,,,,,,,,,,,,,,,,,,,,,,High,High,High,,,,,
87,2026-07-21,19:21:24.98,1,3,"Anderson , Shane ",10991107,Right,LAK_COU10,"Perez, Delvin",666206,Right,MIL_MIL1,Undefined,3,Bottom,0,2,0,Fastball,Four-Seam,BallCalled,Undefined,Undefined,Undefined,0,0,,87.98313,-3.193251,-2.940174,2429.960511,191.706638,12:30,5.51316,2.25447,6.06199,-19.54316,16.02257,3.11114,0.92223,-0.20981,81.6045,-6.845724,-2.380906,0.429227,,,,,,,,,,,,-2.33213,9.38016,-2.02792,50,5.25431,6.43668,-127.68295,-7.72155,-3.89858,23.18191,-16.49347,MIL_MIL1,LAK_COU10,FranklinField,American Association,AABL,20260721-FranklinField-1,46733d50-8563-11f1-a17b-7db4bab88cfd,87.81469,,,6.37863,,,,,,,d30aaa50-e40a-4800-9d68-81ee7d48104e,2026-07-22,00:21:24.98,2026-07-21T19:21:24.9855488-05:00,2026-07-22T00:21:24.9855488Z,,v3,,,,"Feliciano, Mario",666128,Right,LAK_COU10,1680bb80-2f8c-45b6-bbe1-18b01e45930c,54.43838,-128.48625,11.59096,5.51198,-7.15002,-8.24673,-2.25331,6.57178,-1.94929,,,,,,,,,,,,,,,,,,,,,,,,,,,,,,,,,,,,,,,,,,,,,,,,,,,High,High,High,,,,,
88,2026-07-21,19:21:41.20,1,4,"Anderson , Shane ",10991107,Right,LAK_COU10,"Perez, Delvin",666206,Right,MIL_MIL1,Undefined,3,Bottom,0,3,0,Fastball,Four-Seam,StrikeCalled,Undefined,Undefined,Undefined,0,0,,88.92642,-1.903473,-2.793211,2548.947253,203.614623,12:45,5.53967,2.50909,5.94129,-19.08029,16.09005,6.5639,2.18121,0.46301,81.68497,-5.496365,-1.61579,0.426834,,,,,,,,,,,,-4.11189,9.09493,-2.29008,50,5.37699,6.02508,-129.05948,-4.87517,-6.96843,25.65618,-16.76084,MIL_MIL1,LAK_COU10,FranklinField,American Association,AABL,20260721-FranklinField-1,5022f200-8563-11f1-a17b-7db4bab88cfd,88.30693,,,7.24145,,,,,,,d30aaa50-e40a-4800-9d68-81ee7d48104e,2026-07-22,00:21:41.20,2026-07-21T19:21:41.2058624-05:00,2026-07-22T00:21:41.2058624Z,,v3,,,,"Feliciano, Mario",666128,Right,LAK_COU10,1ca3167d-b23f-442d-ba16-a1d823237780,54.55718,-129.96226,12.82809,5.53816,-4.2854,-8.38042,-2.5064,6.27028,-3.48422,,,,,,,,,,,,,,,,,,,,,,,,,,,,,,,,,,,,,,,,,,,,,,,,,,,High,High,High,,,,,
89,2026-07-21,19:21:55.94,1,5,"Anderson , Shane ",10991107,Right,LAK_COU10,"Perez, Delvin",666206,Right,MIL_MIL1,Undefined,3,Bottom,0,3,1,Fastball,Four-Seam,InPlay,Undefined,FlyBall,Out,1,0,,88.29372,-1.820498,-2.293366,2460.46178,196.539857,12:30,5.49876,2.33933,6.10146,-18.53588,16.85245,4.68799,2.26856,0.60792,81.20932,-5.32575,-1.449466,0.428155,76.11227,33.911989,9.895993,4347.507079,105.96044,60.41674,29.53507,226.03299,162.70069,26.310899,4.412799,-3.04004,9.52764,-2.16543,50,5.34884,4.95106,-128.25282,-4.61914,-5.09107,25.17259,-16.21829,MIL_MIL1,LAK_COU10,FranklinField,American Association,AABL,20260721-FranklinField-1,58e671f0-8563-11f1-a17b-7db4bab88cfd,88.03447,64.42145,,7.0844,,,,1.24993,2.31166,-0.59826,d30aaa50-e40a-4800-9d68-81ee7d48104e,2026-07-22,00:21:55.94,2026-07-21T19:21:55.9497728-05:00,2026-07-22T00:21:55.9497728Z,FlyBall,v3,,,,"Feliciano, Mario",666128,Right,LAK_COU10,c64c616c-be9d-479a-8694-06f32959460b,54.39797,-129.11313,12.58629,5.49724,-4.06485,-8.10915,-2.33761,5.12505,-2.54553,208.556866,1.24886,91.28654,-20.61089,4.50523,-0.92669,0.18423,-0.03271,0.00387,-0.0002,2.31345,62.24583,-17.85372,1.78156,-0.5424,0.14722,-0.02708,0.00308,-0.00016,-0.59795,15.91608,2.99653,-0.57839,0.06851,0.00467,-0.00319,0.00047,-3E-05,,,,,,,,,,,,,,,,,,,,,,,High,High,High,High,Medium,,,
90,2026-07-21,19:22:31.83,2,1,"Anderson , Shane ",10991107,Right,LAK_COU10,"Olund, Alec",10000829,Right,MIL_MIL1,Undefined,3,Bottom,1,0,0,Fastball,Four-Seam,StrikeCalled,Undefined,Undefined,Undefined,0,0,,89.39572,-2.250171,-3.706906,2499.569443,194.230326,12:30,5.59498,2.23269,5.832,-17.87229,17.06591,4.06284,2.00858,-0.87919,82.31992,-5.608719,-2.980993,0.425424,,,,,,,,,,,,-3.02473,9.62359,-1.93227,50,5.40036,8.2247,-129.5994,-5.6509,-5.18447,25.10851,-15.67899,MIL_MIL1,LAK_COU10,FranklinField,American Association,AABL,20260721-FranklinField-1,6e4ccee0-8563-11f1-a17b-7db4bab88cfd,88.59971,,,7.0758,,,,,,,d30aaa50-e40a-4800-9d68-81ee7d48104e,2026-07-22,00:22:31.83,2026-07-21T19:22:31.8304768-05:00,2026-07-22T00:22:31.8304768Z,,v3,,,,"Feliciano, Mario",666128,Right,LAK_COU10,e4d58797-b70a-4730-86f8-7713e9ee53b1,54.66627,-130.50031,12.55426,5.59303,-5.08833,-7.8395,-2.23071,8.41072,-2.59223,,,,,,,,,,,,,,,,,,,,,,,,,,,,,,,,,,,,,,,,,,,,,,,,,,,High,High,High,,,,,
91,2026-07-21,19:22:48.52,2,2,"Anderson , Shane ",10991107,Right,LAK_COU10,"Olund, Alec",10000829,Right,MIL_MIL1,Undefined,3,Bottom,1,0,1,Fastball,Four-Seam,BallCalled,Undefined,Undefined,Undefined,0,0,,88.72214,-0.111708,-2.586028,2473.874149,195.500368,12:30,5.6174,2.27149,5.78791,-20.08237,15.52922,3.99941,3.83984,0.19738,81.10151,-3.893769,-1.870838,0.429504,,,,,,,,,,,,-2.73351,8.27697,-2.06074,50,5.59615,5.64268,-128.7559,-0.87987,-4.59729,26.26676,-18.25358,MIL_MIL1,LAK_COU10,FranklinField,American Association,AABL,20260721-FranklinField-1,783f31e0-8563-11f1-a17b-7db4bab88cfd,87.75807,,,7.62063,,,,,,,d30aaa50-e40a-4800-9d68-81ee7d48104e,2026-07-22,00:22:48.52,2026-07-21T19:22:48.5247488-05:00,2026-07-22T00:22:48.5247488Z,,v3,,,,"Feliciano, Mario",666128,Right,LAK_COU10,84cb0d73-ddf7-4bea-aee3-c695dc73320f,54.70866,-129.71293,13.13338,5.61609,-0.2148,-9.12679,-2.26939,5.81018,-2.29865,,,,,,,,,,,,,,,,,,,,,,,,,,,,,,,,,,,,,,,,,,,,,,,,,,,High,High,High,,,,,
92,2026-07-21,19:23:04.82,2,3,"Anderson , Shane ",10991107,Right,LAK_COU10,"Olund, Alec",10000829,Right,MIL_MIL1,Undefined,3,Bottom,1,1,1,Fastball,Four-Seam,FoulBallNotFieldable,Undefined,Undefined,Undefined,0,0,,88.68398,-0.724152,-3.156596,2532.416722,197.576963,12:30,5.55301,2.25434,5.85849,-19.38265,16.02816,4.74339,3.26396,-0.28601,81.49213,-4.37052,-2.307881,0.428292,69.45079,38.150889,155.506618,4366.495154,-103.31696,47.25223,37.75681,213.95357,78.32553,161.407556,3.237587,-3.26374,8.72623,-2.00088,50,5.48289,6.90457,-128.73884,-2.23095,-5.51152,25.16856,-17.438,MIL_MIL1,LAK_COU10,FranklinField,American Association,AABL,20260721-FranklinField-1,81fa3130-8563-11f1-a17b-7db4bab88cfd,88.0065,47.25204,,7.19184,,,,0.82539,3.10801,0.22778,d30aaa50-e40a-4800-9d68-81ee7d48104e,2026-07-22,00:23:04.82,2026-07-21T19:23:04.8290816-05:00,2026-07-22T00:23:04.8290816Z,FlyBall,v3,,,,"Feliciano, Mario",666128,Right,LAK_COU10,6388034f-586a-4b9e-9fc0-5466cd89dbab,54.64076,-129.64294,12.58428,5.55178,-1.60454,-8.719,-2.25246,7.10255,-2.75576,317.262086,0.82593,-72.91696,2.25763,0.38954,0.34167,-0.50113,0.24417,-0.05225,0.00413,3.10777,62.93245,-26.23641,3.4918,-0.88368,0.31456,-0.11187,0.02356,-0.002,0.22869,33.17971,-8.66695,2.66134,-0.41287,0.04134,-0.05329,0.02365,-0.00291,,,,,,,,,,,,,,,,,,,,,,,High,High,High,High,Low,,,
93,2026-07-21,19:23:24.92,2,4,"Anderson , Shane ",10991107,Right,LAK_COU10,"Olund, Alec",10000829,Right,MIL_MIL1,Undefined,3,Bottom,1,1,2,Fastball,Four-Seam,FoulBallNotFieldable,Undefined,Undefined,Undefined,0,0,,89.0518,-1.798943,-2.854855,2488.624909,183.520026,12:00,5.50156,2.46373,5.97019,-19.60099,15.51973,0.88748,2.1977,-0.11126,81.65977,-5.488004,-2.695651,0.426533,84.13775,43.506861,48.631078,5520.999391,59.19262,88.13113,92.71559,247.09694,129.32142,65.24714,5.14779,-1.23378,8.80134,-2.23803,50,5.34798,6.40689,-129.21181,-4.66166,-2.09018,26.39534,-17.26323,MIL_MIL1,LAK_COU10,FranklinField,American Association,AABL,20260721-FranklinField-1,8df0c8a0-8563-11f1-a17b-7db4bab88cfd,88.36926,95.49774,,7.39204,,,,0.14374,2.01387,0.05902,d30aaa50-e40a-4800-9d68-81ee7d48104e,2026-07-22,00:23:24.92,2026-07-21T19:23:24.9295360-05:00,2026-07-22T00:23:24.9295360Z,FlyBall,v3,,,,"Feliciano, Mario",666128,Right,LAK_COU10,17e6ed5f-44b7-4c7b-a1b4-9fdde2414d53,54.52791,-130.13349,13.19767,5.50024,-4.05887,-8.63161,-2.46302,6.47987,-1.04509,212.147849,0.16026,58.80251,-20.61578,4.21024,0.44171,-0.60081,0.17153,-0.02156,0.00103,2.00726,85.06494,-22.69359,1.87909,-0.14089,-0.08523,0.04581,-0.00829,0.00052,0.06144,67.10861,-8.78914,0.88064,0.37534,-0.25527,0.06924,-0.00902,0.00046,,,,,,,,,,,,,,,,,,,,,,,High,High,High,High,Low,,,
94,2026-07-21,19:23:45.09,2,5,"Anderson , Shane ",10991107,Right,LAK_COU10,"Olund, Alec",10000829,Right,MIL_MIL1,Undefined,3,Bottom,1,1,2,Fastball,Four-Seam,BallCalled,Undefined,Undefined,Undefined,0,0,,88.39,0.816047,-1.372721,2471.774113,193.19694,12:30,5.61553,2.30394,5.79559,-19.88186,15.76328,3.45229,4.71803,1.31454,81.13302,-2.926449,-0.754607,0.429706,,,,,,,,,,,,-2.10516,8.14477,-2.19309,50,5.67068,2.92965,-128.42256,1.21015,-3.54102,24.79894,-18.47399,MIL_MIL1,LAK_COU10,FranklinField,American Association,AABL,20260721-FranklinField-1,99f7dad0-8563-11f1-a17b-7db4bab88cfd,87.71682,,,7.25698,,,,,,,d30aaa50-e40a-4800-9d68-81ee7d48104e,2026-07-22,00:23:45.09,2026-07-21T19:23:45.0934784-05:00,2026-07-22T00:23:45.0934784Z,,v3,,,,"Feliciano, Mario",666128,Right,LAK_COU10,7f6b6c48-c305-4080-b6bf-591b4612dfa9,54.70155,-129.32726,12.39947,5.61424,1.88411,-9.237,-2.30232,3.05883,-1.77051,,,,,,,,,,,,,,,,,,,,,,,,,,,,,,,,,,,,,,,,,,,,,,,,,,,High,High,High,,,,,
95,2026-07-21,19:24:03.24,2,6,"Anderson , Shane ",10991107,Right,LAK_COU10,"Olund, Alec",10000829,Right,MIL_MIL1,Undefined,3,Bottom,1,2,2,Fastball,Four-Seam,FoulBallNotFieldable,Undefined,Undefined,Undefined,0,0,,88.99657,-1.424866,-3.931438,2537.100756,198.048968,12:30,5.49981,2.31044,5.83015,-21.82379,13.42202,4.03339,2.35328,-1.01366,81.95524,-5.492382,-3.211086,0.427292,88.56616,25.69672,48.856183,5279.91587,62.29817,46.80906,90.65776,290.43618,179.65353,68.778536,4.45952,-3.08272,7.55493,-1.99152,50,5.37031,8.70177,-129.05795,-3.92737,-5.23715,25.0304,-19.3392,MIL_MIL1,LAK_COU10,FranklinField,American Association,AABL,20260721-FranklinField-1,a4c95330-8563-11f1-a17b-7db4bab88cfd,88.21229,57.97108,,7.04134,,,,-0.18831,2.42197,1.11514,d30aaa50-e40a-4800-9d68-81ee7d48104e,2026-07-22,00:24:03.24,2026-07-21T19:24:03.2430080-05:00,2026-07-22T00:24:03.2430080Z,FlyBall,v3,,,,"Feliciano, Mario",666128,Right,LAK_COU10,faf5a8fb-43e5-4f0e-bb28-0be47384fa48,54.66894,-129.96032,12.5152,5.49933,-3.23017,-9.6696,-2.30864,8.89057,-2.61857,,-0.16729,76.49141,-21.56574,0.81826,3.62109,-2.42184,0.76136,-0.12075,0.00772,2.43211,56.09144,-14.58229,-1.36291,1.90883,-0.96239,0.26707,-0.03805,0.00214,1.13293,87.73988,-5.68092,-3.41799,3.36601,-1.61783,0.43096,-0.05951,0.00329,,,,,,,,,,,,,,,,,,,,,,,High,High,High,Medium,Medium,,,
96,2026-07-21,19:24:23.71,2,7,"Anderson , Shane ",10991107,Right,LAK_COU10,"Olund, Alec",10000829,Right,MIL_MIL1,Undefined,3,Bottom,1,2,2,Fastball,Four-Seam,BallCalled,Undefined,Undefined,Undefined,0,0,,89.64315,-2.439543,-3.894314,2480.765135,190.709032,12:15,5.5122,2.25259,6.01994,-17.13934,17.47938,3.10402,1.81773,-1.10138,82.33772,-5.68036,-3.338044,0.423474,,,,,,,,,,,,-2.63504,9.97914,-1.94888,50,5.31123,8.71601,-129.91645,-6.04738,-4.52342,26.09233,-15.04341,MIL_MIL1,LAK_COU10,FranklinField,American Association,AABL,20260721-FranklinField-1,b1024ad0-8563-11f1-a17b-7db4bab88cfd,89.00767,,,7.30543,,,,,,,d30aaa50-e40a-4800-9d68-81ee7d48104e,2026-07-22,00:24:23.71,2026-07-21T19:24:23.7191680-05:00,2026-07-22T00:24:23.7191680Z,,v3,,,,"Feliciano, Mario",666128,Right,LAK_COU10,7cbd8e6e-8293-4090-9fdb-3cb265ef8a28,54.47844,-130.8128,13.04617,5.5101,-5.53059,-7.52171,-2.25097,8.8714,-2.26171,,,,,,,,,,,,,,,,,,,,,,,,,,,,,,,,,,,,,,,,,,,,,,,,,,,High,High,High,,,,,
97,2026-07-21,19:24:40.22,2,8,"Anderson , Shane ",10991107,Right,LAK_COU10,"Olund, Alec",10000829,Right,MIL_MIL1,Undefined,3,Bottom,1,3,2,Fastball,Four-Seam,InPlay,Undefined,LineDrive,Out,1,0,,89.66508,-2.541073,-3.282345,2572.503783,201.55881,12:45,5.48701,2.2432,6.0729,-18.53347,16.03721,5.90516,1.58585,-0.30524,82.19233,-6.040722,-2.221222,0.42318,103.39515,14.938577,-1.039208,1633.588106,109.94006,23.06158,3.6281,267.21753,259.57826,5.868149,2.632468,-3.96244,9.31264,-1.99213,50,5.28005,7.21735,-130.02008,-6.33151,-6.79323,26.87765,-16.2085,MIL_MIL1,LAK_COU10,FranklinField,American Association,AABL,20260721-FranklinField-1,bad5db30-8563-11f1-a17b-7db4bab88cfd,89.06943,25.33512,,7.47275,,,,1.04199,1.56928,0.34869,d30aaa50-e40a-4800-9d68-81ee7d48104e,2026-07-22,00:24:40.22,2026-07-21T19:24:40.2237440-05:00,2026-07-22T00:24:40.2237440Z,LineDrive,v3,,,,"Feliciano, Mario",666128,Right,LAK_COU10,42b12b94-84ce-4c5e-b73e-f78bd303481a,54.42605,-130.93183,13.43883,5.4855,-5.78168,-8.10425,-2.24087,7.44779,-3.39661,236.608804,1.04205,146.49361,-27.20995,5.81034,-1.14296,0.1421,0.00857,-0.00704,0.00084,1.56923,39.09538,-17.2023,1.10061,-0.27252,0.16371,-0.07402,0.01771,-0.00167,0.34858,-2.65121,9.8241,-3.23059,0.67099,0.02883,-0.07788,0.0231,-0.00234,,,,,,,,,,,,,,,,,,,,,,,High,High,High,High,Medium,,,
98,2026-07-21,19:25:13.34,3,1,"Anderson , Shane ",10991107,Right,LAK_COU10,"Waddell, Chase",1000233818,Left,MIL_MIL1,Undefined,3,Bottom,2,0,0,Fastball,Four-Seam,BallCalled,Undefined,Undefined,Undefined,0,0,,88.39086,-2.865041,-4.918307,2535.233558,212.667025,1:00,5.50711,2.32412,6.05996,-20.03477,15.48658,9.24717,1.17382,-1.4686,81.52316,-6.618924,-3.262407,0.428959,,,,,,,,,,,,-6.00677,9.04044,-1.94637,50,5.2729,10.63558,-127.94589,-7.02962,-10.04703,24.16565,-17.05288,MIL_MIL1,LAK_COU10,FranklinField,American Association,AABL,20260721-FranklinField-1,ce958d00-8563-11f1-a17b-7db4bab88cfd,87.86951,,,6.86769,,,,,,,d30aaa50-e40a-4800-9d68-81ee7d48104e,2026-07-22,00:25:13.34,2026-07-21T19:25:13.3454336-05:00,2026-07-22T00:25:13.3454336Z,,v3,,,,"Feliciano, Mario",666128,Right,LAK_COU10,775f21cd-afb9-4b3b-aae6-18b1c39dda57,54.43887,-128.78155,12.08282,5.5058,-6.43992,-8.52644,-2.32016,10.98301,-5.02352,,,,,,,,,,,,,,,,,,,,,,,,,,,,,,,,,,,,,,,,,,,,,,,,,,,High,High,High,,,,,
99,2026-07-21,19:25:29.77,3,2,"Anderson , Shane ",10991107,Right,LAK_COU10,"Waddell, Chase",1000233818,Left,MIL_MIL1,Undefined,3,Bottom,2,1,0,Fastball,Four-Seam,BallCalled,Undefined,Undefined,Undefined,0,0,,89.33464,-2.699576,-2.545141,2541.781456,193.975661,12:30,5.4893,2.57549,5.96009,-18.99816,15.89052,3.68544,1.39852,0.52099,82.06817,-6.270703,-1.883563,0.425122,,,,,,,,,,,,-2.58477,9.22871,-2.37551,50,5.26411,5.60934,-129.6006,-6.69796,-4.41099,26.23049,-16.42492,MIL_MIL1,LAK_COU10,FranklinField,American Association,AABL,20260721-FranklinField-1,d85d0f70-8563-11f1-a17b-7db4bab88cfd,88.66258,,,7.26647,,,,,,,d30aaa50-e40a-4800-9d68-81ee7d48104e,2026-07-22,00:25:29.77,2026-07-21T19:25:29.7778176-05:00,2026-07-22T00:25:29.7778176Z,,v3,,,,"Feliciano, Mario",666128,Right,LAK_COU10,345ddb05-8936-4cbe-8207-ed177ccf86a8,54.53868,-130.51598,13.11524,5.48785,-6.12478,-8.21246,-2.57394,5.76327,-2.2055,,,,,,,,,,,,,,,,,,,,,,,,,,,,,,,,,,,,,,,,,,,,,,,,,,,High,High,High,,,,,
100,2026-07-21,19:25:47.34,3,3,"Anderson , Shane ",10991107,Right,LAK_COU10,"Waddell, Chase",1000233818,Left,MIL_MIL1,Undefined,3,Bottom,2,2,0,Fastball,Four-Seam,FoulBallNotFieldable,Undefined,Undefined,Undefined,0,0,,88.83243,-1.55981,-2.403713,2484.631726,199.910043,12:45,5.47167,2.5193,6.10312,-20.5684,14.37501,4.82823,2.31352,0.69742,81.74722,-5.427574,-1.534566,0.425455,74.79372,5.654595,-170.704681,1035.846375,,,,103.08964,56.57026,-170.060441,1.08561,-3.12906,8.15941,-2.337,50,5.34076,5.22292,-129.0395,-4.14186,-5.30763,25.34329,-18.33362,MIL_MIL1,LAK_COU10,FranklinField,American Association,AABL,20260721-FranklinField-1,e2d56b50-8563-11f1-a17b-7db4bab88cfd,88.59314,4.57119,,7.08521,,,,0.84025,2.11871,-0.63882,d30aaa50-e40a-4800-9d68-81ee7d48104e,2026-07-22,00:25:47.34,2026-07-21T19:25:47.3433088-05:00,2026-07-22T00:25:47.3433088Z,GroundBall,v3,,,,"Feliciano, Mario",666128,Right,LAK_COU10,c2f48610-6816-4223-b18b-3800c76a0843,54.39585,-129.89997,12.67165,5.47082,-3.51938,-9.16681,-2.5174,5.40313,-2.65381,184.014292,0.84025,-107.73006,14.92065,-2.83367,0.52723,-0.09729,0.01866,-0.00324,0.00034,2.11871,10.8086,-12.01653,0.2419,0.00248,-0.00472,0.0027,-0.00051,5E-05,-0.63882,-17.63243,2.05157,-0.40536,0.07551,-0.01409,0.00269,-0.00046,5E-05,,,,,,,,,,,,,,,,,,,,,,,High,High,High,High,Low,,,
101,2026-07-21,19:26:08.29,3,4,"Anderson , Shane ",10991107,Right,LAK_COU10,"Waddell, Chase",1000233818,Left,MIL_MIL1,Undefined,3,Bottom,2,2,1,Fastball,Four-Seam,InPlay,Undefined,GroundBall,Out,1,0,,89.31773,-1.786179,-3.081232,2569.836601,189.234181,12:15,5.48759,2.32335,6.01473,-18.02682,16.87532,2.56465,2.32783,-0.31992,81.76367,-5.199808,-2.620946,0.425204,82.78259,-29.52147,55.026221,,,,,5.50439,5.50439,42.395899,0.039221,-2.17689,9.52378,-2.08299,50,5.33748,6.87013,-129.57536,-4.57826,-3.70367,26.89349,-15.97075,MIL_MIL1,LAK_COU10,FranklinField,American Association,AABL,20260721-FranklinField-1,ef513850-8563-11f1-a17b-7db4bab88cfd,88.64552,2.35214,,7.55406,,,,1.68407,2.35214,0.30768,d30aaa50-e40a-4800-9d68-81ee7d48104e,2026-07-22,00:26:08.29,2026-07-21T19:26:08.2905088-05:00,2026-07-22T00:26:08.2905088Z,GroundBall,v3,,,,"Feliciano, Mario",666128,Right,LAK_COU10,d519c7fa-355d-447c-a4d2-6394757d33f7,54.48377,-130.50266,13.44674,5.48585,-4.02759,-7.98538,-2.32208,6.99783,-1.85184,,1.68315,60.70592,,,,,,,,2.35305,-59.97156,,,,,,,,0.30636,86.78153,,,,,,,,,,,,,,,,,,,,,,,,,,,,,,High,High,High,Estimated,Estimated,,,
102,2026-07-21,19:28:59.01,1,1,"Diaz, Juan",673215,Left,MIL_MIL1,"Roberts, Brett",689355,Right,LAK_COU10,Undefined,4,Top,0,0,0,Undefined,Changeup,BallCalled,Undefined,Undefined,Undefined,0,0,,78.96657,-0.721831,3.790639,1538.304078,86.563891,9:00,5.61042,-1.29011,4.98213,-45.62199,0.50807,-14.01985,1.12539,1.1265,73.2025,-8.932351,1.317986,0.488836,,,,,,,,,,,,8.01063,0.74409,0.93642,50,5.50284,-7.02639,-114.49837,-3.07554,10.72072,19.53004,-31.1782,MIL_MIL1,LAK_COU10,FranklinField,American Association,AABL,20260721-FranklinField-1,55188490-8564-11f1-a17b-7db4bab88cfd,77.10648,,,5.76408,,,,,,,d30aaa50-e40a-4800-9d68-81ee7d48104e,2026-07-22,00:28:59.01,2026-07-21T19:28:59.0110000-05:00,2026-07-22T00:28:59.0110000Z,,v3,,,,"Waddell, Chase",1000233818,Right,MIL_MIL1,eb7ca52e-a37f-4539-9ff7-ec7e405739a7,55.51999,-115.43608,9.76502,5.61457,-1.57856,-15.5891,1.28615,-7.54113,5.36036,,,,,,,,,,,,,,,,,,,,,,,,,,,,,,,,,,,,,,,,,,,,,,,,,,,High,High,High,,,,,
103,2026-07-21,19:29:10.92,1,2,"Diaz, Juan",673215,Left,MIL_MIL1,"Roberts, Brett",689355,Right,LAK_COU10,Undefined,4,Top,0,1,0,Fastball,Four-Seam,BallCalled,Undefined,Undefined,Undefined,0,0,,88.51611,-2.743459,3.058638,2003.117829,137.721029,10:30,5.79782,-0.9119,5.36604,-22.7308,13.18729,-11.09993,1.32553,1.03378,82.34865,-6.912969,1.087937,0.431348,,,,,,,,,,,,6.33528,7.57504,0.6456,50,5.53502,-6.38706,-128.44177,-6.97302,10.76613,22.29337,-19.30107,MIL_MIL1,LAK_COU10,FranklinField,American Association,AABL,20260721-FranklinField-1,5c2b9560-8564-11f1-a17b-7db4bab88cfd,87.38284,,,6.16746,,,,,,,d30aaa50-e40a-4800-9d68-81ee7d48104e,2026-07-22,00:29:10.92,2026-07-21T19:29:10.9240000-05:00,2026-07-22T00:29:10.9240000Z,,v3,,,,"Waddell, Chase",1000233818,Right,MIL_MIL1,74701954-19cf-4f08-85c7-905d1d292c2f,55.13509,-129.32998,11.14668,5.79752,-6.20403,-9.65054,0.90862,-6.81601,5.38306,,,,,,,,,,,,,,,,,,,,,,,,,,,,,,,,,,,,,,,,,,,,,,,,,,,High,High,High,,,,,
104,2026-07-21,19:29:25.88,1,3,"Diaz, Juan",673215,Left,MIL_MIL1,"Roberts, Brett",689355,Right,LAK_COU10,Undefined,4,Top,0,2,0,Sinker,Sinker,InPlay,Undefined,LineDrive,Double,0,0,,89.09307,-0.864444,2.778742,2053.275543,126.900956,10:15,5.77102,-0.94023,5.38771,-23.5736,12.13272,-14.72497,2.99532,0.43918,81.85672,-5.225257,0.163096,0.430075,110.87749,15.171691,-24.503238,1798.02325,96.82751,25.46878,-52.19582,298.26903,295.72514,-34.505023,2.783295,8.17189,6.65138,0.70273,50,5.67723,-5.62843,-129.30381,-2.79279,13.91897,25.43326,-20.84497,MIL_MIL1,LAK_COU10,FranklinField,American Association,AABL,20260721-FranklinField-1,6516c190-8564-11f1-a17b-7db4bab88cfd,87.64158,29.19136,,7.23635,,,,1.26163,2.92649,-0.35921,d30aaa50-e40a-4800-9d68-81ee7d48104e,2026-07-22,00:29:25.88,2026-07-21T19:29:25.8830000-05:00,2026-07-22T00:29:25.8830000Z,LineDrive,v3,,,,"Waddell, Chase",1000233818,Right,MIL_MIL1,d922ac9c-009d-47cf-9b03-35a4320c4f63,55.11224,-130.30547,12.71663,5.77106,-1.97182,-10.42249,0.9352,-6.17662,6.95949,112.061403,1.26164,142.81623,-33.33487,8.25003,-1.90721,0.38366,-0.06703,0.00829,-0.0005,2.92649,42.55988,-18.75657,1.26598,-0.01775,-0.03719,0.01261,-0.00176,9E-05,-0.35919,-65.0962,-2.7267,3.70697,-1.47158,0.42288,-0.08892,0.01193,-0.00073,,,,,,,,,,,,,,,,,,,,,,,High,High,High,High,Medium,,,
105,2026-07-21,19:30:14.88,2,1,"Diaz, Juan",673215,Left,MIL_MIL1,"Reyes, Ripken",685341,Right,LAK_COU10,Undefined,4,Top,0,0,0,Fastball,Four-Seam,BallCalled,Undefined,Undefined,Undefined,0,0,,89.61637,0.097054,0.873964,2052.809743,153.847799,11:15,5.86956,-0.73603,5.68203,-19.10403,16.08084,-7.32981,4.36803,-0.53213,81.44167,-3.516443,-0.436256,0.426923,,,,,,,,,,,,3.94988,8.46666,0.66699,50,5.86589,-1.65759,-130.07058,-0.38115,6.7389,28.33104,-17.72901,MIL_MIL1,LAK_COU10,FranklinField,American Association,AABL,20260721-FranklinField-1,824e9d50-8564-11f1-a17b-7db4bab88cfd,88.28867,,,8.1747,,,,,,,d30aaa50-e40a-4800-9d68-81ee7d48104e,2026-07-22,00:30:14.88,2026-07-21T19:30:14.8840000-05:00,2026-07-22T00:30:14.8840000Z,,v3,,,,"Waddell, Chase",1000233818,Right,MIL_MIL1,3ec67bc2-c6ab-425a-bd1a-167d00f8430d,54.81371,-131.11487,14.16552,5.86789,0.27236,-8.86451,0.73267,-1.90599,3.36945,,,,,,,,,,,,,,,,,,,,,,,,,,,,,,,,,,,,,,,,,,,,,,,,,,,High,High,High,,,,,
106,2026-07-21,19:30:36.87,2,2,"Diaz, Juan",673215,Left,MIL_MIL1,"Reyes, Ripken",685341,Right,LAK_COU10,Undefined,4,Top,0,1,0,Fastball,Sinker,BallCalled,Undefined,Undefined,Undefined,0,0,,88.11155,-0.02375,2.143771,2063.310905,136.317861,10:30,5.85189,-0.89199,5.66428,-21.81387,14.47052,-12.72713,4.01191,0.0473,80.45694,-4.114157,-0.129182,0.433542,,,,,,,,,,,,7.08835,7.70115,0.7191,50,5.83625,-4.24882,-127.91865,-0.76388,11.74571,26.37151,-19.41297,MIL_MIL1,LAK_COU10,FranklinField,American Association,AABL,20260721-FranklinField-1,8f6d3a00-8564-11f1-a17b-7db4bab88cfd,86.94068,,,7.65461,,,,,,,d30aaa50-e40a-4800-9d68-81ee7d48104e,2026-07-22,00:30:36.87,2026-07-21T19:30:36.8750000-05:00,2026-07-22T00:30:36.8750000Z,,v3,,,,"Waddell, Chase",1000233818,Right,MIL_MIL1,72b01952-e371-4396-8223-b6060e23dc8f,54.83458,-128.91149,13.18576,5.85125,-0.03302,-9.70648,0.88739,-4.69102,5.87285,,,,,,,,,,,,,,,,,,,,,,,,,,,,,,,,,,,,,,,,,,,,,,,,,,,High,High,High,,,,,
107,2026-07-21,19:31:01.21,2,3,"Diaz, Juan",673215,Left,MIL_MIL1,"Reyes, Ripken",685341,Right,LAK_COU10,Undefined,4,Top,0,2,0,Fastball,Four-Seam,InPlay,Undefined,LineDrive,Single,0,0,,89.13263,-1.911595,2.5735,2024.15908,139.874314,10:45,5.8871,-0.91822,5.56152,-19.86115,15.44166,-12.153,2.44365,0.47492,82.30473,-5.608998,0.40747,0.427638,100.61555,6.015243,-27.650738,1452.53143,,,,115.88205,111.91146,-30.160446,0.908541,6.86107,8.62717,0.70448,50,5.70895,-5.30343,-129.42188,-4.98988,11.75887,24.36446,-17.38835,MIL_MIL1,LAK_COU10,FranklinField,American Association,AABL,20260721-FranklinField-1,9de8a790-8564-11f1-a17b-7db4bab88cfd,88.14106,5.17994,,6.82791,,,,2.15932,2.4201,-0.19914,d30aaa50-e40a-4800-9d68-81ee7d48104e,2026-07-22,00:31:01.21,2026-07-21T19:31:01.2150000-05:00,2026-07-22T00:31:01.2150000Z,LineDrive,v3,,,,"Waddell, Chase",1000233818,Right,MIL_MIL1,7246e4d2-0dae-4dfe-b630-9dc3b004d72b,54.93933,-130.34842,12.18223,5.88613,-4.32863,-8.69417,0.91466,-5.7506,5.87943,72.755188,2.33263,127.35254,-21.8014,,,,,,,2.51612,13.99905,-18.55897,,,,,,,-0.19875,-68.12792,4.69499,,,,,,,,,,,,,,,,,,,,,,,,,,,,,High,High,High,High,High,,,
108,2026-07-21,19:31:37.60,3,1,"Diaz, Juan",673215,Left,MIL_MIL1,"Zuberer, Ray",829518,Left,LAK_COU10,Undefined,4,Top,0,0,0,Fastball,Sinker,StrikeCalled,Undefined,Undefined,Undefined,0,0,,90.77575,-1.676008,2.738436,2010.913569,131.245134,10:15,5.90885,-2.16642,5.52357,-20.63029,13.81938,-14.49363,2.62052,-0.8121,82.9218,-5.526957,0.157134,0.422439,,,,,,,,,,,,8.11248,7.78378,1.93819,50,5.74932,-5.65087,-131.64085,-4.56569,14.22852,28.07359,-18.52203,MIL_MIL1,LAK_COU10,FranklinField,American Association,AABL,20260721-FranklinField-1,b39b28b0-8564-11f1-a17b-7db4bab88cfd,89.22575,,,7.85395,,,,,,,d30aaa50-e40a-4800-9d68-81ee7d48104e,2026-07-22,00:31:37.60,2026-07-21T19:31:37.6020000-05:00,2026-07-22T00:31:37.6020000Z,,v3,,,,"Waddell, Chase",1000233818,Right,MIL_MIL1,4e216f4d-3597-44dd-8f43-52d96633e321,54.97531,-132.69764,14.03679,5.90806,-3.86845,-9.26101,2.16099,-6.18648,7.11426,,,,,,,,,,,,,,,,,,,,,,,,,,,,,,,,,,,,,,,,,,,,,,,,,,,High,High,High,,,,,
109,2026-07-21,19:32:17.64,3,2,"Diaz, Juan",673215,Left,MIL_MIL1,"Zuberer, Ray",829518,Left,LAK_COU10,Undefined,4,Top,0,0,1,Slider,Slider,FoulBallNotFieldable,Undefined,Undefined,Undefined,0,0,,80.22906,-0.976689,3.391952,2260.444326,193.341278,12:30,5.71706,-2.5594,5.45771,-41.29959,2.55351,0.30929,1.3595,0.64514,74.4943,-8.474307,3.446946,0.476619,,,,,,,,,,,,0.70339,1.86382,2.25995,50,5.6021,-6.91236,-116.4241,-3.38498,0.97368,20.11093,-29.59404,MIL_MIL1,LAK_COU10,FranklinField,American Association,AABL,20260721-FranklinField-1,cb7e6c80-8564-11f1-a17b-7db4bab88cfd,79.08294,,,5.73476,,,,,,,d30aaa50-e40a-4800-9d68-81ee7d48104e,2026-07-22,00:32:17.64,2026-07-21T19:32:17.6450000-05:00,2026-07-22T00:32:17.6450000Z,,v3,,,,"Waddell, Chase",1000233818,Right,MIL_MIL1,5e4ae00a-b4b1-4348-ae9b-f0c903499eba,55.04317,-117.29202,10.05546,5.72062,-2.10781,-14.79702,2.55917,-6.95437,0.48684,,,,,,,,,,,,,,,,,,,,,,,,,,,,,,,,,,,,,,,,,,,,,,,,,,,High,High,High,,,,,
110,2026-07-21,19:32:49.71,3,3,"Diaz, Juan",673215,Left,MIL_MIL1,"Zuberer, Ray",829518,Left,LAK_COU10,Undefined,4,Top,0,0,2,Slider,Slider,StrikeCalled,Strikeout,Undefined,Undefined,0,0,,80.40983,1.14609,1.873953,2385.147628,315.388649,4:30,5.63689,-2.51153,5.23314,-47.869,-3.78051,5.00382,2.72582,-0.33245,74.20937,-7.526144,2.761085,0.477897,,,,,,,,,,,,-2.0152,-1.8324,2.33508,50,5.70632,-4.02312,-116.75343,0.61948,-2.79458,21.02325,-34.71512,MIL_MIL1,LAK_COU10,FranklinField,American Association,AABL,20260721-FranklinField-1,de9ed110-8564-11f1-a17b-7db4bab88cfd,78.87151,,,6.20047,,,,,,,d30aaa50-e40a-4800-9d68-81ee7d48104e,2026-07-22,00:32:49.71,2026-07-21T19:32:49.7100000-05:00,2026-07-22T00:32:49.7100000Z,,v3,,,,"Waddell, Chase",1000233818,Right,MIL_MIL1,a3affe7a-4a1a-4981-9f69-aa06c3845929,55.26766,-117.69813,10.51163,5.64343,2.17944,-17.35756,2.51304,-3.89755,-1.39729,,,,,,,,,,,,,,,,,,,,,,,,,,,,,,,,,,,,,,,,,,,,,,,,,,,High,High,High,,,,,
111,2026-07-21,19:33:19.89,4,1,"Diaz, Juan",673215,Left,MIL_MIL1,"Mears, Joshua",687084,Right,LAK_COU10,Undefined,4,Top,1,0,0,Fastball,Four-Seam,BallCalled,Undefined,Undefined,Undefined,0,0,,89.67038,-1.614214,3.195694,2026.957942,142.984668,10:45,5.86178,-0.56631,5.58634,-19.29592,15.96576,-11.17505,2.74368,1.48969,81.84493,-5.238066,1.205173,0.427389,,,,,,,,,,,,6.66323,8.91512,0.29948,50,5.71066,-6.7872,-130.01579,-4.3042,11.38511,27.71618,-16.94128,MIL_MIL1,LAK_COU10,FranklinField,American Association,AABL,20260721-FranklinField-1,f091d930-8564-11f1-a17b-7db4bab88cfd,88.19245,,,7.82545,,,,,,,d30aaa50-e40a-4800-9d68-81ee7d48104e,2026-07-22,00:33:19.89,2026-07-21T19:33:19.8960000-05:00,2026-07-22T00:33:19.8960000Z,,v3,,,,"Waddell, Chase",1000233818,Right,MIL_MIL1,eaf70bc2-e889-4876-af2c-f1f3cbd6a31a,54.91406,-131.05916,13.85809,5.86069,-3.66645,-8.47064,0.56305,-7.21579,5.69255,,,,,,,,,,,,,,,,,,,,,,,,,,,,,,,,,,,,,,,,,,,,,,,,,,,High,High,High,,,,,
112,2026-07-21,19:33:50.48,4,2,"Diaz, Juan",673215,Left,MIL_MIL1,"Mears, Joshua",687084,Right,LAK_COU10,Undefined,4,Top,1,1,0,Sinker,Sinker,BallCalled,Undefined,Undefined,Undefined,0,0,,89.62857,0.437147,2.778969,1928.752031,113.789566,9:45,5.69365,-1.09449,5.26647,-27.73793,7.63772,-14.97091,3.7933,0.27051,82.40854,-4.652036,0.126029,0.428079,,,,,,,,,,,,8.19063,4.02914,0.85161,50,5.71328,-5.63092,-130.08762,-0.05906,14.15199,25.1689,-25.21237,MIL_MIL1,LAK_COU10,FranklinField,American Association,AABL,20260721-FranklinField-1,02d0b760-8565-11f1-a17b-7db4bab88cfd,88.05027,,,7.22003,,,,,,,d30aaa50-e40a-4800-9d68-81ee7d48104e,2026-07-22,00:33:50.48,2026-07-21T19:33:50.4890000-05:00,2026-07-22T00:33:50.4890000Z,,v3,,,,"Waddell, Chase",1000233818,Right,MIL_MIL1,1f0d23a4-15aa-41ba-a9a1-404c7d334ffe,55.233,-131.09617,12.58445,5.69541,0.95124,-12.60618,1.08861,-6.19801,7.076,,,,,,,,,,,,,,,,,,,,,,,,,,,,,,,,,,,,,,,,,,,,,,,,,,,High,High,High,,,,,
113,2026-07-21,19:34:06.51,4,3,"Diaz, Juan",673215,Left,MIL_MIL1,"Mears, Joshua",687084,Right,LAK_COU10,Undefined,4,Top,1,2,0,Fastball,Four-Seam,BallCalled,Undefined,Undefined,Undefined,0,0,,90.70188,-3.011221,2.778205,2012.63494,144.816153,10:45,5.8554,-0.5515,5.50076,-19.59871,15.11969,-9.83835,1.39986,1.22914,82.70684,-6.671906,1.026871,0.424083,,,,,,,,,,,,5.86729,8.88363,0.31576,50,5.57892,-5.95055,-131.37461,-7.58533,10.20483,29.0819,-16.72295,MIL_MIL1,LAK_COU10,FranklinField,American Association,AABL,20260721-FranklinField-1,0c593500-8565-11f1-a17b-7db4bab88cfd,88.87978,,,7.99504,,,,,,,d30aaa50-e40a-4800-9d68-81ee7d48104e,2026-07-22,00:34:06.51,2026-07-21T19:34:06.5180000-05:00,2026-07-22T00:34:06.5180000Z,,v3,,,,"Waddell, Chase",1000233818,Right,MIL_MIL1,a750e1be-5084-4a47-a1ec-7297e8883c7b,54.99936,-132.47667,14.54095,5.85437,-6.95161,-8.36148,0.54859,-6.33726,5.10242,,,,,,,,,,,,,,,,,,,,,,,,,,,,,,,,,,,,,,,,,,,,,,,,,,,High,High,High,,,,,
114,2026-07-21,19:34:54.88,4,4,"Diaz, Juan",673215,Left,MIL_MIL1,"Mears, Joshua",687084,Right,LAK_COU10,Undefined,4,Top,1,3,0,Slider,Slider,StrikeSwinging,Undefined,Undefined,Undefined,0,0,,83.30085,-0.40403,1.66298,2212.53687,261.155057,2:45,5.70372,-1.1094,5.45533,-39.11805,1.71177,3.02378,2.06551,0.69972,76.69939,-7.541366,2.201695,0.459897,,,,,,,,,,,,-1.07724,1.33043,0.9606,50,5.6411,-3.63571,-120.96133,-2.23791,-1.59913,23.17153,-30.19909,MIL_MIL1,LAK_COU10,FranklinField,American Association,AABL,20260721-FranklinField-1,2937cd30-8565-11f1-a17b-7db4bab88cfd,81.95849,,,6.60146,,,,,,,d30aaa50-e40a-4800-9d68-81ee7d48104e,2026-07-22,00:34:54.88,2026-07-21T19:34:54.8800000-05:00,2026-07-22T00:34:54.8800000Z,,v3,,,,"Waddell, Chase",1000233818,Right,MIL_MIL1,0ee7abee-55e9-4c44-98ec-0bee35ab2cbb,55.04406,-121.92374,11.58576,5.708,-0.98361,-15.09955,1.11023,-3.56929,-0.79957,,,,,,,,,,,,,,,,,,,,,,,,,,,,,,,,,,,,,,,,,,,,,,,,,,,High,High,High,,,,,
115,2026-07-21,19:35:13.29,4,5,"Diaz, Juan",673215,Left,MIL_MIL1,"Mears, Joshua",687084,Right,LAK_COU10,Undefined,4,Top,1,3,1,Fastball,Four-Seam,BallCalled,Walk,Undefined,Undefined,0,0,,91.77682,-1.735409,0.700692,1987.54611,149.43312,11:00,5.85818,-0.83241,5.437,-18.26576,15.32619,-8.44721,2.71036,-0.88018,84.26423,-5.145896,-0.803075,0.417147,,,,,,,,,,,,4.42914,8.48532,0.77639,50,5.69216,-1.24094,-133.24793,-4.66545,8.0032,27.27959,-16.84154,MIL_MIL1,LAK_COU10,FranklinField,American Association,AABL,20260721-FranklinField-1,342c36e0-8565-11f1-a17b-7db4bab88cfd,90.35773,,,7.51258,,,,,,,d30aaa50-e40a-4800-9d68-81ee7d48104e,2026-07-22,00:35:13.29,2026-07-21T19:35:13.2980000-05:00,2026-07-22T00:35:13.2980000Z,,v3,,,,"Waddell, Chase",1000233818,Right,MIL_MIL1,9240d724-d218-492b-b82d-fba51d4ace8d,55.06082,-134.28003,13.6398,5.85662,-4.02826,-8.42077,0.82906,-1.54373,4.0016,,,,,,,,,,,,,,,,,,,,,,,,,,,,,,,,,,,,,,,,,,,,,,,,,,,High,High,High,,,,,
116,2026-07-21,19:38:16.03,5,1,"Hoyt, Eli",827722,Right,MIL_MIL1,"Garcia, Anthony",678803,Left,LAK_COU10,Undefined,4,Top,1,0,1,ChangeUp,Changeup,BallCalled,Undefined,Undefined,Undefined,0,0,,86.77893,0.273154,-1.789746,1592.880064,211.879625,1:00,5.85811,1.73881,6.28928,-22.13206,14.13855,8.13563,4.26562,0.76692,79.7922,-3.908591,-0.319436,0.43346,,,,,,,,,,,,-4.67496,7.60729,-1.61071,50,5.86734,3.6248,-126.17974,-0.03545,-7.5912,23.94388,-19.8213,MIL_MIL1,LAK_COU10,FranklinField,American Association,AABL,20260721-FranklinField-1,a11d0220-8565-11f1-a17b-7db4bab88cfd,86.95718,,,6.98673,,,,,,,d30aaa50-e40a-4800-9d68-81ee7d48104e,2026-07-22,00:38:16.03,2026-07-21T19:38:16.0330000-05:00,2026-07-22T00:38:16.0330000Z,,v3,,,,"Waddell, Chase",1000233818,Right,MIL_MIL1,41587387-b614-4919-a466-fe14f65daeb6,54.20877,-126.97588,11.97194,5.85756,0.62362,-9.91065,-1.73543,3.87721,-3.7956,,,,,,,,,,,,,,,,,,,,,,,,,,,,,,,,,,,,,,,,,,,,,,,,,,,High,High,High,,,,,
117,2026-07-21,19:38:31.81,5,2,"Hoyt, Eli",827722,Right,MIL_MIL1,"Garcia, Anthony",678803,Left,LAK_COU10,Undefined,4,Top,1,1,1,Fastball,Four-Seam,StrikeSwinging,Undefined,Undefined,Undefined,0,0,,93.36922,-2.354684,-2.166571,2424.127544,212.30589,1:00,5.92655,1.51322,6.02039,-11.36611,20.78092,12.4432,2.7956,0.54245,84.6862,-4.581677,0.070319,0.408077,,,,,,,,,,,,-6.99681,11.67701,-1.34997,50,5.73558,4.56695,-135.3912,-5.83613,-12.89976,31.42147,-10.64558,MIL_MIL1,LAK_COU10,FranklinField,American Association,AABL,20260721-FranklinField-1,aa824050-8565-11f1-a17b-7db4bab88cfd,92.36609,,,8.68302,,,,,,,d30aaa50-e40a-4800-9d68-81ee7d48104e,2026-07-22,00:38:31.81,2026-07-21T19:38:31.8100000-05:00,2026-07-22T00:38:31.8100000Z,,v3,,,,"Waddell, Chase",1000233818,Right,MIL_MIL1,649235d5-8551-489d-b66e-3f89b610c63f,54.47602,-136.42604,15.71074,5.92202,-5.48553,-5.32279,-1.50737,4.99179,-6.44988,,,,,,,,,,,,,,,,,,,,,,,,,,,,,,,,,,,,,,,,,,,,,,,,,,,High,High,High,,,,,
118,2026-07-21,19:38:49.01,5,3,"Hoyt, Eli",827722,Right,MIL_MIL1,"Garcia, Anthony",678803,Left,LAK_COU10,Undefined,4,Top,1,1,2,Fastball,Four-Seam,BallCalled,Undefined,Undefined,Undefined,0,0,,93.70647,-3.86952,-2.707658,2388.843316,208.628927,1:00,5.82072,1.46822,6.16768,-11.29245,20.26147,10.51103,1.29612,-0.15869,85.8547,-6.060111,-0.814086,0.404295,,,,,,,,,,,,-6.18158,11.84867,-1.26832,50,5.52103,5.97825,-135.81314,-9.47412,-11.57533,29.03099,-9.98681,MIL_MIL1,LAK_COU10,FranklinField,American Association,AABL,20260721-FranklinField-1,b4b814f0-8565-11f1-a17b-7db4bab88cfd,93.23015,,,7.85177,,,,,,,d30aaa50-e40a-4800-9d68-81ee7d48104e,2026-07-22,00:38:49.01,2026-07-21T19:38:49.0100000-05:00,2026-07-22T00:38:49.0100000Z,,v3,,,,"Waddell, Chase",1000233818,Right,MIL_MIL1,b9c11222-8340-444e-9cbe-564ecbe2ac7e,54.33134,-136.73586,14.5155,5.81711,-9.1567,-4.99341,-1.46418,6.34616,-5.78767,,,,,,,,,,,,,,,,,,,,,,,,,,,,,,,,,,,,,,,,,,,,,,,,,,,High,High,High,,,,,
119,2026-07-21,19:39:05.25,5,4,"Hoyt, Eli",827722,Right,MIL_MIL1,"Garcia, Anthony",678803,Left,LAK_COU10,Undefined,4,Top,1,2,2,Fastball,Four-Seam,BallCalled,Undefined,Undefined,Undefined,0,0,,93.94237,-3.703086,-2.229564,2355.884319,204.313397,12:45,5.76828,1.36771,6.19608,-10.44812,21.04072,9.0317,1.47169,0.06105,85.6349,-5.753048,-0.600922,0.403878,,,,,,,,,,,,-5.31205,12.26883,-1.2043,50,5.48366,4.91466,-136.1578,-9.05149,-9.94429,30.6735,-9.20644,MIL_MIL1,LAK_COU10,FranklinField,American Association,AABL,20260721-FranklinField-1,be683ed0-8565-11f1-a17b-7db4bab88cfd,93.32641,,,8.30747,,,,,,,d30aaa50-e40a-4800-9d68-81ee7d48104e,2026-07-22,00:39:05.25,2026-07-21T19:39:05.2500000-05:00,2026-07-22T00:39:05.2500000Z,,v3,,,,"Waddell, Chase",1000233818,Right,MIL_MIL1,e5bf7c8e-bc5e-4d19-9d5c-7745bc1aaebe,54.30186,-137.1235,15.33675,5.76407,-8.76165,-4.60322,-1.36396,5.22773,-4.97215,,,,,,,,,,,,,,,,,,,,,,,,,,,,,,,,,,,,,,,,,,,,,,,,,,,High,High,High,,,,,
120,2026-07-21,19:39:22.95,5,5,"Hoyt, Eli",827722,Right,MIL_MIL1,"Garcia, Anthony",678803,Left,LAK_COU10,Undefined,4,Top,1,3,2,Fastball,Four-Seam,BallCalled,Walk,Undefined,Undefined,0,0,,93.47504,-4.039667,-2.079246,2401.745211,209.444277,1:00,5.85275,1.37044,6.17893,-10.96064,20.72182,11.12713,1.20021,0.37674,85.66652,-6.169835,-0.072798,0.405117,,,,,,,,,,,,-6.32524,12.13304,-1.21885,50,5.54118,4.44907,-135.51178,-9.8366,-11.79175,28.90487,-9.55526,MIL_MIL1,LAK_COU10,FranklinField,American Association,AABL,20260721-FranklinField-1,c8f979e0-8565-11f1-a17b-7db4bab88cfd,93.0408,,,7.80852,,,,,,,d30aaa50-e40a-4800-9d68-81ee7d48104e,2026-07-22,00:39:22.95,2026-07-21T19:39:22.9570000-05:00,2026-07-22T00:39:22.9570000Z,,v3,,,,"Waddell, Chase",1000233818,Right,MIL_MIL1,29847448-5604-46c5-9480-58c1e07f4c02,54.31993,-136.43011,14.45244,5.84888,-9.53302,-4.77763,-1.36615,4.8237,-5.89588,,,,,,,,,,,,,,,,,,,,,,,,,,,,,,,,,,,,,,,,,,,,,,,,,,,High,High,High,,,,,
121,2026-07-21,19:39:55.69,6,1,"Hoyt, Eli",827722,Right,MIL_MIL1,"Feliciano, Mario",666128,Right,LAK_COU10,Undefined,4,Top,1,0,0,Fastball,Four-Seam,InPlay,Undefined,GroundBall,Single,1,1,,93.65141,-3.058347,-1.799141,2495.81767,202.802827,12:45,5.89359,1.34738,6.13961,-9.18969,22.44308,9.00304,2.29733,0.4344,85.48462,-4.881649,-0.176937,0.404799,77.35164,6.732971,16.046823,3003.414375,,,,102.88849,101.87659,20.591855,1.051675,-5.17197,12.78607,-1.21485,50,5.65535,3.88585,-135.88701,-7.45093,-9.66184,30.02758,-8.28828,MIL_MIL1,LAK_COU10,FranklinField,American Association,AABL,20260721-FranklinField-1,dc7a26e0-8565-11f1-a17b-7db4bab88cfd,93.11386,5.07167,,8.1668,,,,0.14634,2.17221,-0.45545,d30aaa50-e40a-4800-9d68-81ee7d48104e,2026-07-22,00:39:55.69,2026-07-21T19:39:55.6970000-05:00,2026-07-22T00:39:55.6970000Z,GroundBall,v3,,,,"Waddell, Chase",1000233818,Right,MIL_MIL1,2a922252-489e-4351-8ea1-13af8ed8fade,54.35915,-136.84687,15.01379,5.88929,-7.18598,-4.14414,-1.344,4.1947,-4.83092,254.129167,0.14634,108.27654,-18.36152,2.7548,-0.59312,0.11917,-0.02404,0.00438,-0.00048,2.17221,13.301,-15.78199,1.3026,-0.22854,0.05537,-0.01069,0.00183,-0.0002,-0.45545,31.14358,4.16097,-0.73839,0.14662,-0.03121,0.00613,-0.00115,0.00013,,,,,,,,,,,,,,,,,,,,,,,High,High,High,High,High,,,
122,2026-07-21,19:40:41.49,7,1,"Hoyt, Eli",827722,Right,MIL_MIL1,"Zimmermann, Peter",1000408665,Right,LAK_COU10,Undefined,4,Top,2,0,0,Slider,Slider,BallCalled,Undefined,Undefined,Undefined,0,0,,83.68245,0.659938,-2.102,2491.393404,153.552734,11:00,5.84804,1.60505,5.67907,-36.56829,3.3691,-1.10287,3.41632,-0.4472,77.20197,-6.054466,-2.299028,0.454843,,,,,,,,,,,,0.02055,1.91268,-1.42718,50,5.88068,4.50659,-121.56487,0.14586,0.03099,22.13937,-29.29018,MIL_MIL1,LAK_COU10,FranklinField,American Association,AABL,20260721-FranklinField-1,f7cc79c0-8565-11f1-a17b-7db4bab88cfd,82.86918,,,6.48048,,,,,,,d30aaa50-e40a-4800-9d68-81ee7d48104e,2026-07-22,00:40:41.49,2026-07-21T19:40:41.4980000-05:00,2026-07-22T00:40:41.4980000Z,,v3,,,,"Waddell, Chase",1000233818,Right,MIL_MIL1,25cd2363-4229-4ade-a6a6-ee838d130c99,54.8198,-122.4395,11.06969,5.85206,1.30299,-14.64509,-1.60519,4.50537,0.01549,,,,,,,,,,,,,,,,,,,,,,,,,,,,,,,,,,,,,,,,,,,,,,,,,,,High,High,High,,,,,
123,2026-07-21,19:40:57.30,7,2,"Hoyt, Eli",827722,Right,MIL_MIL1,"Zimmermann, Peter",1000408665,Right,LAK_COU10,Undefined,4,Top,2,1,0,Fastball,Four-Seam,StrikeSwinging,Undefined,Undefined,Undefined,0,0,,92.91426,-1.422574,-2.045073,2289.299938,205.771301,12:45,5.78393,1.38538,6.1863,-10.7854,21.35454,9.79579,3.57053,0.31261,84.43427,-3.551084,-0.278673,0.408032,,,,,,,,,,,,-5.62744,11.74497,-1.23573,50,5.67075,4.39157,-134.87691,-3.5794,-10.32187,30.51154,-10.63141,MIL_MIL1,LAK_COU10,FranklinField,American Association,AABL,20260721-FranklinField-1,013f4c80-8566-11f1-a17b-7db4bab88cfd,92.37627,,,8.47999,,,,,,,d30aaa50-e40a-4800-9d68-81ee7d48104e,2026-07-22,00:40:57.30,2026-07-21T19:40:57.3010000-05:00,2026-07-22T00:40:57.3010000Z,,v3,,,,"Waddell, Chase",1000233818,Right,MIL_MIL1,b52338b6-7841-46b1-b260-16e034de47d8,54.31024,-135.84847,15.25577,5.77934,-3.24087,-5.31571,-1.3808,4.72024,-5.16094,,,,,,,,,,,,,,,,,,,,,,,,,,,,,,,,,,,,,,,,,,,,,,,,,,,High,High,High,,,,,
124,2026-07-21,19:41:14.42,7,3,"Hoyt, Eli",827722,Right,MIL_MIL1,"Zimmermann, Peter",1000408665,Right,LAK_COU10,Undefined,4,Top,2,1,1,Slider,Slider,StrikeSwinging,Undefined,Undefined,Undefined,0,0,,85.33699,-1.430866,-1.560245,2438.305619,188.285939,12:15,5.73644,1.64803,5.88618,-34.77667,3.34815,0.32559,1.50895,0.226,78.94157,-7.818391,-1.501743,0.444401,,,,,,,,,,,,-0.57319,2.4237,-1.52238,50,5.60082,3.36509,-124.0167,-4.272,-0.89829,23.34815,-28.37578,MIL_MIL1,LAK_COU10,FranklinField,American Association,AABL,20260721-FranklinField-1,0b706630-8566-11f1-a17b-7db4bab88cfd,84.81626,,,6.39541,,,,,,,d30aaa50-e40a-4800-9d68-81ee7d48104e,2026-07-22,00:41:14.42,2026-07-21T19:41:14.4240000-05:00,2026-07-22T00:41:14.4240000Z,,v3,,,,"Waddell, Chase",1000233818,Right,MIL_MIL1,a7f4e390-a03d-4a33-a3a3-cf7fbbd8d279,54.61347,-124.88224,11.67408,5.73969,-3.22008,-14.18789,-1.64775,3.39839,-0.44915,,,,,,,,,,,,,,,,,,,,,,,,,,,,,,,,,,,,,,,,,,,,,,,,,,,High,High,High,,,,,
125,2026-07-21,19:41:30.79,7,4,"Hoyt, Eli",827722,Right,MIL_MIL1,"Zimmermann, Peter",1000408665,Right,LAK_COU10,Undefined,4,Top,2,1,2,Fastball,Four-Seam,BallCalled,Undefined,Undefined,Undefined,0,0,,93.43398,-3.660829,-2.944931,2273.140674,201.79137,12:45,5.86758,1.28711,6.0353,-10.35611,21.58548,8.21725,1.60564,-0.75745,85.4527,-5.684749,-1.469192,0.406771,,,,,,,,,,,,-5.03189,12.42249,-1.06149,50,5.57543,6.60719,-135.3646,-8.9106,-9.35041,29.1329,-9.09012,MIL_MIL1,LAK_COU10,FranklinField,American Association,AABL,20260721-FranklinField-1,15304780-8566-11f1-a17b-7db4bab88cfd,92.66262,,,7.98128,,,,,,,d30aaa50-e40a-4800-9d68-81ee7d48104e,2026-07-22,00:41:30.79,2026-07-21T19:41:30.7960000-05:00,2026-07-22T00:41:30.7960000Z,,v3,,,,"Waddell, Chase",1000233818,Right,MIL_MIL1,0a4ddccb-edf0-49fe-adda-9efedb5095ff,54.46289,-136.32171,14.56645,5.86326,-8.61196,-4.54506,-1.2836,6.91438,-4.67521,,,,,,,,,,,,,,,,,,,,,,,,,,,,,,,,,,,,,,,,,,,,,,,,,,,High,High,High,,,,,
126,2026-07-21,19:41:49.98,7,5,"Hoyt, Eli",827722,Right,MIL_MIL1,"Zimmermann, Peter",1000408665,Right,LAK_COU10,Undefined,4,Top,2,2,2,Fastball,Four-Seam,FoulBallNotFieldable,Undefined,Undefined,Undefined,0,0,,93.34118,-2.830107,-1.728326,2260.391114,201.783606,12:45,5.90491,1.25404,6.14378,-10.15379,21.60426,8.23099,2.4402,0.34236,85.38981,-4.823607,-0.244956,0.4056,64.05093,42.068398,107.639282,5738.281522,,,,,28.67754,,,-4.72992,12.25288,-1.12657,50,5.68375,3.73802,-135.4882,-6.9261,-8.80545,29.18385,-9.36355,MIL_MIL1,LAK_COU10,FranklinField,American Association,AABL,20260721-FranklinField-1,209cee70-8566-11f1-a17b-7db4bab88cfd,92.93,26.26588,,7.95137,,,,0.05935,2.32239,-0.43552,d30aaa50-e40a-4800-9d68-81ee7d48104e,2026-07-22,00:41:49.98,2026-07-21T19:41:49.9830000-05:00,2026-07-22T00:41:49.9830000Z,,v3,,,,"Waddell, Chase",1000233818,Right,MIL_MIL1,876edbfc-d592-42b8-8507-0b48bf9861ba,54.3547,-136.42297,14.59192,5.90079,-6.62618,-4.68178,-1.25082,4.02007,-4.40272,305.133502,0.06777,-21.3877,-3.83365,,,,,,,2.32951,62.72901,-20.3294,,,,,,,-0.42245,66.06457,-11.34579,,,,,,,,,,,,,,,,,,,,,,,,,,,,,High,High,High,High,Undefined,,,
127,2026-07-21,19:42:14.99,7,6,"Hoyt, Eli",827722,Right,MIL_MIL1,"Zimmermann, Peter",1000408665,Right,LAK_COU10,Undefined,4,Top,2,2,2,Fastball,Four-Seam,InPlay,Undefined,Popup,Out,1,0,,94.02027,-1.502901,-2.219406,2367.831359,201.604102,12:45,5.89069,1.33312,5.93522,-11.55922,19.99517,7.52201,3.53179,-0.10006,85.83722,-3.74724,-0.869753,0.404298,72.33028,58.248625,33.272913,,75.3947,96.14235,80.09769,160.26673,79.90364,48.252212,5.119817,-4.49319,10.99772,-1.16031,50,5.76425,4.96199,-136.50098,-3.89002,-8.47873,30.00346,-11.42113,MIL_MIL1,LAK_COU10,FranklinField,American Association,AABL,20260721-FranklinField-1,2f8108e0-8566-11f1-a17b-7db4bab88cfd,93.22939,104.20454,,8.18304,,,,0.43831,3.61179,0.13147,d30aaa50-e40a-4800-9d68-81ee7d48104e,2026-07-22,00:42:14.99,2026-07-21T19:42:14.9940000-05:00,2026-07-22T00:42:14.9940000Z,Popup,v3,,,,"Waddell, Chase",1000233818,Right,MIL_MIL1,1ab386a8-4329-4ffb-96a2-e0419b38122d,54.56362,-137.50042,15.00173,5.8875,-3.50957,-5.71057,-1.3303,5.24443,-4.23936,200.082865,0.43688,46.66517,-15.61677,4.36064,-0.49763,-0.15972,0.0777,-0.01218,0.00068,3.60359,90.3722,-24.65303,3.12313,-0.94255,0.2479,-0.03535,0.00172,3E-05,0.12997,30.66314,-2.2655,0.32323,-0.19281,0.11201,-0.03292,0.00468,-0.00026,,,,,,,,,,,,,,,,,,,,,,,High,High,High,High,Low,,,
128,2026-07-21,19:45:04.86,1,1,"Anderson , Shane ",10991107,Right,LAK_COU10,"Valdes, Yordys",686798,Left,MIL_MIL1,Undefined,4,Bottom,0,0,0,Fastball,Four-Seam,FoulBallNotFieldable,Undefined,Undefined,Undefined,0,0,,87.58386,-1.840196,-3.795983,2423.77383,198.209687,12:30,5.48638,2.4757,5.87467,-22.33407,13.91442,4.23118,1.91173,-0.70249,80.90006,-5.997831,-3.03932,0.433328,,,,,,,,,,,,-3.13579,7.92351,-2.17094,50,5.32423,8.25951,-127.04847,-4.80182,-5.17436,23.6976,-19.0994,MIL_MIL1,LAK_COU10,FranklinField,American Association,AABL,20260721-FranklinField-1,94c8c4e0-8566-11f1-a17b-7db4bab88cfd,86.9837,,,6.68379,,,,,,,d30aaa50-e40a-4800-9d68-81ee7d48104e,2026-07-22,00:45:04.86,2026-07-21T19:45:04.8650000-05:00,2026-07-22T00:45:04.8650000Z,,v3,,,,"Feliciano, Mario",666128,Right,LAK_COU10,4356bd9d-7b7d-46a2-bf78-f27d3187cff1,54.62513,-127.90826,11.8488,5.48588,-4.10886,-9.5497,-2.47401,8.44725,-2.58718,,,,,,,,,,,,,,,,,,,,,,,,,,,,,,,,,,,,,,,,,,,,,,,,,,,High,High,High,,,,,
129,2026-07-21,19:45:24.57,1,2,"Anderson , Shane ",10991107,Right,LAK_COU10,"Valdes, Yordys",686798,Left,MIL_MIL1,Undefined,4,Bottom,0,0,1,ChangeUp,Splitter,BallCalled,Undefined,Undefined,Undefined,0,0,,80.42852,-2.984301,-4.127668,1860.55426,237.820569,2:00,5.36121,2.65676,5.41593,-36.54541,7.74213,10.01973,-0.48968,-0.38169,74.03208,-9.635463,-2.347644,0.478974,,,,,,,,,,,,-6.29945,5.1087,-2.29693,50,5.06951,8.01202,-116.35887,-7.29491,-8.62323,22.14746,-25.18081,MIL_MIL1,LAK_COU10,FranklinField,American Association,AABL,20260721-FranklinField-1,a086e730-8566-11f1-a17b-7db4bab88cfd,78.69407,,,6.39644,,,,,,,d30aaa50-e40a-4800-9d68-81ee7d48104e,2026-07-22,00:45:24.57,2026-07-21T19:45:24.5780000-05:00,2026-07-22T00:45:24.5780000Z,,v3,,,,"Feliciano, Mario",666128,Right,LAK_COU10,9d1b105a-14ff-48ea-a88e-9081e2b3a74e,55.08461,-117.32267,11.07373,5.36313,-6.1991,-12.59041,-2.65375,8.38729,-4.31161,,,,,,,,,,,,,,,,,,,,,,,,,,,,,,,,,,,,,,,,,,,,,,,,,,,High,High,High,,,,,
130,2026-07-21,19:45:42.41,1,3,"Anderson , Shane ",10991107,Right,LAK_COU10,"Valdes, Yordys",686798,Left,MIL_MIL1,Undefined,4,Bottom,0,1,1,Fastball,Four-Seam,BallCalled,Undefined,Undefined,Undefined,0,0,,87.18272,-0.40051,-0.745339,2413.416263,200.809002,12:45,5.5088,2.67078,5.87794,-20.74466,15.5369,5.52422,3.40807,2.43888,80.64609,-4.286936,0.245923,0.433525,,,,,,,,,,,,-2.99851,8.36709,-2.61372,50,5.46428,1.42183,-126.80652,-1.52854,-4.94832,22.64779,-18.36624,MIL_MIL1,LAK_COU10,FranklinField,American Association,AABL,20260721-FranklinField-1,ab2abfe0-8566-11f1-a17b-7db4bab88cfd,86.94406,,,6.53663,,,,,,,d30aaa50-e40a-4800-9d68-81ee7d48104e,2026-07-22,00:45:42.41,2026-07-21T19:45:42.4190000-05:00,2026-07-22T00:45:42.4190000Z,,v3,,,,"Feliciano, Mario",666128,Right,LAK_COU10,74aa75fb-ebcb-46fd-9d85-f5bc7d0de63d,54.62038,-127.62905,11.32389,5.50769,-0.8615,-9.18312,-2.66862,1.60155,-2.47416,,,,,,,,,,,,,,,,,,,,,,,,,,,,,,,,,,,,,,,,,,,,,,,,,,,High,High,High,,,,,
131,2026-07-21,19:45:58.88,1,4,"Anderson , Shane ",10991107,Right,LAK_COU10,"Valdes, Yordys",686798,Left,MIL_MIL1,Undefined,4,Bottom,0,2,1,Fastball,Four-Seam,FoulBallNotFieldable,Undefined,Undefined,Undefined,0,0,,87.555,-1.133005,-2.622874,2444.454225,198.986831,12:45,5.44205,2.56539,5.94672,-19.34277,16.88682,5.43256,2.77803,0.58364,80.39841,-4.783519,-1.64829,0.433215,80.5005,73.283866,-43.386358,4873.402999,,,,,48.36915,,,-3.5015,9.32071,-2.35966,50,5.34092,5.60639,-127.14532,-3.0948,-5.75872,24.92403,-16.84479,MIL_MIL1,LAK_COU10,FranklinField,American Association,AABL,20260721-FranklinField-1,b4f6d630-8566-11f1-a17b-7db4bab88cfd,87.00637,116.06401,,7.15659,,,,2.15812,2.83972,-0.60507,d30aaa50-e40a-4800-9d68-81ee7d48104e,2026-07-22,00:45:58.88,2026-07-21T19:45:58.8890000-05:00,2026-07-22T00:45:58.8890000Z,,v3,,,,"Feliciano, Mario",666128,Right,LAK_COU10,7f641d45-696e-4eb4-a45f-818af614e99e,54.55247,-128.03462,12.46201,5.44062,-2.49377,-8.4224,-2.56336,5.81186,-2.87936,,2.15815,24.67524,-10.15948,2.6231,0.32964,-1.1742,0.9642,-0.38793,0.06221,2.83972,113.07722,-30.4854,3.95471,-0.65036,-0.05161,0.13798,-0.06457,0.01077,-0.60504,-23.33199,-4.49963,1.65489,0.47325,-1.1923,0.95801,-0.38321,0.06138,,,,,,,,,,,,,,,,,,,,,,,High,High,High,Medium,Undefined,,,
132,2026-07-21,19:46:28.97,1,5,"Anderson , Shane ",10991107,Right,LAK_COU10,"Valdes, Yordys",686798,Left,MIL_MIL1,Undefined,4,Bottom,0,2,2,Fastball,Four-Seam,InPlay,Undefined,FlyBall,Out,1,0,,87.17267,-1.715672,-3.446383,2479.530158,207.687234,1:00,5.51078,2.62926,5.97766,-22.00253,14.50206,7.03697,2.08349,0.0171,80.28464,-5.833563,-2.184385,0.434856,89.59616,49.266234,-4.2947,4544.337589,107.63404,118.0432,-22.69056,226.97709,122.74449,-17.100446,5.800134,-4.53414,8.24335,-2.36055,50,5.36262,7.33913,-126.49772,-4.47382,-7.39661,24.16683,-18.72654,MIL_MIL1,LAK_COU10,FranklinField,American Association,AABL,20260721-FranklinField-1,c6e59890-8566-11f1-a17b-7db4bab88cfd,86.67802,126.672,,6.88804,,,,1.60665,2.25423,-0.02805,d30aaa50-e40a-4800-9d68-81ee7d48104e,2026-07-22,00:46:28.97,2026-07-21T19:46:28.9790000-05:00,2026-07-22T00:46:28.9790000Z,FlyBall,v3,,,,"Feliciano, Mario",666128,Right,LAK_COU10,e55a8d95-b889-4fa3-b9f7-0d30ffa20935,54.52193,-127.35869,12.08342,5.51012,-3.80667,-9.36327,-2.6267,7.60265,-3.6983,162.059274,1.6087,85.44496,-25.90775,7.14796,-1.30941,0.11547,0.0063,-0.00216,0.00012,2.24688,99.70152,-23.81658,1.95997,-0.23885,0.011,0.00771,-0.00186,0.00012,-0.02737,-6.44614,-5.42735,2.21786,-0.49845,0.05017,0.00323,-0.00119,8E-05,,,,,,,,,,,,,,,,,,,,,,,High,High,High,High,Low,,,
133,2026-07-21,19:47:05.12,2,1,"Anderson , Shane ",10991107,Right,LAK_COU10,"Rivas, Jeremy",692405,Right,MIL_MIL1,Undefined,4,Bottom,1,0,0,Fastball,Four-Seam,StrikeCalled,Undefined,Undefined,Undefined,0,0,,87.9365,-2.471825,-2.785484,2442.088864,193.506342,12:30,5.47318,2.35573,5.99329,-19.45143,16.54595,3.70355,1.55745,0.08101,80.70029,-6.13506,-2.120514,0.431824,,,,,,,,,,,,-2.67071,9.53615,-2.13823,50,5.26741,6.05743,-127.56355,-6.09268,-4.41069,25.67967,-16.42498,MIL_MIL1,LAK_COU10,FranklinField,American Association,AABL,20260721-FranklinField-1,dc72b760-8566-11f1-a17b-7db4bab88cfd,87.28654,,,7.23621,,,,,,,d30aaa50-e40a-4800-9d68-81ee7d48104e,2026-07-22,00:47:05.12,2026-07-21T19:47:05.1270000-05:00,2026-07-22T00:47:05.1270000Z,,v3,,,,"Feliciano, Mario",666128,Right,LAK_COU10,04165b4d-8f82-4a0d-82f9-aa0a9ff5eb9d,54.5054,-128.46733,12.83983,5.47167,-5.51462,-8.21249,-2.35415,6.21266,-2.20535,,,,,,,,,,,,,,,,,,,,,,,,,,,,,,,,,,,,,,,,,,,,,,,,,,,High,High,High,,,,,
134,2026-07-21,19:47:20.26,2,2,"Anderson , Shane ",10991107,Right,LAK_COU10,"Rivas, Jeremy",692405,Right,MIL_MIL1,Undefined,4,Bottom,1,0,1,Sweeper,Sweeper,StrikeSwinging,Undefined,Undefined,Undefined,0,0,,79.10822,-0.433505,-1.767305,2665.345602,88.362227,9:00,5.51024,2.46067,5.07173,-45.28928,1.13035,-14.31304,1.32723,-0.39881,72.38778,-8.6348,-4.298318,0.490368,,,,,,,,,,,,6.60878,1.11815,-2.28104,50,5.43333,4.12312,-114.68568,-2.47139,8.72216,23.00491,-30.69832,MIL_MIL1,LAK_COU10,FranklinField,American Association,AABL,20260721-FranklinField-1,e583bb10-8566-11f1-a17b-7db4bab88cfd,76.86559,,,6.72044,,,,,,,d30aaa50-e40a-4800-9d68-81ee7d48104e,2026-07-22,00:47:20.26,2026-07-21T19:47:20.2650000-05:00,2026-07-22T00:47:20.2650000Z,,v3,,,,"Feliciano, Mario",666128,Right,LAK_COU10,f58dc765-b255-4aec-b704-e098ac7444da,55.42727,-115.76922,11.50246,5.51568,-1.02549,-15.34916,-2.46557,3.71231,4.36108,,,,,,,,,,,,,,,,,,,,,,,,,,,,,,,,,,,,,,,,,,,,,,,,,,,High,High,High,,,,,
135,2026-07-21,19:47:35.98,2,3,"Anderson , Shane ",10991107,Right,LAK_COU10,"Rivas, Jeremy",692405,Right,MIL_MIL1,Undefined,4,Bottom,1,0,2,Fastball,Four-Seam,InPlay,Undefined,LineDrive,Out,1,0,,87.85525,-2.259513,-3.0892,2419.469645,196.753374,12:30,5.47004,2.28771,6.07262,-20.58588,15.23064,4.26197,1.65965,-0.2184,80.95283,-6.122577,-2.323127,0.430738,109.24527,10.690961,-4.51058,824.11467,109.77929,18.25699,-6.9597,278.62271,271.64677,-3.36277,2.555112,-3.01307,8.7867,-2.05073,50,5.2838,6.71262,-127.50054,-5.65725,-4.99229,24.61173,-17.61559,MIL_MIL1,LAK_COU10,FranklinField,American Association,AABL,20260721-FranklinField-1,eed4adf0-8566-11f1-a17b-7db4bab88cfd,87.50667,20.79832,,6.90242,,,,1.35387,1.70336,0.21359,d30aaa50-e40a-4800-9d68-81ee7d48104e,2026-07-22,00:47:35.98,2026-07-21T19:47:35.9830000-05:00,2026-07-22T00:47:35.9830000Z,LineDrive,v3,,,,"Feliciano, Mario",666128,Right,LAK_COU10,e35f5e0f-d9de-4ca1-8d61-c2c0c4fa8c68,54.4267,-128.35219,12.30586,5.46902,-5.04769,-8.8078,-2.286,6.88537,-2.49614,196.126849,1.35387,156.95829,-31.34513,7.5548,-1.62819,0.32094,-0.05494,0.00681,-0.00041,1.70337,29.72176,-10.15706,-1.92453,0.9092,-0.27288,0.05942,-0.00806,0.00051,0.21359,-12.38316,5.93022,-2.66993,0.84073,-0.21691,0.04397,-0.00596,0.00038,,,,,,,,,,,,,,,,,,,,,,,High,High,High,High,High,,,
136,2026-07-21,19:48:14.66,3,1,"Anderson , Shane ",10991107,Right,LAK_COU10,"Blake, Andy",701544,Right,MIL_MIL1,Undefined,4,Bottom,2,0,0,Fastball,Four-Seam,BallCalled,Undefined,Undefined,Undefined,0,0,,87.78587,0.650974,-2.456701,2416.653953,198.392022,12:30,5.61102,2.33711,5.77259,-22.56174,13.79005,4.21579,4.33723,0.40092,80.30269,-3.577533,-1.702969,0.433945,,,,,,,,,,,,-2.80134,7.18819,-2.13655,50,5.65125,5.28707,-127.41827,0.7242,-4.61928,25.44315,-20.3211,MIL_MIL1,LAK_COU10,FranklinField,American Association,AABL,20260721-FranklinField-1,05eb7a00-8567-11f1-a17b-7db4bab88cfd,86.86003,,,7.48318,,,,,,,d30aaa50-e40a-4800-9d68-81ee7d48104e,2026-07-22,00:48:14.66,2026-07-21T19:48:14.6620000-05:00,2026-07-22T00:48:14.6620000Z,,v3,,,,"Feliciano, Mario",666128,Right,LAK_COU10,5d92dca0-b01d-49bd-ae3a-ba0cdabb7a5e,54.72438,-128.35818,12.72158,5.61063,1.47489,-10.16055,-2.33501,5.45772,-2.30964,,,,,,,,,,,,,,,,,,,,,,,,,,,,,,,,,,,,,,,,,,,,,,,,,,,High,High,High,,,,,
137,2026-07-21,19:48:30.35,3,2,"Anderson , Shane ",10991107,Right,LAK_COU10,"Blake, Andy",701544,Right,MIL_MIL1,Undefined,4,Bottom,2,1,0,Slider,Sweeper,BallCalled,Undefined,Undefined,Undefined,0,0,,78.66361,1.401665,-1.051503,2613.531214,117.266967,10:00,5.58793,2.36244,5.0337,-41.65924,5.23563,-7.16461,3.43922,0.77324,71.66039,-6.201577,-2.316766,0.492872,,,,,,,,,,,,3.23008,2.6591,-2.25602,50,5.68881,2.39191,-114.01977,1.32872,4.22971,21.99974,-28.69202,MIL_MIL1,LAK_COU10,FranklinField,American Association,AABL,20260721-FranklinField-1,0f4b8810-8567-11f1-a17b-7db4bab88cfd,76.47514,,,7.00323,,,,,,,d30aaa50-e40a-4800-9d68-81ee7d48104e,2026-07-22,00:48:30.35,2026-07-21T19:48:30.3540000-05:00,2026-07-22T00:48:30.3540000Z,,v3,,,,"Feliciano, Mario",666128,Right,LAK_COU10,1852dbbe-8c0c-413e-a502-2c1a52798b42,55.46284,-115.06898,10.99987,5.59281,2.6971,-14.34601,-2.36528,2.19018,2.11486,,,,,,,,,,,,,,,,,,,,,,,,,,,,,,,,,,,,,,,,,,,,,,,,,,,High,High,High,,,,,
138,2026-07-21,19:48:47.40,3,3,"Anderson , Shane ",10991107,Right,LAK_COU10,"Blake, Andy",701544,Right,MIL_MIL1,Undefined,4,Bottom,2,2,0,Fastball,Four-Seam,StrikeCalled,Undefined,Undefined,Undefined,0,0,,86.35546,-1.959676,-2.480457,2366.652185,202.311557,12:45,5.44898,2.42534,6.04522,-20.2408,16.68017,6.40847,1.94558,0.66154,79.82139,-5.762006,-1.328082,0.437329,,,,,,,,,,,,-3.93516,9.42953,-2.23559,50,5.28518,5.18481,-125.45191,-4.89211,-6.33781,22.85764,-16.98721,MIL_MIL1,LAK_COU10,FranklinField,American Association,AABL,20260721-FranklinField-1,196ac770-8567-11f1-a17b-7db4bab88cfd,86.18791,,,6.53407,,,,,,,d30aaa50-e40a-4800-9d68-81ee7d48104e,2026-07-22,00:48:47.40,2026-07-21T19:48:47.4000000-05:00,2026-07-22T00:48:47.4000000Z,,v3,,,,"Feliciano, Mario",666128,Right,LAK_COU10,5cf887c7-3067-49e0-87a9-6b457ad4a1cc,54.45437,-126.2609,11.42882,5.44768,-4.2909,-8.49361,-2.42306,5.40912,-3.1689,,,,,,,,,,,,,,,,,,,,,,,,,,,,,,,,,,,,,,,,,,,,,,,,,,,High,High,High,,,,,
139,2026-07-21,19:49:04.12,3,4,"Anderson , Shane ",10991107,Right,LAK_COU10,"Blake, Andy",701544,Right,MIL_MIL1,Undefined,4,Bottom,2,2,1,Fastball,Four-Seam,FoulBallNotFieldable,Undefined,Undefined,Undefined,0,0,,88.70822,-1.585955,-3.035099,2548.230283,199.837491,12:45,5.47678,2.22627,6.04923,-19.07225,15.98765,5.39815,2.41682,-0.13619,81.78987,-5.177306,-2.065338,0.426164,63.86818,48.531526,125.554883,5908.363239,-78.63082,55.0998,76.9233,186.43879,50.62105,138.266863,3.56628,-3.57047,8.97634,-1.99292,50,5.34286,6.61494,-128.82084,-4.14438,-6.05177,24.59029,-16.95958,MIL_MIL1,LAK_COU10,FranklinField,American Association,AABL,20260721-FranklinField-1,235eb110-8567-11f1-a17b-7db4bab88cfd,88.44589,57.26702,,6.91835,,,,1.48379,2.34715,0.04287,d30aaa50-e40a-4800-9d68-81ee7d48104e,2026-07-22,00:49:04.12,2026-07-21T19:49:04.1220000-05:00,2026-07-22T00:49:04.1220000Z,Popup,v3,,,,"Feliciano, Mario",666128,Right,LAK_COU10,e08499a1-6740-44fc-a28d-3c6177474404,54.4505,-129.6676,12.29514,5.47552,-3.56038,-8.47979,-2.22429,6.82333,-3.02588,317.716015,1.48222,-36.0172,-4.29082,2.8009,-1.62439,0.81149,-0.26578,0.04721,-0.00343,2.35032,70.09313,-25.46418,1.51235,1.02564,-0.81595,0.271,-0.04384,0.00275,0.04182,50.5128,-11.59339,4.69415,-2.23128,1.17078,-0.42391,0.08233,-0.00642,,,,,,,,,,,,,,,,,,,,,,,High,High,High,High,Low,,,
140,2026-07-21,19:49:33.63,3,5,"Anderson , Shane ",10991107,Right,LAK_COU10,"Blake, Andy",701544,Right,MIL_MIL1,Undefined,4,Bottom,2,2,2,Fastball,Four-Seam,BallCalled,Undefined,Undefined,Undefined,0,0,,89.02948,-3.195146,-3.92209,2496.848856,194.196292,12:30,5.53204,2.28558,5.96228,-18.70682,16.28221,3.86307,1.00042,-1.03493,82.40185,-6.691871,-3.230314,0.425733,,,,,,,,,,,,-2.96791,9.49284,-1.97628,50,5.26728,8.69137,-129.03154,-7.79404,-5.05968,24.02935,-15.99073,MIL_MIL1,LAK_COU10,FranklinField,American Association,AABL,20260721-FranklinField-1,34f7d960-8567-11f1-a17b-7db4bab88cfd,88.53542,,,6.62763,,,,,,,d30aaa50-e40a-4800-9d68-81ee7d48104e,2026-07-22,00:49:33.63,2026-07-21T19:49:33.6300000-05:00,2026-07-22T00:49:33.6300000Z,,v3,,,,"Feliciano, Mario",666128,Right,LAK_COU10,d16a3a06-a8ff-4726-a253-98adac9c9361,54.53783,-129.87387,12.01468,5.53066,-7.2335,-7.99536,-2.28405,8.86873,-2.52984,,,,,,,,,,,,,,,,,,,,,,,,,,,,,,,,,,,,,,,,,,,,,,,,,,,High,High,High,,,,,
141,2026-07-21,19:49:49.98,3,6,"Anderson , Shane ",10991107,Right,LAK_COU10,"Blake, Andy",701544,Right,MIL_MIL1,Undefined,4,Bottom,2,3,2,Fastball,Four-Seam,FoulBallNotFieldable,Undefined,Undefined,Undefined,0,0,,89.38354,-0.567076,-2.463254,2492.86324,195.028269,12:30,5.49786,2.38358,6.00314,-18.28509,16.2956,4.10339,3.44819,0.44183,82.22668,-4.022406,-1.72634,0.423241,77.63888,77.203571,-162.975311,4936.278875,,,,,13.33763,,,-2.76713,8.86701,-2.1922,50,5.44321,5.42259,-129.88861,-1.83907,-4.76095,25.39077,-16.918,MIL_MIL1,LAK_COU10,FranklinField,American Association,AABL,20260721-FranklinField-1,3eb326d0-8567-11f1-a17b-7db4bab88cfd,89.05659,56.22752,,7.15685,,,,2.52046,3.7196,-0.49807,d30aaa50-e40a-4800-9d68-81ee7d48104e,2026-07-22,00:49:49.98,2026-07-21T19:49:49.9880000-05:00,2026-07-22T00:49:49.9880000Z,,v3,,,,"Feliciano, Mario",666128,Right,LAK_COU10,68590dc9-6b7e-4fc8-abfb-56473b4fbc55,54.49685,-130.7647,12.69538,5.49659,-1.25532,-8.459,-2.38214,5.58686,-2.38048,5.165087,2.52046,-24.11609,-7.60579,2.43286,1.64796,-9.18063,19.75715,-20.77459,8.59375,3.7196,111.04177,-30.64025,3.72068,0.37106,-4.46928,9.56173,-9.82885,3.96623,-0.49807,-7.38458,1.41086,0.19891,1.55072,-6.77284,14.4102,-15.11682,6.24394,,,,,,,,,,,,,,,,,,,,,,,High,High,High,High,Undefined,,,
142,2026-07-21,19:50:10.85,3,7,"Anderson , Shane ",10991107,Right,LAK_COU10,"Blake, Andy",701544,Right,MIL_MIL1,Undefined,4,Bottom,2,3,2,Fastball,Four-Seam,InPlay,Undefined,GroundBall,Out,1,0,,89.33722,-1.309044,-3.399992,2491.064325,196.623444,12:30,5.51899,2.32755,5.94387,-24.22202,10.4667,2.82914,2.28391,-0.59412,82.55925,-5.805322,-2.892982,0.423902,99.21116,4.590693,-12.19991,1997.577135,,,,111.86513,108.19896,-12.633563,0.863368,-2.31815,6.00863,-2.05815,50,5.40077,7.59159,-129.70658,-3.76968,-3.98732,24.67578,-21.83897,MIL_MIL1,LAK_COU10,FranklinField,American Association,AABL,20260721-FranklinField-1,4b23a930-8567-11f1-a17b-7db4bab88cfd,88.91783,4.40175,,6.77796,,,,2.16078,2.48098,0.52232,d30aaa50-e40a-4800-9d68-81ee7d48104e,2026-07-22,00:50:10.85,2026-07-21T19:50:10.8530000-05:00,2026-07-22T00:50:10.8530000Z,GroundBall,v3,,,,"Feliciano, Mario",666128,Right,LAK_COU10,ba716783-51f4-421f-af3f-97de3fe8c3d1,54.55637,-130.57052,12.33789,5.51937,-3.00506,-10.91949,-2.32638,7.73119,-1.99366,86.178057,2.16078,141.76704,-24.48091,5.31413,-1.24592,0.30319,-0.0757,0.01671,-0.00226,2.48098,11.64614,-18.26729,2.0245,-0.48618,0.12071,-0.02913,0.00637,-0.00084,0.52232,-30.65088,2.36375,-0.53531,0.12318,-0.02999,0.00757,-0.00171,0.00024,,,,,,,,,,,,,,,,,,,,,,,High,High,High,High,High,,,
143,2026-07-21,19:52:58.05,1,1,"Hoyt, Eli",827722,Right,MIL_MIL1,"Fuecker, Cole",1000116013,Right,LAK_COU10,Undefined,5,Top,0,0,0,Fastball,Four-Seam,BallCalled,Undefined,Undefined,Undefined,0,0,,93.0358,-3.794514,-2.302574,2388.877231,207.940875,1:00,5.85153,1.44062,6.05913,-13.93083,18.66938,9.27406,1.1706,0.08115,84.09812,-6.482213,-0.634071,0.410943,,,,,,,,,,,,-5.50969,11.1652,-1.26673,50,5.54895,5.01319,-134.66256,-9.3138,-9.98552,32.7952,-11.93877,MIL_MIL1,LAK_COU10,FranklinField,American Association,AABL,20260721-FranklinField-1,aecc8240-8567-11f1-a17b-7db4bab88cfd,91.72179,,,8.93769,,,,,,,d30aaa50-e40a-4800-9d68-81ee7d48104e,2026-07-22,00:52:58.05,2026-07-21T19:52:58.0580000-05:00,2026-07-22T00:52:58.0580000Z,,v3,,,,"Waddell, Chase",1000233818,Right,MIL_MIL1,bcdd8b9c-2b13-4342-ac47-d15db2371961,54.43773,-135.73901,16.3976,5.84823,-8.92193,-5.96938,-1.43666,5.34094,-4.99276,,,,,,,,,,,,,,,,,,,,,,,,,,,,,,,,,,,,,,,,,,,,,,,,,,,High,High,High,,,,,
144,2026-07-21,19:53:09.63,1,2,"Hoyt, Eli",827722,Right,MIL_MIL1,"Fuecker, Cole",1000116013,Right,LAK_COU10,Undefined,5,Top,0,1,0,Fastball,Four-Seam,StrikeCalled,Undefined,Undefined,Undefined,0,0,,92.62734,-2.766015,-2.3857,2447.988352,210.272893,1:00,5.79668,1.34324,,-11.67056,20.9817,11.55741,2.26675,0.10296,83.57978,-5.066687,-0.301398,0.411271,,,,,,,,,,,,-6.72142,12.06784,-1.16948,50,5.58256,5.09667,-134.2256,-6.74916,-12.09998,32.64258,-10.44944,MIL_MIL1,LAK_COU10,FranklinField,American Association,AABL,20260721-FranklinField-1,b5b798b0-8567-11f1-a17b-7db4bab88cfd,91.64871,,,9.04756,,,,,,,d30aaa50-e40a-4800-9d68-81ee7d48104e,2026-07-22,00:53:09.63,2026-07-21T19:53:09.6310000-05:00,2026-07-22T00:53:09.6310000Z,,v3,,,,"Waddell, Chase",1000233818,Right,MIL_MIL1,0ed4e94f-580c-42b0-95e7-c9d006298bfa,54.29399,-135.26584,16.32129,5.79233,-6.41616,-5.22472,-1.33804,5.48227,-6.04999,,,,,,,,,,,,,,,,,,,,,,,,,,,,,,,,,,,,,,,,,,,,,,,,,,,High,High,High,,,,,
145,2026-07-21,19:53:21.45,1,3,"Hoyt, Eli",827722,Right,MIL_MIL1,"Fuecker, Cole",1000116013,Right,LAK_COU10,Undefined,5,Top,0,1,1,Curveball,Curveball,StrikeCalled,Undefined,Undefined,Undefined,0,0,,78.80612,2.42534,-0.294234,2522.567518,26.043022,6:45,5.89732,1.45392,5.40408,-59.65413,-13.41473,-7.31063,3.20005,0.56901,71.7861,-8.418154,-1.596286,0.489415,,,,,,,,,,,,3.55855,-6.94063,-1.42252,50,6.07185,0.88368,-114.31121,2.71773,4.65935,23.1279,-41.26174,MIL_MIL1,LAK_COU10,FranklinField,American Association,AABL,20260721-FranklinField-1,bcd18750-8567-11f1-a17b-7db4bab88cfd,77.01524,,,7.02002,,,,,,,d30aaa50-e40a-4800-9d68-81ee7d48104e,2026-07-22,00:53:21.45,2026-07-21T19:53:21.4560000-05:00,2026-07-22T00:53:21.4560000Z,,v3,,,,"Waddell, Chase",1000233818,Right,MIL_MIL1,3f3264cb-109e-4936-93af-5e50a0c4a4c4,55.09676,-115.3378,11.56395,5.91057,4.54923,-20.63087,-1.45716,0.67686,2.32968,,,,,,,,,,,,,,,,,,,,,,,,,,,,,,,,,,,,,,,,,,,,,,,,,,,High,High,High,,,,,
146,2026-07-21,19:53:36.35,1,4,"Hoyt, Eli",827722,Right,MIL_MIL1,"Fuecker, Cole",1000116013,Right,LAK_COU10,Undefined,5,Top,0,1,2,Fastball,Four-Seam,FoulBallNotFieldable,Undefined,Undefined,Undefined,0,0,,92.85323,-2.723321,-1.107407,2367.254433,205.483671,12:45,5.78774,1.06831,6.09744,-14.53166,17.70572,7.93851,2.05564,0.7055,84.77807,-5.50529,0.323051,0.40865,59.23815,52.713573,63.881715,5045.811126,13.19943,56.42941,109.20517,158.14778,100.41523,86.016979,4.197954,-4.41902,10.23501,-0.98723,50,5.57029,2.26762,-134.77229,-6.82097,-8.11025,29.88032,-13.38968,MIL_MIL1,LAK_COU10,FranklinField,American Association,AABL,20260721-FranklinField-1,c5a6e190-8567-11f1-a17b-7db4bab88cfd,92.23654,65.22275,,8.07515,,,,-0.27141,2.15104,-0.74962,d30aaa50-e40a-4800-9d68-81ee7d48104e,2026-07-22,00:53:36.35,2026-07-21T19:53:36.3500000-05:00,2026-07-22T00:53:36.3500000Z,Popup,v3,,,,"Waddell, Chase",1000233818,Right,MIL_MIL1,96f28fb4-5d64-4b21-b1f8-f2fadc3036db,54.40069,-135.74446,14.94016,5.78513,-6.38533,-6.69484,-1.0653,2.53149,-4.05513,214.442839,-0.26891,23.07294,-12.67538,2.56986,0.95396,-1.03362,0.3717,-0.06131,0.00387,2.14282,69.33789,-22.87773,3.90349,-2.09322,0.90783,-0.21656,0.02554,-0.00118,-0.75208,47.3168,-4.11163,0.85911,-0.31578,0.09892,-0.01181,-0.00052,0.00015,,,,,,,,,,,,,,,,,,,,,,,High,High,High,High,Medium,,,
147,2026-07-21,19:53:55.88,1,5,"Hoyt, Eli",827722,Right,MIL_MIL1,"Fuecker, Cole",1000116013,Right,LAK_COU10,Undefined,5,Top,0,1,2,Fastball,Four-Seam,BallCalled,Undefined,Undefined,Undefined,0,0,,93.74733,-1.172841,-0.95355,2368.718666,205.919053,12:45,5.79615,1.37711,6.00168,-14.68355,16.99914,7.76697,3.48551,1.14075,85.48019,-3.984437,0.443322,0.405119,,,,,,,,,,,,-4.24358,9.36292,-1.30625,50,5.69575,1.92158,-136.16089,-3.21343,-7.95367,30.35113,-14.62525,MIL_MIL1,LAK_COU10,FranklinField,American Association,AABL,20260721-FranklinField-1,d1480600-8567-11f1-a17b-7db4bab88cfd,93.0405,,,8.26714,,,,,,,d30aaa50-e40a-4800-9d68-81ee7d48104e,2026-07-22,00:53:55.88,2026-07-21T19:53:55.8890000-05:00,2026-07-22T00:53:55.8890000Z,,v3,,,,"Waddell, Chase",1000233818,Right,MIL_MIL1,b97fdb7c-827e-4e33-85ed-27d61c8bd29e,54.49527,-137.15926,15.17556,5.79354,-2.73235,-7.31262,-1.37377,2.1832,-3.97684,,,,,,,,,,,,,,,,,,,,,,,,,,,,,,,,,,,,,,,,,,,,,,,,,,,High,High,High,,,,,
148,2026-07-21,19:54:10.43,1,6,"Hoyt, Eli",827722,Right,MIL_MIL1,"Fuecker, Cole",1000116013,Right,LAK_COU10,Undefined,5,Top,0,2,2,Slider,Slider,StrikeSwinging,Strikeout,Undefined,Undefined,0,0,,84.93553,-0.880877,-1.631806,2419.764438,91.004794,9:00,5.71031,1.52723,5.86357,-37.75825,1.42795,-4.65496,1.74509,-0.37699,77.27554,-7.843923,-2.467654,0.450545,,,,,,,,,,,,1.86858,1.4102,-1.39227,50,5.61713,3.69943,-123.22604,-3.17848,2.83809,27.27525,-30.03219,MIL_MIL1,LAK_COU10,FranklinField,American Association,AABL,20260721-FranklinField-1,d9fc6ac0-8567-11f1-a17b-7db4bab88cfd,83.65971,,,7.65999,,,,,,,d30aaa50-e40a-4800-9d68-81ee7d48104e,2026-07-22,00:54:10.43,2026-07-21T19:54:10.4300000-05:00,2026-07-22T00:54:10.4300000Z,,v3,,,,"Waddell, Chase",1000233818,Right,MIL_MIL1,28ea1e77-b6e0-4b99-933c-2a92470a758c,54.63375,-124.24746,13.63762,5.7151,-2.05382,-15.0161,-1.52882,3.59314,1.41905,,,,,,,,,,,,,,,,,,,,,,,,,,,,,50.12042,2.923707,1.388698,1.53501,-0.08181,1.53559,0.44188,-4.77798,4.61111,3.82437,74.29822,8.35427,50.70709,-4.60018,57.9257,-4.24793,4.78125,25.07786,-14.81365,3.90314,33.71318,-2.09754,High,High,High,,,High,High,High
149,2026-07-21,19:54:41.28,2,1,"Hoyt, Eli",827722,Right,MIL_MIL1,"Snider, Jake",686744,Left,LAK_COU10,Undefined,5,Top,1,0,0,Fastball,Four-Seam,StrikeCalled,Undefined,Undefined,Undefined,0,0,,94.20858,-1.275939,-3.329824,2338.873897,216.619576,1:15,5.76179,1.41861,5.98809,-15.2143,16.21021,11.3019,3.3092,-0.72911,85.97009,-4.177982,-1.302315,0.403465,,,,,,,,,,,,-6.71634,8.978,-1.16187,50,5.65253,7.44991,-136.6547,-3.50539,-12.70385,30.03895,-15.19228,MIL_MIL1,LAK_COU10,FranklinField,American Association,AABL,20260721-FranklinField-1,ec56e740-8567-11f1-a17b-7db4bab88cfd,93.42193,,,8.23849,,,,,,,d30aaa50-e40a-4800-9d68-81ee7d48104e,2026-07-22,00:54:41.28,2026-07-21T19:54:41.2820000-05:00,2026-07-22T00:54:41.2820000Z,,v3,,,,"Waddell, Chase",1000233818,Right,MIL_MIL1,3e9eff02-601a-4585-9356-c0f8d1d925ca,54.50986,-137.64247,15.01947,5.75958,-3.00583,-7.59614,-1.41371,7.86765,-6.35192,,,,,,,,,,,,,,,,,,,,,,,,,,,,,,,,,,,,,,,,,,,,,,,,,,,High,High,High,,,,,
150,2026-07-21,19:54:52.99,2,2,"Hoyt, Eli",827722,Right,MIL_MIL1,"Snider, Jake",686744,Left,LAK_COU10,Undefined,5,Top,1,0,1,ChangeUp,Splitter,BallCalled,Undefined,Undefined,Undefined,0,0,,88.07515,-3.251843,-2.66814,1209.480903,202.802497,12:45,5.56515,1.71953,6.18878,-24.37659,10.99973,4.19807,0.52488,-0.39589,81.68637,-7.775257,-1.910736,0.428083,,,,,,,,,,,,-2.87358,6.83004,-1.52054,50,5.30704,5.79957,-127.85447,-8.03065,-4.80381,23.90935,-20.75619,MIL_MIL1,LAK_COU10,FranklinField,American Association,AABL,20260721-FranklinField-1,f352eda0-8567-11f1-a17b-7db4bab88cfd,88.0494,,,6.38878,,,,,,,d30aaa50-e40a-4800-9d68-81ee7d48104e,2026-07-22,00:54:52.99,2026-07-21T19:54:52.9930000-05:00,2026-07-22T00:54:52.9930000Z,,v3,,,,"Waddell, Chase",1000233818,Right,MIL_MIL1,f6c725e6-e65f-4771-a6fb-2e6558ca05bb,54.3123,-128.65836,11.95468,5.56532,-7.33277,-10.37809,-1.71825,5.96108,-2.40191,,,,,,,,,,,,,,,,,,,,,,,,,,,,,,,,,,,,,,,,,,,,,,,,,,,High,High,High,,,,,
151,2026-07-21,19:55:09.84,2,3,"Hoyt, Eli",827722,Right,MIL_MIL1,"Snider, Jake",686744,Left,LAK_COU10,Undefined,5,Top,1,1,1,Curveball,Curveball,BallCalled,Undefined,Undefined,Undefined,0,0,,79.45217,2.357301,0.389356,2641.846039,24.184474,6:45,5.82044,1.53184,5.38509,-57.1181,-12.27942,-6.09622,3.27144,1.38878,73.37588,-7.990952,-0.695963,0.481945,,,,,,,,,,,,3.17248,-6.42268,-1.56216,50,5.99037,-0.54279,-115.44306,2.72444,4.30387,20.43011,-40.88722,MIL_MIL1,LAK_COU10,FranklinField,American Association,AABL,20260721-FranklinField-1,fd670970-8567-11f1-a17b-7db4bab88cfd,78.20895,,,6.07628,,,,,,,d30aaa50-e40a-4800-9d68-81ee7d48104e,2026-07-22,00:55:09.84,2026-07-21T19:55:09.8410000-05:00,2026-07-22T00:55:09.8410000Z,,v3,,,,"Waddell, Chase",1000233818,Right,MIL_MIL1,331d145e-4345-44c2-ac89-4a059bb1110d,55.11808,-116.34529,10.21506,5.83018,4.53008,-20.44361,-1.53399,-0.73285,2.15194,,,,,,,,,,,,,,,,,,,,,,,,,,,,,,,,,,,,,,,,,,,,,,,,,,,High,High,High,,,,,
152,2026-07-21,19:55:23.55,2,4,"Hoyt, Eli",827722,Right,MIL_MIL1,"Snider, Jake",686744,Left,LAK_COU10,Undefined,5,Top,1,2,1,Fastball,Four-Seam,FoulBallNotFieldable,Undefined,Undefined,Undefined,0,0,,92.83259,-2.465784,-2.387286,2388.873544,197.617004,12:30,5.83722,1.27297,6.0598,-12.46749,19.88599,5.97634,2.51268,-0.43982,84.59669,-4.881995,-1.312668,0.409385,85.02643,33.84177,-39.777264,4799.686195,75.34188,60.85008,-80.14736,263.75383,136.39572,-57.713942,4.358604,-3.78103,11.29757,-1.09083,50,5.63896,5.36093,-134.66641,-6.1292,-6.92164,30.09707,-11.49245,MIL_MIL1,LAK_COU10,FranklinField,American Association,AABL,20260721-FranklinField-1,05882ee0-8568-11f1-a17b-7db4bab88cfd,92.07088,67.8168,,8.23591,,,,1.17625,2.493,0.51539,d30aaa50-e40a-4800-9d68-81ee7d48104e,2026-07-22,00:55:23.55,2026-07-21T19:55:23.5580000-05:00,2026-07-22T00:55:23.5580000Z,FlyBall,v3,,,,"Waddell, Chase",1000233818,Right,MIL_MIL1,dbc9d1b2-2e0c-4d0e-ba69-f9107127c65c,54.4387,-135.6548,15.04854,5.83405,-5.75178,-5.74623,-1.27062,5.58824,-3.46082,134.774098,1.17357,79.67126,-24.76939,7.35366,-2.30043,0.71499,-0.17345,0.02448,-0.0014,2.49296,69.44868,-20.86197,1.36508,-0.01684,-0.04424,0.0114,-0.00054,-7E-05,0.51611,-66.29173,3.80049,0.36898,-0.11461,-0.06675,0.0422,-0.00894,0.00067,,,,,,,,,,,,,,,,,,,,,,,High,High,High,High,Low,,,
153,2026-07-21,19:55:44.83,2,5,"Hoyt, Eli",827722,Right,MIL_MIL1,"Snider, Jake",686744,Left,LAK_COU10,Undefined,5,Top,1,2,2,Fastball,Four-Seam,BallCalled,Undefined,Undefined,Undefined,0,0,,93.56003,-3.966965,-2.190152,2415.464459,203.2753,12:45,5.77421,1.39776,6.0919,-8.86052,23.051,9.45201,1.35789,0.15859,85.19844,-5.73245,-0.489271,0.406579,,,,,,,,,,,,-5.53126,13.38753,-1.23397,50,5.46323,4.78128,-135.55112,-9.58087,-10.25272,30.66599,-7.35891,MIL_MIL1,LAK_COU10,FranklinField,American Association,AABL,20260721-FranklinField-1,12345ab0-8568-11f1-a17b-7db4bab88cfd,92.70627,,,8.36159,,,,,,,d30aaa50-e40a-4800-9d68-81ee7d48104e,2026-07-22,00:55:44.83,2026-07-21T19:55:44.8350000-05:00,2026-07-22T00:55:44.8350000Z,,v3,,,,"Waddell, Chase",1000233818,Right,MIL_MIL1,d14551cd-6143-4287-90d7-27d740db1dea,54.40686,-136.54445,15.333,5.76971,-9.3425,-3.67946,-1.39422,5.11339,-5.12636,,,,,,,,,,,,,,,,,,,,,,,,,,,,,,,,,,,,,,,,,,,,,,,,,,,High,High,High,,,,,
154,2026-07-21,19:56:00.50,2,6,"Hoyt, Eli",827722,Right,MIL_MIL1,"Snider, Jake",686744,Left,LAK_COU10,Undefined,5,Top,1,3,2,Slider,Slider,BallCalled,Walk,Undefined,Undefined,0,0,,85.74108,-0.5042,-3.249936,2556.259696,85.4036,8:45,5.59919,1.69829,5.7687,-37.44089,1.1463,-1.89551,2.00912,-1.48739,78.10094,-7.389945,-3.588787,0.447088,,,,,,,,,,,,-0.0289,1.13386,-1.42813,50,5.53493,7.13462,-124.26289,-2.40072,-0.04475,27.10703,-30.41799,MIL_MIL1,LAK_COU10,FranklinField,American Association,AABL,20260721-FranklinField-1,1b94b6e0-8568-11f1-a17b-7db4bab88cfd,84.30656,,,7.64013,,,,,,,d30aaa50-e40a-4800-9d68-81ee7d48104e,2026-07-22,00:56:00.50,2026-07-21T19:56:00.5080000-05:00,2026-07-22T00:56:00.5080000Z,,v3,,,,"Waddell, Chase",1000233818,Right,MIL_MIL1,628bdcbc-b938-403b-9a4e-937e0e5f1e28,54.72872,-125.29018,13.55351,5.60407,-1.24795,-15.20899,-1.69854,7.13632,-0.02238,,,,,,,,,,,,,,,,,,,,,,,,,,,,,,,,,,,,,,,,,,,,,,,,,,,High,High,High,,,,,
155,2026-07-21,19:56:29.84,3,1,"Hoyt, Eli",827722,Right,MIL_MIL1,"Roberts, Brett",689355,Right,LAK_COU10,Undefined,5,Top,1,0,0,Fastball,Four-Seam,FoulBallNotFieldable,Undefined,Undefined,Undefined,0,0,,92.48581,-1.640676,-1.599052,2439.140643,214.589549,1:15,5.76275,1.42981,5.95691,-14.84572,18.11036,11.68375,3.00314,0.9202,83.53808,-4.502791,0.500031,0.41318,83.93492,12.574602,-45.928181,2759.653557,70.00756,12.00192,-84.84652,168.98085,164.39228,-53.162528,1.68285,-6.50804,10.15319,-1.30939,50,5.62424,3.2353,-134.15,-4.26234,-11.71199,32.39236,-13.90216,MIL_MIL1,LAK_COU10,FranklinField,American Association,AABL,20260721-FranklinField-1,2d0d10c0-8568-11f1-a17b-7db4bab88cfd,91.22522,13.04941,,8.94773,,,,1.39186,3.27892,-1.38094,d30aaa50-e40a-4800-9d68-81ee7d48104e,2026-07-22,00:56:29.84,2026-07-21T19:56:29.8400000-05:00,2026-07-22T00:56:29.8400000Z,LineDrive,v3,,,,"Waddell, Chase",1000233818,Right,MIL_MIL1,3d45f026-6339-41a4-9f82-2fdf6f51d124,54.5402,-135.24184,16.19618,5.76001,-3.79374,-6.95108,-1.4251,3.63008,-5.85599,,1.39188,83.56998,-17.95,2.77918,-0.37395,-0.03911,0.01116,0.00788,-0.0024,3.27892,26.80038,-19.65737,1.93052,-0.29494,0.03595,-0.00484,0.00343,-0.00081,-1.38092,-86.32727,3.16995,0.65404,-0.01045,-0.11725,0.05954,-0.00981,0.00015,,,,,,,,,,,,,,,,,,,,,,,High,High,High,Medium,High,,,
156,2026-07-21,19:56:55.26,3,2,"Hoyt, Eli",827722,Right,MIL_MIL1,"Roberts, Brett",689355,Right,LAK_COU10,Undefined,5,Top,1,0,1,Slider,Slider,FoulBallNotFieldable,Undefined,Undefined,Undefined,0,0,,85.23476,-0.954439,-1.828281,2422.925174,141.357597,10:45,5.65692,1.64472,5.84011,-33.50577,4.69264,-2.88331,1.9772,-0.2953,78.93305,-7.112192,-2.345457,0.44483,66.5386,-62.968656,-95.922591,,,,,1.7334,1.70092,-24.986871,0.022998,1.02433,2.94689,-1.49401,50,5.55916,4.06761,-123.90085,-3.18898,1.60552,22.83211,-27.5551,MIL_MIL1,LAK_COU10,FranklinField,American Association,AABL,20260721-FranklinField-1,3c33d980-8568-11f1-a17b-7db4bab88cfd,84.7345,2.00576,,6.3017,,,,1.67676,2.00576,0.2857,d30aaa50-e40a-4800-9d68-81ee7d48104e,2026-07-22,00:56:55.26,2026-07-21T19:56:55.2600000-05:00,2026-07-22T00:56:55.2600000Z,GroundBall,v3,,,,"Waddell, Chase",1000233818,Right,MIL_MIL1,ed82281a-5fb3-4d68-ad61-fda00fa32aac,54.66048,-124.75671,11.41606,5.65934,-2.15608,-13.77755,-1.64535,4.00743,0.80276,,1.67681,-4.59157,,,,,,,,2.00682,-87.21522,,,,,,,,0.28624,-44.26097,,,,,,,,,,,,,,,,,,,,,,,,,,,,,,High,High,High,Estimated,Estimated,,,
157,2026-07-21,19:57:27.52,3,3,"Hoyt, Eli",827722,Right,MIL_MIL1,"Roberts, Brett",689355,Right,LAK_COU10,Undefined,5,Top,1,0,2,Fastball,Four-Seam,StrikeCalled,Strikeout,Undefined,Undefined,0,0,,93.47249,-3.047981,-1.964275,2376.516412,209.885443,1:00,5.77853,1.33344,6.07482,-14.178,17.56513,9.52126,1.77247,0.30865,85.68625,-5.753948,-0.25025,0.405505,,,,,,,,,,,,-5.46634,10.20733,-1.18656,50,5.53486,4.24833,-135.64439,-7.63496,-10.20811,29.02586,-13.11237,MIL_MIL1,LAK_COU10,FranklinField,American Association,AABL,20260721-FranklinField-1,4f70c6c0-8568-11f1-a17b-7db4bab88cfd,92.95183,,,7.78624,,,,,,,d30aaa50-e40a-4800-9d68-81ee7d48104e,2026-07-22,00:57:27.52,2026-07-21T19:57:27.5240000-05:00,2026-07-22T00:57:27.5240000Z,,v3,,,,"Waddell, Chase",1000233818,Right,MIL_MIL1,65ffa35b-96ab-4843-99b0-df8f37aa1f9c,54.42441,-136.58787,14.51293,5.77611,-7.20875,-6.55618,-1.33005,4.58014,-5.10406,,,,,,,,,,,,,,,,,,,,,,,,,,,,,,,,,,,,,,,,,,,,,,,,,,,High,High,High,,,,,
158,2026-07-21,19:57:56.61,4,1,"Hoyt, Eli",827722,Right,MIL_MIL1,"Reyes, Ripken",685341,Left,LAK_COU10,Undefined,5,Top,2,0,0,Fastball,Four-Seam,BallCalled,Undefined,Undefined,Undefined,0,0,,92.38733,-3.124283,-3.129449,2377.454382,214.584398,1:15,5.69222,1.53555,6.11745,-15.62938,16.65871,10.82745,1.49408,-0.45834,85.23347,-6.08256,-1.181208,0.408971,,,,,,,,,,,,-6.42146,9.71308,-1.30135,50,5.44407,6.88363,-134.04261,-7.79102,-11.79144,26.45823,-14.33835,MIL_MIL1,LAK_COU10,FranklinField,American Association,AABL,20260721-FranklinField-1,60c12640-8568-11f1-a17b-7db4bab88cfd,92.16406,,,7.15386,,,,,,,d30aaa50-e40a-4800-9d68-81ee7d48104e,2026-07-22,00:57:56.61,2026-07-21T19:57:56.6130000-05:00,2026-07-22T00:57:56.6130000Z,,v3,,,,"Waddell, Chase",1000233818,Right,MIL_MIL1,70d0dde8-be55-487f-8d66-d90305fbce8d,54.38291,-134.90496,13.22911,5.69038,-7.32369,-7.16917,-1.53197,7.26795,-5.89572,,,,,,,,,,,,,,,,,,,,,,,,,,,,,,,,,,,,,,,,,,,,,,,,,,,High,High,High,,,,,
159,2026-07-21,19:58:36.19,4,2,"Hoyt, Eli",827722,Right,MIL_MIL1,"Reyes, Ripken",685341,Left,LAK_COU10,Undefined,5,Top,2,1,0,Fastball,Four-Seam,StrikeCalled,Undefined,Undefined,Undefined,0,0,,91.74096,-2.373634,-1.620142,2337.046508,205.160557,12:45,5.77944,1.49917,5.9708,-12.65729,20.41414,9.09741,2.52194,0.75486,83.94091,-4.816707,0.014406,0.413902,,,,,,,,,,,,-5.11685,11.45371,-1.37594,50,5.58429,3.37723,-133.18094,-5.85389,-9.20492,28.17422,-11.56946,MIL_MIL1,LAK_COU10,FranklinField,American Association,AABL,20260721-FranklinField-1,78664fa0-8568-11f1-a17b-7db4bab88cfd,91.06606,,,7.80006,,,,,,,d30aaa50-e40a-4800-9d68-81ee7d48104e,2026-07-22,00:58:36.19,2026-07-21T19:58:36.1920000-05:00,2026-07-22T00:58:36.1920000Z,,v3,,,,"Waddell, Chase",1000233818,Right,MIL_MIL1,a8919a06-5b3f-450d-a533-b3069a41f28c,54.52748,-134.13531,14.08711,5.77595,-5.462,-5.78473,-1.49562,3.68904,-4.60246,,,,,,,,,,,,,,,,,,,,,,,,,,,,,72.21229,2.126268,0.675072,1.451196,-0.26411,2.37891,-0.75604,-0.83422,5.33996,0.16303,127.27915,1.66583,7.96176,-0.61108,102.50437,-10.06822,5.37952,15.10071,-12.20494,0.07952,1.83195,2.53901,High,High,High,,,High,Medium,Medium
160,2026-07-21,19:59:04.71,4,3,"Hoyt, Eli",827722,Right,MIL_MIL1,"Reyes, Ripken",685341,Left,LAK_COU10,Undefined,5,Top,2,1,1,ChangeUp,Splitter,BallCalled,Undefined,Undefined,Undefined,0,0,,87.15041,-4.684568,-1.724686,1248.804607,210.830916,1:00,5.65717,1.66939,6.08587,-20.77867,15.64898,8.68749,-0.41967,0.79738,80.68629,-8.551557,-0.158665,0.434397,,,,,,,,,,,,-5.00851,9.65327,-1.54116,50,5.28372,3.47694,-126.33803,-10.98135,-8.1561,23.91903,-16.45417,MIL_MIL1,LAK_COU10,FranklinField,American Association,AABL,20260721-FranklinField-1,895aac70-8568-11f1-a17b-7db4bab88cfd,86.76956,,,6.46412,,,,,,,d30aaa50-e40a-4800-9d68-81ee7d48104e,2026-07-22,00:59:04.71,2026-07-21T19:59:04.7160000-05:00,2026-07-22T00:59:04.7160000Z,,v3,,,,"Waddell, Chase",1000233818,Right,MIL_MIL1,92c0741f-ce4a-4d51-afc1-78b7f7dec6b2,54.41548,-127.17124,11.95951,5.65627,-10.40817,-8.22708,-1.66723,3.76105,-4.07805,,,,,,,,,,,,,,,,,,,,,,,,,,,,,,,,,,,,,,,,,,,,,,,,,,,High,High,High,,,,,
161,2026-07-21,19:59:29.59,4,4,"Hoyt, Eli",827722,Right,MIL_MIL1,"Reyes, Ripken",685341,Left,LAK_COU10,Undefined,5,Top,2,2,1,Fastball,Four-Seam,FoulBallNotFieldable,Undefined,Undefined,Undefined,0,0,,92.72494,-1.788157,-1.475618,2345.418818,206.751421,1:00,5.76818,1.49046,5.93887,-13.4195,19.35127,9.17508,2.99,0.88589,83.84159,-4.390203,0.172137,0.412017,68.54154,70.174929,-99.480992,4419.322657,,,,,11.32813,,,-5.18756,10.8352,-1.37809,50,5.61818,3.06675,-134.51093,-4.56489,-9.39663,32.26189,-12.54751,MIL_MIL1,LAK_COU10,FranklinField,American Association,AABL,20260721-FranklinField-1,982dafe0-8568-11f1-a17b-7db4bab88cfd,91.4828,28.18325,,8.88335,,,,1.38473,3.1647,-1.01331,d30aaa50-e40a-4800-9d68-81ee7d48104e,2026-07-22,00:59:29.59,2026-07-21T19:59:29.5930000-05:00,2026-07-22T00:59:29.5930000Z,,v3,,,,"Waddell, Chase",1000233818,Right,MIL_MIL1,4fdacdf8-748a-4aa5-8f22-29ff956d71ac,54.55875,-135.59991,16.13094,5.76512,-4.14136,-6.27375,-1.48696,3.38393,-4.69831,14.964207,1.3868,-5.71265,-7.04359,,,,,,,3.16494,94.55931,-22.95686,,,,,,,-1.01021,-33.77266,-8.60411,,,,,,,,,,,,,,,,,,,,,,,,,,,,,High,High,High,High,Undefined,,,
162,2026-07-21,19:59:59.78,4,5,"Hoyt, Eli",827722,Right,MIL_MIL1,"Reyes, Ripken",685341,Left,LAK_COU10,Undefined,5,Top,2,2,2,Fastball,Four-Seam,BallCalled,Undefined,Undefined,Undefined,0,0,,91.91442,-0.610645,-1.150661,2244.378045,208.72258,1:00,5.79888,1.2626,5.87192,-15.92867,17.43032,8.925,3.90418,0.93745,83.18145,-3.664354,0.45038,0.415698,,,,,,,,,,,,-4.86969,9.40548,-1.17448,50,5.74024,2.27601,-133.36602,-1.88337,-8.69348,31.03701,-15.3831,MIL_MIL1,LAK_COU10,FranklinField,American Association,AABL,20260721-FranklinField-1,aa2a06d0-8568-11f1-a17b-7db4bab88cfd,90.67266,,,8.73297,,,,,,,d30aaa50-e40a-4800-9d68-81ee7d48104e,2026-07-22,00:59:59.78,2026-07-21T19:59:59.7860000-05:00,2026-07-22T00:59:59.7860000Z,,v3,,,,"Waddell, Chase",1000233818,Right,MIL_MIL1,59b85c4d-d596-4e2f-b6f6-5d2502db5c97,54.62309,-134.4376,15.5185,5.7961,-1.35225,-7.69155,-1.25824,2.57616,-4.34674,,,,,,,,,,,,,,,,,,,,,,,,,,,,,,,,,,,,,,,,,,,,,,,,,,,High,High,High,,,,,
163,2026-07-21,20:00:38.01,4,6,"Hoyt, Eli",827722,Right,MIL_MIL1,"Reyes, Ripken",685341,Left,LAK_COU10,Undefined,5,Top,2,3,2,Fastball,Four-Seam,FoulBallNotFieldable,Undefined,Undefined,Undefined,0,0,,93.90025,-2.429426,-2.291265,2347.688856,191.51324,12:30,5.87757,1.46187,5.98892,-7.46831,24.58324,4.76977,3.00052,-0.26528,84.55158,-3.969326,-1.434957,0.40747,96.39665,27.350816,44.223012,3070.861488,72.92622,47.87897,82.35072,315.57261,192.76379,59.815161,3.91675,-3.19118,13.76083,-1.28378,50,5.68184,5.23367,-136.0576,-5.87904,-5.89473,33.90762,-6.755,MIL_MIL1,LAK_COU10,FranklinField,American Association,AABL,20260721-FranklinField-1,c0f5c020-8568-11f1-a17b-7db4bab88cfd,92.50354,59.05022,,9.34867,,,,1.97553,3.28903,0.39294,d30aaa50-e40a-4800-9d68-81ee7d48104e,2026-07-22,01:00:38.01,2026-07-21T20:00:38.0180000-05:00,2026-07-22T01:00:38.0180000Z,FlyBall,v3,,,,"Waddell, Chase",1000233818,Right,MIL_MIL1,7331534a-b500-42ae-91a0-c864a0dcb75a,54.50797,-137.17645,16.95381,5.87215,-5.65615,-3.3775,-1.45969,5.42818,-2.94737,,1.9752,90.00206,-22.1951,4.88878,-1.24104,0.31131,-0.06905,0.0096,-0.00055,3.28952,64.94111,-21.82437,2.08025,-0.22921,-0.04853,0.03183,-0.00617,0.00042,0.39257,87.59568,-4.50285,-0.14636,0.03316,0.04307,-0.02432,0.00469,-0.00034,,,,,,,,,,,,,,,,,,,,,,,High,High,High,Medium,Medium,,,
164,2026-07-21,20:01:01.11,4,7,"Hoyt, Eli",827722,Right,MIL_MIL1,"Reyes, Ripken",685341,Left,LAK_COU10,Undefined,5,Top,2,3,2,Fastball,Four-Seam,InPlay,Undefined,LineDrive,Single,0,1,,93.48442,-2.121875,-2.114538,2392.769375,217.422885,1:15,5.69956,1.5641,6.10794,-15.39505,16.62422,11.86957,2.4523,0.59702,84.68993,-5.077217,0.023438,0.407265,96.31104,10.484336,6.318387,817.024879,109.54691,15.85417,9.96621,228.79833,227.73677,5.086605,2.233389,-6.78363,9.56107,-1.40786,50,5.52845,4.49485,-135.5961,-5.46907,-12.50593,32.36462,-14.5478,MIL_MIL1,LAK_COU10,FranklinField,American Association,AABL,20260721-FranklinField-1,cebbc060-8568-11f1-a17b-7db4bab88cfd,92.55013,16.15807,,8.79449,,,,1.2661,2.42126,-0.60291,d30aaa50-e40a-4800-9d68-81ee7d48104e,2026-07-22,01:01:01.11,2026-07-21T20:01:01.1190000-05:00,2026-07-22T01:01:01.1190000Z,LineDrive,v3,,,,"Waddell, Chase",1000233818,Right,MIL_MIL1,c6e2a7c2-3897-4d1c-8602-88f805e8439e,54.38964,-136.63982,16.18231,5.69725,-4.99992,-7.2739,-1.55932,4.89815,-6.25296,162.845353,1.26616,138.04986,-24.38962,5.10809,-0.92318,0.16413,-0.04398,0.01162,-0.00138,2.42113,25.71211,-11.82716,-0.25347,0.01952,0.03615,0.00696,-0.00817,0.00142,-0.60281,15.27924,-5.42966,1.88229,-0.34248,0.03832,-0.01973,0.00936,-0.00141,,,,,,,,,,,,,,,,,,,,,,,High,High,High,High,High,,,
165,2026-07-21,20:01:38.04,5,1,"Hoyt, Eli",827722,Right,MIL_MIL1,"Zuberer, Ray",829518,Left,LAK_COU10,Undefined,5,Top,2,0,0,Slider,Slider,StrikeSwinging,Undefined,Undefined,Undefined,0,0,,85.8982,-1.377107,-1.60168,2405.906769,99.400497,9:15,5.71509,1.65072,5.99918,-36.04218,1.72433,-3.23977,1.43481,-0.10377,78.90028,-8.016858,-2.185088,0.442308,,,,,,,,,,,,1.2198,1.60839,-1.52288,50,5.58679,3.61565,-124.76751,-4.20396,1.9175,25.75123,-29.64573,MIL_MIL1,LAK_COU10,FranklinField,American Association,AABL,20260721-FranklinField-1,e4c08030-8568-11f1-a17b-7db4bab88cfd,85.21762,,,6.99793,,,,,,,d30aaa50-e40a-4800-9d68-81ee7d48104e,2026-07-22,01:01:38.04,2026-07-21T20:01:38.0420000-05:00,2026-07-22T01:01:38.0420000Z,,v3,,,,"Waddell, Chase",1000233818,Right,MIL_MIL1,22ebfcd0-bcbb-4052-8144-75561d7cf372,54.50034,-125.69292,12.87561,5.71873,-3.13859,-14.82287,-1.65158,3.54674,0.95875,,,,,,,,,,,,,,,,,,,,,,,,,,,,,,,,,,,,,,,,,,,,,,,,,,,High,High,High,,,,,
166,2026-07-21,20:01:56.46,5,2,"Hoyt, Eli",827722,Right,MIL_MIL1,"Zuberer, Ray",829518,Left,LAK_COU10,Undefined,5,Top,2,0,1,Fastball,Four-Seam,FoulBallNotFieldable,Undefined,Undefined,Undefined,0,0,,93.37312,-2.343178,-2.455527,2388.811222,205.733516,12:45,5.78226,1.48332,5.89648,-10.35855,22.08265,10.08662,2.74044,0.04277,84.32008,-4.3951,-0.647425,0.40994,74.39924,58.831055,-107.907372,5281.18832,,,,,23.42436,,,-5.94201,12.38355,-1.29153,50,5.58775,5.35602,-135.30802,-5.77601,-10.88897,32.69969,-9.48078,MIL_MIL1,LAK_COU10,FranklinField,American Association,AABL,20260721-FranklinField-1,efb81e30-8568-11f1-a17b-7db4bab88cfd,91.94634,37.68544,,9.05305,,,,1.35227,2.57168,0.16446,d30aaa50-e40a-4800-9d68-81ee7d48104e,2026-07-22,01:01:56.46,2026-07-21T20:01:56.4600000-05:00,2026-07-22T01:01:56.4600000Z,,v3,,,,"Waddell, Chase",1000233818,Right,MIL_MIL1,0154848c-9230-4b2e-9c6a-12b7bd0ed27b,54.60087,-136.41537,16.34984,5.77791,-5.45495,-4.74039,-1.47915,5.72477,-5.44449,29.19601,1.37066,-17.93251,-8.17668,,,,,,,2.59041,92.79657,-29.81294,,,,,,,0.1584,-53.55667,7.45628,,,,,,,,,,,,,,,,,,,,,,,,,,,,,High,High,High,High,Undefined,,,
167,2026-07-21,20:02:19.39,5,3,"Hoyt, Eli",827722,Right,MIL_MIL1,"Zuberer, Ray",829518,Left,LAK_COU10,Undefined,5,Top,2,0,2,Slider,Slider,InPlay,Undefined,GroundBall,Single,0,0,,82.87729,-0.62383,-1.400882,2486.267037,82.758862,8:45,5.64625,1.72711,5.6834,-40.00124,0.78012,-3.33689,1.73114,0.14299,76.57477,-7.937457,-1.998237,0.459624,50.52284,-61.363141,-114.808267,,,,,3.27525,3.27525,-21.773481,0.03083,1.34598,0.84606,-1.60695,50,5.56816,3.07424,-120.4539,-2.66569,1.9849,22.58265,-30.92642,MIL_MIL1,LAK_COU10,FranklinField,American Association,AABL,20260721-FranklinField-1,fd6c4420-8568-11f1-a17b-7db4bab88cfd,82.00718,2.01658,,6.30252,,,,3.50362,2.01658,-0.21537,d30aaa50-e40a-4800-9d68-81ee7d48104e,2026-07-22,01:02:19.39,2026-07-21T20:02:19.3990000-05:00,2026-07-22T01:02:19.3990000Z,GroundBall,v3,,,,"Waddell, Chase",1000233818,Right,MIL_MIL1,7400c14a-19d6-4e30-84f4-878ffee96629,54.81778,-121.35377,11.29133,5.64982,-1.43333,-15.46321,-1.72787,2.99514,0.99245,,3.50404,-14.98649,,,,,,,,2.01844,-65.41052,,,,,,,,-0.21445,-32.42145,,,,,,,,,,,,,,,,,,,,,,,,,,,,,,High,High,High,Estimated,Estimated,,,
168,2026-07-21,20:02:56.74,6,1,"Hoyt, Eli",827722,Right,MIL_MIL1,"Mears, Joshua",687084,Right,LAK_COU10,Undefined,5,Top,2,0,0,Fastball,Four-Seam,FoulBallNotFieldable,Undefined,Undefined,Undefined,0,0,,91.83297,-1.654066,-2.501387,2324.072736,202.946958,12:45,5.82701,1.26392,6.12938,-14.85576,17.6321,7.07646,3.05824,-0.45995,84.8356,-4.479772,-1.22726,0.410234,77.99827,9.493877,171.852637,2072.593538,,,,109.69482,59.16365,171.563167,1.013263,-4.20268,9.7541,-1.07591,50,5.69222,5.51923,-133.41512,-4.26659,-7.67545,25.1326,-14.35987,MIL_MIL1,LAK_COU10,FranklinField,American Association,AABL,20260721-FranklinField-1,13aad8a0-8569-11f1-a17b-7db4bab88cfd,91.88027,7.07511,,6.99737,,,,-1.07071,3.17475,0.99823,d30aaa50-e40a-4800-9d68-81ee7d48104e,2026-07-22,01:02:56.74,2026-07-21T20:02:56.7470000-05:00,2026-07-22T01:02:56.7470000Z,GroundBall,v3,,,,"Waddell, Chase",1000233818,Right,MIL_MIL1,6074b723-8d59-47d8-aa5b-3838314f6606,54.36713,-134.23528,12.5663,5.82381,-3.79798,-7.17993,-1.2601,5.7697,-3.83773,3.117485,-1.07071,-111.69131,6.46092,-0.97503,-0.02589,0.40262,-0.45952,0.24198,-0.04879,3.17475,18.86843,-23.75247,2.36285,-0.11363,-0.76833,0.95935,-0.54308,0.11955,0.99824,15.9884,-1.33471,-0.03518,1.45159,-3.21415,3.651,-2.05023,0.45209,,,,,,,,,,,,,,,,,,,,,,,High,High,High,Medium,Low,,,
169,2026-07-21,20:03:17.90,6,2,"Hoyt, Eli",827722,Right,MIL_MIL1,"Mears, Joshua",687084,Right,LAK_COU10,Undefined,5,Top,2,0,1,Slider,Slider,InPlay,Undefined,FlyBall,Out,1,0,,84.70879,-0.661986,-2.251728,2481.505785,155.933732,11:15,5.69934,1.61081,5.96065,-35.4162,3.21673,-0.92961,2.13365,-0.5557,78.20437,-7.185739,-2.418783,0.447353,108.63609,31.37756,-17.594339,3362.403881,104.55538,72.34794,-34.17843,356.30458,221.63832,-21.03729,6.133362,-0.11366,2.1398,-1.43154,50,5.62674,4.87593,-123.09678,-2.5885,-0.17523,23.3439,-28.87511,MIL_MIL1,LAK_COU10,FranklinField,American Association,AABL,20260721-FranklinField-1,204d6780-8569-11f1-a17b-7db4bab88cfd,84.25663,121.10573,,6.50442,,,,2.25492,2.34476,0.49265,d30aaa50-e40a-4800-9d68-81ee7d48104e,2026-07-22,01:03:17.90,2026-07-21T20:03:17.9090000-05:00,2026-07-22T01:03:17.9090000Z,FlyBall,v3,,,,"Waddell, Chase",1000233818,Right,MIL_MIL1,6fafc50a-f41a-46cf-bee4-390abc9b365d,54.53965,-123.95469,11.67195,5.70237,-1.52732,-14.43755,-1.61085,4.88237,-0.08762,173.514638,2.26454,129.50017,-37.01145,9.74079,-1.90304,0.26574,-0.02492,0.00148,-5E-05,2.33913,83.05103,-12.97082,-2.05829,1.03586,-0.28222,0.04877,-0.00471,0.00019,0.49037,-41.08155,8.67775,-1.90902,0.29769,-0.02946,0.00165,-7E-05,0,,,,,,,,,,,,,,,,,,,,,,,High,High,High,Medium,Low,,,
170,2026-07-21,20:06:08.69,1,1,"Anderson , Shane ",10991107,Right,LAK_COU10,"Janas, Justin",805332,Left,MIL_MIL1,Undefined,5,Bottom,0,0,0,Fastball,Four-Seam,FoulBallNotFieldable,Undefined,Undefined,Undefined,0,0,,85.73423,-0.595866,-2.900237,2279.66288,180.107708,12:00,5.53241,2.55529,5.85133,-24.33084,13.50532,0.02331,2.95045,-0.13992,79.01759,-5.129675,-2.896065,0.442716,55.7935,45.797284,-136.807726,5150.516806,-86.61851,30.34109,-67.80249,141.51329,65.46924,-142.976332,2.928819,-0.75689,7.40855,-2.31948,50,5.46965,6.30663,-124.50272,-2.06407,-1.19692,23.25063,-20.45864,MIL_MIL1,LAK_COU10,FranklinField,American Association,AABL,20260721-FranklinField-1,8613a250-8569-11f1-a17b-7db4bab88cfd,85.13914,41.41951,,6.71665,,,,1.23908,3.04837,0.11878,d30aaa50-e40a-4800-9d68-81ee7d48104e,2026-07-22,01:06:08.69,2026-07-21T20:06:08.6900000-05:00,2026-07-22T01:06:08.6900000Z,Popup,v3,,,,"Feliciano, Mario",666128,Right,LAK_COU10,b2a8a56d-6b25-45b8-b2c3-20496a989bce,54.64808,-125.36774,11.62532,5.53228,-1.30293,-10.22932,-2.55494,6.35116,-0.59846,27.575226,1.23924,-41.60413,-1.12965,0.88702,0.24351,-0.38954,0.18795,-0.04131,0.00347,3.0485,58.65564,-25.16945,2.47972,-0.28215,-0.05322,0.02021,0.00036,-0.00045,0.11881,-39.0514,4.54658,-0.70798,0.2636,-0.19471,0.10584,-0.02743,0.00264,,,,,,,,,,,,,,,,,,,,,,,High,High,High,High,Medium,,,
171,2026-07-21,20:06:26.81,1,2,"Anderson , Shane ",10991107,Right,LAK_COU10,"Janas, Justin",805332,Left,MIL_MIL1,Undefined,5,Bottom,0,0,1,Slider,Cutter,BallCalled,Undefined,Undefined,Undefined,0,0,,83.2932,-1.006096,-1.886736,2482.32852,156.054737,11:15,5.45114,2.7395,5.48258,-35.51817,5.30114,-1.79862,1.54936,0.82371,76.67784,-7.503652,-2.207248,0.459837,,,,,,,,,,,,0.39807,3.31339,-2.57274,50,5.33867,4.05634,-120.91241,-3.35638,0.59046,23.13976,-27.25918,MIL_MIL1,LAK_COU10,FranklinField,American Association,AABL,20260721-FranklinField-1,90e7d9d0-8569-11f1-a17b-7db4bab88cfd,81.96909,,,6.61536,,,,,,,d30aaa50-e40a-4800-9d68-81ee7d48104e,2026-07-22,01:06:26.81,2026-07-21T20:06:26.8160000-05:00,2026-07-22T01:06:26.8160000Z,,v3,,,,"Feliciano, Mario",666128,Right,LAK_COU10,a91b4fd2-6716-4760-97ab-1e0bba5023d4,55.01639,-121.86864,11.56988,5.4541,-2.22991,-13.62959,-2.73986,4.03194,0.29523,,,,,,,,,,,,,,,,,,,,,,,,,,,,,,,,,,,,,,,,,,,,,,,,,,,High,High,High,,,,,
172,2026-07-21,20:06:42.63,1,3,"Anderson , Shane ",10991107,Right,LAK_COU10,"Janas, Justin",805332,Left,MIL_MIL1,Undefined,5,Bottom,0,1,1,Fastball,Four-Seam,InPlay,Undefined,LineDrive,Single,0,0,,87.95258,-1.038993,-2.461179,2419.321599,194.431167,12:30,5.57659,2.58922,5.87064,-25.06344,11.15611,2.57311,2.52191,0.51618,80.40975,-5.714479,-1.999982,0.433155,99.82869,12.128201,-22.063855,2798.55435,99.01289,17.07781,-47.92104,231.80186,230.20285,-30.607393,2.159332,-2.02516,6.34894,-2.39152,50,5.4779,5.38166,-127.65313,-3.13508,-3.33506,26.76158,-21.71853,MIL_MIL1,LAK_COU10,FranklinField,American Association,AABL,20260721-FranklinField-1,9a4ca2d0-8569-11f1-a17b-7db4bab88cfd,87.01844,17.33283,,7.54283,,,,1.1736,2.58526,-0.53576,d30aaa50-e40a-4800-9d68-81ee7d48104e,2026-07-22,01:06:42.63,2026-07-21T20:06:42.6380000-05:00,2026-07-22T01:06:42.6380000Z,LineDrive,v3,,,,"Feliciano, Mario",666128,Right,LAK_COU10,5d629aff-57ab-449e-ba35-1d1e57cdf70b,54.62808,-128.61972,13.38079,5.57697,-2.35064,-10.85927,-2.58807,5.50212,-1.66753,109.418953,1.1736,132.66399,-25.25208,4.35993,-0.92681,0.17448,-0.03041,0.00402,-0.00026,2.58526,30.76178,-17.41457,1.6659,-0.31838,0.06927,-0.01178,0.00152,-0.00011,-0.53576,-53.77155,-2.76746,1.89057,-0.55588,0.14094,-0.0269,0.00365,-0.00023,,,,,,,,,,,,,,,,,,,,,,,High,High,High,High,High,,,
173,2026-07-21,20:07:19.56,2,1,"Anderson , Shane ",10991107,Right,LAK_COU10,"Doersching, Griffin",701864,Right,MIL_MIL1,Undefined,5,Bottom,0,0,0,Fastball,Four-Seam,BallCalled,Undefined,Undefined,Undefined,0,0,,88.52654,-2.512021,-5.095149,2338.041275,190.625041,12:15,5.38863,2.40898,6.03878,-22.36623,13.30469,2.28638,1.18815,-2.13062,81.28432,-6.684132,-4.686396,0.429861,,,,,,,,,,,,-2.56347,7.88201,-2.01186,50,5.17973,11.32376,-128.04938,-6.33501,-4.2657,25.88711,-19.05807,MIL_MIL1,LAK_COU10,FranklinField,American Association,AABL,20260721-FranklinField-1,b055cf70-8569-11f1-a17b-7db4bab88cfd,87.68509,,,7.24223,,,,,,,d30aaa50-e40a-4800-9d68-81ee7d48104e,2026-07-22,01:07:19.56,2026-07-21T20:07:19.5690000-05:00,2026-07-22T01:07:19.5690000Z,,v3,,,,"Feliciano, Mario",666128,Right,LAK_COU10,7e991451-fef0-47e6-83c5-6506997f12c3,54.45893,-128.94767,12.94355,5.38809,-5.67369,-9.52904,-2.40737,11.47178,-2.13285,,,,,,,,,,,,,,,,,,,,,,,,,,,,,,,,,,,,,,,,,,,,,,,,,,,High,High,High,,,,,
174,2026-07-21,20:07:52.81,2,2,"Anderson , Shane ",10991107,Right,LAK_COU10,"Doersching, Griffin",701864,Right,MIL_MIL1,Undefined,5,Bottom,0,1,0,Fastball,Four-Seam,InPlay,Undefined,FlyBall,Out,1,0,,88.1364,-1.15076,-3.838271,2399.300795,207.650108,1:00,5.46629,2.52297,5.86577,-23.15974,13.00646,6.20351,2.46479,-0.53091,80.49546,-5.484516,-2.729071,0.432836,103.23758,30.883055,-2.569657,3363.766279,109.98622,65.69709,-1.70905,330.90487,327.2745,1.609037,5.704777,-4.27894,7.3317,-2.21535,50,5.35945,8.31525,-127.74438,-3.31348,-7.05896,26.72137,-20.07899,MIL_MIL1,LAK_COU10,FranklinField,American Association,AABL,20260721-FranklinField-1,c424ea90-8569-11f1-a17b-7db4bab88cfd,87.08257,101.35239,,7.64094,,,,1.67878,2.58409,0.50787,d30aaa50-e40a-4800-9d68-81ee7d48104e,2026-07-22,01:07:52.81,2026-07-21T20:07:52.8110000-05:00,2026-07-22T01:07:52.8110000Z,FlyBall,v3,,,,"Feliciano, Mario",666128,Right,LAK_COU10,19d043bc-ed91-43aa-b602-8fd6d8960e72,54.63277,-128.7098,13.36068,5.46606,-2.58804,-10.0395,-2.52038,8.57029,-3.52948,191.271439,1.68199,129.75016,-30.91456,7.23488,-1.48787,0.26021,-0.03543,0.00316,-0.00013,2.58378,77.73111,-17.5514,1.20849,-0.13647,-0.0184,0.01179,-0.00178,9E-05,0.50528,-5.77148,4.63369,-1.27829,0.19297,-0.00711,-0.00293,0.00047,-2E-05,,,,,,,,,,,,,,,,,,,,,,,High,High,High,High,Medium,,,
175,2026-07-21,20:08:30.34,3,1,"Anderson , Shane ",10991107,Right,LAK_COU10,"Marion, Charlie",1000571871,Left,MIL_MIL1,Undefined,5,Bottom,1,0,0,Fastball,Four-Seam,InPlay,Undefined,FlyBall,Out,1,0,,88.04088,-1.089974,-3.008752,2306.365067,197.776757,12:30,5.48379,2.47459,5.89573,-23.1008,12.86761,3.77315,2.54527,-0.0069,80.82446,-5.405734,-2.332809,0.43165,84.76324,25.128082,-25.879684,3824.445219,94.28444,42.3826,-56.66074,263.82905,189.90395,-38.961712,3.68026,-2.75158,7.22374,-2.23448,50,5.38266,6.56267,-127.78452,-3.1743,-4.56525,25.48466,-20.18879,MIL_MIL1,LAK_COU10,FranklinField,American Association,AABL,20260721-FranklinField-1,da831500-8569-11f1-a17b-7db4bab88cfd,87.32172,46.86213,,7.21642,,,,0.74677,2.6158,-0.01295,d30aaa50-e40a-4800-9d68-81ee7d48104e,2026-07-22,01:08:30.34,2026-07-21T20:08:30.3420000-05:00,2026-07-22T01:08:30.3420000Z,LineDrive,v3,,,,"Feliciano, Mario",666128,Right,LAK_COU10,f8c1ea2b-cb21-4f63-8f09-f68a88f27ddf,54.60324,-128.69929,12.74233,5.4836,-2.44962,-10.0944,-2.47299,6.72654,-2.28262,134.758695,0.74707,101.25747,-23.22855,5.23446,-1.02525,0.18042,-0.03156,0.00414,-0.00023,2.61548,52.80074,-16.97249,0.88494,-0.16258,0.05625,-0.01538,0.00306,-0.00027,-0.0125,-49.14049,-0.03647,0.80055,-0.19774,0.01763,0.00104,-0.00037,2E-05,,,,,,,,,,,,,,,,,,,,,,,High,High,High,High,Medium,,,
176,2026-07-21,20:09:03.46,4,1,"Anderson , Shane ",10991107,Right,LAK_COU10,"Perez, Delvin",666206,Right,MIL_MIL1,Undefined,5,Bottom,2,0,0,Sweeper,Sweeper,StrikeCalled,Undefined,Undefined,Undefined,0,0,,78.77114,0.55995,-1.273219,2456.073913,77.559902,8:30,5.59836,2.37901,5.15565,-48.36077,-1.705,-14.74635,2.09553,-0.04856,71.95913,-8.217278,-3.88554,0.491614,,,,,,,,,,,,6.95162,-0.54988,-2.24833,50,5.61366,3.14274,-114.23757,-0.59438,9.10184,22.85204,-32.89403,MIL_MIL1,LAK_COU10,FranklinField,American Association,AABL,20260721-FranklinField-1,ee49a4a0-8569-11f1-a17b-7db4bab88cfd,76.67085,,,6.81201,,,,,,,d30aaa50-e40a-4800-9d68-81ee7d48104e,2026-07-22,01:09:03.46,2026-07-21T20:09:03.4600000-05:00,2026-07-22T01:09:03.4600000Z,,v3,,,,"Feliciano, Mario",666128,Right,LAK_COU10,27b46e36-7a41-491e-a6d7-cd3fced0924e,55.34315,-115.30146,11.42602,5.60568,0.93702,-16.44701,-2.38477,2.719,4.55092,,,,,,,,,,,,,,,,,,,,,,,,,,,,,,,,,,,,,,,,,,,,,,,,,,,High,High,High,,,,,
177,2026-07-21,20:09:31.47,4,2,"Anderson , Shane ",10991107,Right,LAK_COU10,"Perez, Delvin",666206,Right,MIL_MIL1,Undefined,5,Bottom,2,0,1,Sweeper,Sweeper,BallCalled,Undefined,Undefined,Undefined,0,0,,78.17688,-0.928605,-3.524834,2509.239918,70.606508,8:15,5.59084,2.40644,5.07616,-50.05786,-2.75264,-11.89749,0.54221,-1.91212,72.35615,-9.908986,-5.624736,0.495024,,,,,,,,,,,,4.9354,-0.6726,-2.06219,50,5.46307,7.45587,-113.27243,-3.61625,6.40501,20.90741,-33.04692,MIL_MIL1,LAK_COU10,FranklinField,American Association,AABL,20260721-FranklinField-1,feff71d0-8569-11f1-a17b-7db4bab88cfd,76.14272,,,5.82073,,,,,,,d30aaa50-e40a-4800-9d68-81ee7d48104e,2026-07-22,01:09:31.47,2026-07-21T20:09:31.4750000-05:00,2026-07-22T01:09:31.4750000Z,,v3,,,,"Feliciano, Mario",666128,Right,LAK_COU10,fea334e2-163a-496c-8229-9e75b1c2185a,55.42397,-114.26918,10.45371,5.59792,-2.04075,-16.52346,-2.41037,7.15052,3.20251,,,,,,,,,,,,,,,,,,,,,,,,,,,,,,,,,,,,,,,,,,,,,,,,,,,High,High,High,,,,,
178,2026-07-21,20:09:52.13,4,3,"Anderson , Shane ",10991107,Right,LAK_COU10,"Perez, Delvin",666206,Right,MIL_MIL1,Undefined,5,Bottom,2,1,1,Fastball,Four-Seam,FoulBallNotFieldable,Undefined,Undefined,Undefined,0,0,,89.01603,-2.126891,-3.359394,2414.658473,193.693701,12:30,5.53622,2.27267,6.00244,-17.81237,16.9856,3.89945,2.0769,-0.51858,82.38941,-5.475924,-2.659965,0.424569,67.8852,37.953455,105.547106,7424.584463,,,,,26.94518,,,-2.82795,9.57949,-2.01047,50,5.35878,7.4276,-129.21803,-5.34035,-4.84267,23.69516,-15.76988,MIL_MIL1,LAK_COU10,FranklinField,American Association,AABL,20260721-FranklinField-1,0b4365f0-856a-11f1-a17b-7db4bab88cfd,88.77806,22.81319,,6.62663,,,,0.29338,2.3592,0.37779,d30aaa50-e40a-4800-9d68-81ee7d48104e,2026-07-22,01:09:52.13,2026-07-21T20:09:52.1350000-05:00,2026-07-22T01:09:52.1350000Z,,v3,,,,"Feliciano, Mario",666128,Right,LAK_COU10,406866a5-5170-4c7c-954e-28bdf75c46c6,54.49723,-130.04009,11.84758,5.53456,-4.79324,-7.88494,-2.27107,7.5956,-2.42134,,0.29719,-21.18283,-3.36214,,,,,,,2.35811,61.2763,-14.5671,,,,,,,0.38806,75.26097,-16.09134,,,,,,,,,,,,,,,,,,,,,,,,,,,,,High,High,High,High,Undefined,,,
179,2026-07-21,20:10:10.86,4,4,"Anderson , Shane ",10991107,Right,LAK_COU10,"Perez, Delvin",666206,Right,MIL_MIL1,Undefined,5,Bottom,2,1,2,Fastball,Four-Seam,BallCalled,Undefined,Undefined,Undefined,0,0,,88.20144,-1.716428,-4.216209,2325.591367,191.396068,12:30,5.50884,2.38566,6.0192,-18.7267,16.91851,3.19729,2.35365,-1.26024,81.23718,-5.243284,-3.643695,0.429706,,,,,,,,,,,,-2.72327,9.47717,-2.0566,50,5.36369,9.29637,-127.86722,-4.39305,-4.54455,24.40238,-16.35878,MIL_MIL1,LAK_COU10,FranklinField,American Association,AABL,20260721-FranklinField-1,1670b9f0-856a-11f1-a17b-7db4bab88cfd,87.71672,,,6.96426,,,,,,,d30aaa50-e40a-4800-9d68-81ee7d48104e,2026-07-22,01:10:10.86,2026-07-21T20:10:10.8630000-05:00,2026-07-22T01:10:10.8630000Z,,v3,,,,"Feliciano, Mario",666128,Right,LAK_COU10,7cfa05d8-c498-4169-87b0-88c687f0a8cb,54.47912,-128.71918,12.20119,5.50709,-3.82191,-8.17939,-2.38393,9.45504,-2.27228,,,,,,,,,,,,,,,,,,,,,,,,,,,,,,,,,,,,,,,,,,,,,,,,,,,High,High,High,,,,,
180,2026-07-21,20:10:28.71,4,5,"Anderson , Shane ",10991107,Right,LAK_COU10,"Perez, Delvin",666206,Right,MIL_MIL1,Undefined,5,Bottom,2,2,2,Fastball,Four-Seam,BallCalled,Undefined,Undefined,Undefined,0,0,,88.56807,-2.840308,-3.666535,2345.598698,188.541268,12:15,5.54037,2.25374,5.90254,-17.50241,18.25355,2.56941,1.43764,-0.9404,81.11302,-6.147688,-3.206844,0.430373,,,,,,,,,,,,-2.33236,10.49323,-1.96022,50,5.30152,8.1139,-128.2806,-6.88911,-3.88924,26.36119,-14.67652,MIL_MIL1,LAK_COU10,FranklinField,American Association,AABL,20260721-FranklinField-1,2111fa90-856a-11f1-a17b-7db4bab88cfd,87.58077,,,7.45505,,,,,,,d30aaa50-e40a-4800-9d68-81ee7d48104e,2026-07-22,01:10:28.71,2026-07-21T20:10:28.7150000-05:00,2026-07-22T01:10:28.7150000Z,,v3,,,,"Feliciano, Mario",666128,Right,LAK_COU10,a80e14ea-2421-4c84-8003-4d99b01b2b7f,54.5954,-129.22149,13.1806,5.53806,-6.36527,-7.33826,-2.2523,8.25272,-1.94462,,,,,,,,,,,,,,,,,,,,,,,,,,,,,,,,,,,,,,,,,,,,,,,,,,,High,High,High,,,,,
181,2026-07-21,20:10:46.06,4,6,"Anderson , Shane ",10991107,Right,LAK_COU10,"Perez, Delvin",666206,Right,MIL_MIL1,Undefined,5,Bottom,2,3,2,Fastball,Four-Seam,InPlay,Undefined,LineDrive,Out,1,0,,88.30918,-2.25968,-3.239045,2421.500229,191.044539,12:15,5.538,2.28301,6.0599,-19.83611,15.78099,2.8637,1.78913,-0.47942,81.04978,-5.994126,-2.724665,0.429537,102.3054,16.899398,3.312597,2109.284095,109.60594,29.00667,9.30031,294.22935,285.57103,7.915061,3.342224,-2.36973,9.10571,-2.03295,50,5.35163,7.13539,-128.09312,-5.65502,-3.94559,25.93109,-17.01298,MIL_MIL1,LAK_COU10,FranklinField,American Association,AABL,20260721-FranklinField-1,2b680160-856a-11f1-a17b-7db4bab88cfd,87.75128,35.37254,,7.2594,,,,1.46154,1.8049,0.45416,d30aaa50-e40a-4800-9d68-81ee7d48104e,2026-07-22,01:10:46.06,2026-07-21T20:10:46.0660000-05:00,2026-07-22T01:10:46.0660000Z,LineDrive,v3,,,,"Feliciano, Mario",666128,Right,LAK_COU10,b7d9a084-8dff-4523-b889-6fa72a02bde8,54.4393,-128.98868,12.96555,5.53679,-5.06746,-8.50649,-2.28173,7.27166,-1.9728,202.84187,1.46198,143.31135,-29.96707,6.75478,-1.41571,0.27049,-0.04558,0.00565,-0.00035,1.80361,43.66584,-16.19723,2.2633,-1.01992,0.33234,-0.06247,0.0058,-0.00017,0.45365,8.31468,2.0778,-0.27472,-0.11505,0.06654,-0.01344,0.00098,1E-05,,,,,,,,,,,,,,,,,,,,,,,High,High,High,High,High,,,
182,2026-07-21,20:13:38.41,1,1,"Alvarez, Henderson",506693,Right,MIL_MIL1,"Garcia, Anthony",678803,Left,LAK_COU10,Undefined,6,Top,0,0,0,Slider,Slider,BallCalled,Undefined,Undefined,Undefined,0,0,,80.97713,-1.48696,-3.683363,2144.01902,105.156129,9:30,6.18024,2.78055,5.24293,-41.11711,3.29713,-6.42122,1.35317,-1.22096,73.73531,-8.957685,-4.819461,0.479659,,,,,,,,,,,,2.05264,2.54394,-2.43669,50,6.01289,7.80191,-117.11814,-4.4836,2.80993,25.09207,-28.69153,MIL_MIL1,LAK_COU10,FranklinField,American Association,AABL,20260721-FranklinField-1,92276940-856a-11f1-a17b-7db4bab88cfd,78.58173,,,7.24182,,,,,,,d30aaa50-e40a-4800-9d68-81ee7d48104e,2026-07-22,01:13:38.41,2026-07-21T20:13:38.4110000-05:00,2026-07-22T01:13:38.4110000Z,,v3,,,,"Waddell, Chase",1000233818,Right,MIL_MIL1,0590b96d-bcc0-49a0-8476-acbfc39ad44f,55.25479,-118.2386,12.54604,6.1845,-3.20242,-14.34576,-2.78227,7.67643,1.40497,,,,,,,,,,,,,,,,,,,,,,,,,,,,,,,,,,,,,,,,,,,,,,,,,,,High,High,High,,,,,
183,2026-07-21,20:13:55.39,1,2,"Alvarez, Henderson",506693,Right,MIL_MIL1,"Garcia, Anthony",678803,Left,LAK_COU10,Undefined,6,Top,0,1,0,ChangeUp,Four-Seam,StrikeCalled,Undefined,Undefined,Undefined,0,0,,85.10687,-0.513637,-2.835894,2050.808116,196.015826,12:30,6.11273,2.60412,5.8163,-23.37611,15.36005,4.05614,3.68655,0.30319,77.78484,-4.90014,-2.110307,0.44795,,,,,,,,,,,,-2.84185,8.34934,-2.37415,50,6.0568,5.94761,-123.45782,-1.82338,-4.38791,24.48193,-19.28236,MIL_MIL1,LAK_COU10,FranklinField,American Association,AABL,20260721-FranklinField-1,9c417880-856a-11f1-a17b-7db4bab88cfd,84.14428,,,7.32203,,,,,,,d30aaa50-e40a-4800-9d68-81ee7d48104e,2026-07-22,01:13:55.39,2026-07-21T20:13:55.3910000-05:00,2026-07-22T01:13:55.3910000Z,,v3,,,,"Waddell, Chase",1000233818,Right,MIL_MIL1,956498cf-f652-404f-8e3d-530fef410481,54.67969,-124.38235,12.24096,6.11191,-1.0952,-9.64118,-2.60189,6.11331,-2.19396,,,,,,,,,,,,,,,,,,,,,,,,,,,,,,,,,,,,,,,,,,,,,,,,,,,High,High,High,,,,,
184,2026-07-21,20:14:14.61,1,3,"Alvarez, Henderson",506693,Right,MIL_MIL1,"Garcia, Anthony",678803,Left,LAK_COU10,Undefined,6,Top,0,1,1,ChangeUp,Changeup,BallCalled,Undefined,Undefined,Undefined,0,0,,82.11062,-1.708389,-3.909157,1371.750392,271.466177,3:00,6.05506,2.62499,5.35094,-41.09065,0.99386,8.45272,1.0243,-0.34278,76.26433,-9.138214,-2.408669,0.466909,,,,,,,,,,,,-5.28492,1.23169,-2.27913,50,5.87108,7.79922,-119.05394,-5.00955,-7.65339,20.93206,-30.39035,MIL_MIL1,LAK_COU10,FranklinField,American Association,AABL,20260721-FranklinField-1,a7bb17c0-856a-11f1-a17b-7db4bab88cfd,80.72752,,,5.84629,,,,,,,d30aaa50-e40a-4800-9d68-81ee7d48104e,2026-07-22,01:14:14.61,2026-07-21T20:14:14.6120000-05:00,2026-07-22T01:14:14.6120000Z,,v3,,,,"Waddell, Chase",1000233818,Right,MIL_MIL1,bce51703-100a-45be-b765-5457bda3d49a,55.15061,-119.95611,10.46603,6.05876,-3.69974,-15.19518,-2.62238,8.12908,-3.8267,,,,,,,,,,,,,,,,,,,,,,,,,,,,,,,,,,,,,,,,,,,,,,,,,,,High,High,High,,,,,
185,2026-07-21,20:14:34.26,1,4,"Alvarez, Henderson",506693,Right,MIL_MIL1,"Garcia, Anthony",678803,Left,LAK_COU10,Undefined,6,Top,0,2,1,Fastball,Four-Seam,FoulBallNotFieldable,Undefined,Undefined,Undefined,0,0,,86.04734,-2.281969,-3.418646,2105.75987,194.923213,12:30,6.12307,2.68744,5.58696,-21.18245,17.0608,4.22418,2.22205,-0.15666,78.90896,-6.236648,-2.666782,0.445091,103.68082,3.222034,45.828271,4737.167864,,,,80.21936,76.95506,48.210105,0.574179,-3.08524,9.64217,-2.39646,50,5.91312,7.27318,-124.68047,-5.64808,-4.866,24.6101,-16.96659,MIL_MIL1,LAK_COU10,FranklinField,American Association,AABL,20260721-FranklinField-1,b36a9410-856a-11f1-a17b-7db4bab88cfd,84.68479,3.24785,,7.13837,,,,1.6957,2.48787,0.13568,d30aaa50-e40a-4800-9d68-81ee7d48104e,2026-07-22,01:14:34.26,2026-07-21T20:14:34.2640000-05:00,2026-07-22T01:14:34.2640000Z,GroundBall,v3,,,,"Waddell, Chase",1000233818,Right,MIL_MIL1,ec3a28b2-7976-4d38-9916-66bbf24cc267,54.91163,-125.64621,12.30505,6.12169,-4.98228,-8.4833,-2.68562,7.46412,-2.433,,1.74722,104.57652,-25.4252,,,,,,,2.51983,7.79084,-21.30126,,,,,,,0.13336,108.95945,-8.74504,,,,,,,,,,,,,,,,,,,,,,,,,,,,,High,High,High,High,High,,,
186,2026-07-21,20:15:02.00,1,5,"Alvarez, Henderson",506693,Right,MIL_MIL1,"Garcia, Anthony",678803,Left,LAK_COU10,Undefined,6,Top,0,2,2,ChangeUp,Changeup,StrikeSwinging,Strikeout,Undefined,Undefined,0,0,,81.34575,-0.956288,-3.22859,1381.7591,252.746519,2:30,6.06292,2.8242,5.55138,-39.52514,2.7028,5.05906,1.87408,0.22574,75.87385,-8.141652,-2.327023,0.467704,,,,,,,,,,,,-3.33532,1.92047,-2.54819,50,5.95354,6.46854,-118.15173,-3.3189,-4.78722,19.27151,-29.41759,MIL_MIL1,LAK_COU10,FranklinField,American Association,AABL,20260721-FranklinField-1,c3f9ed80-856a-11f1-a17b-7db4bab88cfd,80.59032,,,5.4719,,,,,,,d30aaa50-e40a-4800-9d68-81ee7d48104e,2026-07-22,01:15:02.00,2026-07-21T20:15:02.0020000-05:00,2026-07-22T01:15:02.0020000Z,,v3,,,,"Waddell, Chase",1000233818,Right,MIL_MIL1,a3fcf9d4-83f5-401e-8412-b2e611e0344c,54.94972,-118.95633,9.63575,6.06647,-2.09069,-14.70879,-2.82243,6.66841,-2.39361,,,,,,,,,,,,,,,,,,,,,,,,,,,,,,,,,,,,,,,,,,,,,,,,,,,High,High,High,,,,,
187,2026-07-21,20:15:35.85,2,1,"Alvarez, Henderson",506693,Right,MIL_MIL1,"Feliciano, Mario",666128,Right,LAK_COU10,Undefined,6,Top,1,0,0,Fastball,Slider,BallCalled,Undefined,Undefined,Undefined,0,0,,86.11206,0.048498,-2.780733,1895.91191,196.192335,12:30,6.1253,2.65544,5.56443,-27.47624,10.43178,2.70819,3.88097,0.28135,79.30105,-5.026782,-2.298505,0.443136,,,,,,,,,,,,-2.07721,5.61083,-2.41722,50,6.11144,5.95696,-125.00267,-0.83561,-3.31349,23.27084,-23.22376,MIL_MIL1,LAK_COU10,FranklinField,American Association,AABL,20260721-FranklinField-1,d8253260-856a-11f1-a17b-7db4bab88cfd,85.05843,,,6.81101,,,,,,,d30aaa50-e40a-4800-9d68-81ee7d48104e,2026-07-22,01:15:35.85,2026-07-21T20:15:35.8530000-05:00,2026-07-22T01:15:35.8530000Z,,v3,,,,"Waddell, Chase",1000233818,Right,MIL_MIL1,09cc02e3-db5c-44ed-9550-d75e06d9f1f9,54.93371,-125.9178,11.63542,6.12635,0.07766,-11.61188,-2.65404,6.08726,-1.65675,,,,,,,,,,,,,,,,,,,,,,,,,,,,,,,,,,,,,,,,,,,,,,,,,,,High,High,High,,,,,
188,2026-07-21,20:15:52.69,2,2,"Alvarez, Henderson",506693,Right,MIL_MIL1,"Feliciano, Mario",666128,Right,LAK_COU10,Undefined,6,Top,1,1,0,Fastball,Four-Seam,StrikeCalled,Undefined,Undefined,Undefined,0,0,,85.55954,-2.553744,-3.83999,1934.001035,209.946858,1:00,6.14388,2.55428,5.48379,-24.97895,13.77946,7.25154,1.66606,-0.4395,78.78832,-7.161447,-2.551847,0.448079,,,,,,,,,,,,-4.6791,7.99008,-2.22229,50,5.90254,8.01375,-123.91418,-6.37663,-7.31611,23.45714,-19.68102,MIL_MIL1,LAK_COU10,FranklinField,American Association,AABL,20260721-FranklinField-1,e22ca400-856a-11f1-a17b-7db4bab88cfd,84.12011,,,6.77122,,,,,,,d30aaa50-e40a-4800-9d68-81ee7d48104e,2026-07-22,01:15:52.69,2026-07-21T20:15:52.6910000-05:00,2026-07-22T01:15:52.6910000Z,,v3,,,,"Waddell, Chase",1000233818,Right,MIL_MIL1,53330b3b-854f-405f-8e93-0a60d9efb4b3,55.01489,-124.8599,11.72857,6.14363,-5.58316,-9.84051,-2.55133,8.30871,-3.65805,,,,,,,,,,,,,,,,,,,,,,,,,,,,,,,,,,,,,,,,,,,,,,,,,,,High,High,High,,,,,
189,2026-07-21,20:16:07.93,2,3,"Alvarez, Henderson",506693,Right,MIL_MIL1,"Feliciano, Mario",666128,Right,LAK_COU10,Undefined,6,Top,1,1,1,Slider,Slider,BallCalled,Undefined,Undefined,Undefined,0,0,,79.80062,-1.916991,-2.816149,2178.310677,122.741764,10:00,6.16491,2.62032,5.35332,-40.54967,3.47748,-3.6865,0.98503,-0.33021,75.0257,-9.221507,-3.471249,0.477564,,,,,,,,,,,,1.25126,2.47725,-2.36406,50,5.96274,5.84361,-115.93103,-5.27058,1.73678,17.62957,-28.73556,MIL_MIL1,LAK_COU10,FranklinField,American Association,AABL,20260721-FranklinField-1,eb45e510-856a-11f1-a17b-7db4bab88cfd,78.92643,,,4.77492,,,,,,,d30aaa50-e40a-4800-9d68-81ee7d48104e,2026-07-22,01:16:07.93,2026-07-21T20:16:07.9310000-05:00,2026-07-22T01:16:07.9310000Z,,v3,,,,"Waddell, Chase",1000233818,Right,MIL_MIL1,caeb4bc6-434d-4b23-964e-bd45dcf91649,55.1486,-116.71135,8.81478,6.16787,-3.99869,-14.36778,-2.62101,5.76674,0.86839,,,,,,,,,,,,,,,,,,,,,,,,,,,,,,,,,,,,,,,,,,,,,,,,,,,High,High,High,,,,,
190,2026-07-21,20:16:27.27,2,4,"Alvarez, Henderson",506693,Right,MIL_MIL1,"Feliciano, Mario",666128,Right,LAK_COU10,Undefined,6,Top,1,2,1,Slider,Slider,InPlay,Undefined,GroundBall,Out,1,0,,80.94406,-1.439595,-3.268644,2137.363406,106.137434,9:30,6.19194,2.5501,5.22386,-40.66821,2.52713,-4.80859,1.44701,-0.92692,75.7259,-8.761549,-4.119998,0.473031,86.27156,0.202299,2.373953,5380.160095,,,,40.37153,37.95214,4.560777,0.329656,1.66654,1.90811,-2.2446,50,6.02804,6.90129,-117.50129,-4.39586,2.36603,19.0295,-29.46505,MIL_MIL1,LAK_COU10,FranklinField,American Association,AABL,20260721-FranklinField-1,f6ceeda0-856a-11f1-a17b-7db4bab88cfd,79.68274,1.428,,5.21816,,,,0.60011,1.42484,0.98072,d30aaa50-e40a-4800-9d68-81ee7d48104e,2026-07-22,01:16:27.27,2026-07-21T20:16:27.2770000-05:00,2026-07-22T01:16:27.2770000Z,GroundBall,v3,,,,"Waddell, Chase",1000233818,Right,MIL_MIL1,13ca33f5-a8f9-4bc5-8739-e4038aefb245,55.27767,-118.35293,9.51475,6.19527,-3.07719,-14.73252,-2.55109,6.7954,1.18302,257.824496,0.60584,126.19017,-18.10033,,,,,,,1.42668,0.37261,-14.2756,,,,,,,0.97842,5.33424,4.37549,,,,,,,,,,,,,,,,,,,,,,,,,,,,,High,High,High,High,High,,,
191,2026-07-21,20:17:02.76,3,1,"Alvarez, Henderson",506693,Right,MIL_MIL1,"Zimmermann, Peter",1000408665,Right,LAK_COU10,Undefined,6,Top,2,0,0,Fastball,Slider,StrikeCalled,Undefined,Undefined,Undefined,0,0,,86.16033,-1.391514,-3.236789,1960.292129,198.103592,12:30,6.11032,2.48923,5.66827,-28.18234,9.31304,2.71288,2.46205,-0.30582,80.10823,-6.566198,-2.752826,0.440717,,,,,,,,,,,,-2.14453,5.37922,-2.2174,50,5.97466,6.96528,-125.11634,-4.00566,-3.45192,21.58644,-23.51543,MIL_MIL1,LAK_COU10,FranklinField,American Association,AABL,20260721-FranklinField-1,0bf27530-856b-11f1-a17b-7db4bab88cfd,85.5252,,,6.05209,,,,,,,d30aaa50-e40a-4800-9d68-81ee7d48104e,2026-07-22,01:17:02.76,2026-07-21T20:17:02.7670000-05:00,2026-07-22T01:17:02.7670000Z,,v3,,,,"Waddell, Chase",1000233818,Right,MIL_MIL1,8ff5ec2b-ba0f-4db1-a79f-d97232aeed91,54.8318,-125.94722,10.79322,6.11141,-3.10053,-11.75771,-2.48805,7.09815,-1.72596,,,,,,,,,,,,,,,,,,,,,,,,,,,,,,,,,,,,,,,,,,,,,,,,,,,High,High,High,,,,,
192,2026-07-21,20:17:16.33,3,2,"Alvarez, Henderson",506693,Right,MIL_MIL1,"Zimmermann, Peter",1000408665,Right,LAK_COU10,Undefined,6,Top,2,0,1,ChangeUp,Changeup,BallCalled,Undefined,Undefined,Undefined,0,0,,82.5006,-2.123179,-4.442141,1407.512087,257.524249,2:30,6.15374,2.60229,5.37615,-39.21998,2.3898,5.5574,0.88807,-1.10736,76.86433,-9.205483,-3.45673,0.464268,,,,,,,,,,,,-3.90429,2.03449,-2.2079,50,5.9348,9.06454,-119.53657,-5.82763,-5.71822,20.40419,-29.19437,MIL_MIL1,LAK_COU10,FranklinField,American Association,AABL,20260721-FranklinField-1,1408ec40-856b-11f1-a17b-7db4bab88cfd,81.18673,,,5.63628,,,,,,,d30aaa50-e40a-4800-9d68-81ee7d48104e,2026-07-22,01:17:16.33,2026-07-21T20:17:16.3300000-05:00,2026-07-22T01:17:16.3300000Z,,v3,,,,"Waddell, Chase",1000233818,Right,MIL_MIL1,6a95f7aa-ddf8-4aaf-ac41-a40445759aac,55.12506,-120.40821,10.2021,6.15711,-4.58049,-14.59719,-2.60035,9.30881,-2.85911,,,,,,,,,,,,,,,,,,,,,,,,,,,,,,,,,,,,,,,,,,,,,,,,,,,High,High,High,,,,,
193,2026-07-21,20:17:40.67,3,3,"Alvarez, Henderson",506693,Right,MIL_MIL1,"Zimmermann, Peter",1000408665,Right,LAK_COU10,Undefined,6,Top,2,1,1,Slider,Slider,BallCalled,Undefined,Undefined,Undefined,0,0,,82.60173,-1.645392,-2.52115,2237.857632,104.930062,9:30,6.14369,2.54595,5.39342,-38.67246,2.78055,-6.00445,1.37705,-0.3187,76.73103,-8.651825,-3.588897,0.463393,,,,,,,,,,,,2.40236,2.15146,-2.31641,50,5.96923,5.52108,-119.90736,-4.8094,3.52591,21.42783,-29.01638,MIL_MIL1,LAK_COU10,FranklinField,American Association,AABL,20260721-FranklinField-1,228d5a80-856b-11f1-a17b-7db4bab88cfd,81.34011,,,5.8707,,,,,,,d30aaa50-e40a-4800-9d68-81ee7d48104e,2026-07-22,01:17:40.67,2026-07-21T20:17:40.6750000-05:00,2026-07-22T01:17:40.6750000Z,,v3,,,,"Waddell, Chase",1000233818,Right,MIL_MIL1,4b3f5e0f-e232-4ccd-9649-cd6b645f6549,55.10707,-120.81656,10.71392,6.14717,-3.57821,-14.50819,-2.5475,5.37147,1.76296,,,,,,,,,,,,,,,,,,,,,,,,,,,,,,,,,,,,,,,,,,,,,,,,,,,High,High,High,,,,,
194,2026-07-21,20:17:57.10,3,4,"Alvarez, Henderson",506693,Right,MIL_MIL1,"Zimmermann, Peter",1000408665,Right,LAK_COU10,Undefined,6,Top,2,2,1,Sinker,Sinker,BallCalled,Undefined,Undefined,Undefined,0,0,,87.79385,-2.508753,-4.106401,2050.460939,237.175744,2:00,6.08171,2.39067,5.73248,-26.98186,9.82969,13.32182,1.48942,-0.32985,80.12121,-7.506358,-1.72791,0.43668,,,,,,,,,,,,-8.00603,6.09725,-2.0564,50,5.8555,8.5638,-127.0637,-6.49357,-13.02951,27.1361,-22.251,MIL_MIL1,LAK_COU10,FranklinField,American Association,AABL,20260721-FranklinField-1,2c521dd0-856b-11f1-a17b-7db4bab88cfd,86.31589,,,7.67264,,,,,,,d30aaa50-e40a-4800-9d68-81ee7d48104e,2026-07-22,01:17:57.10,2026-07-21T20:17:57.1000000-05:00,2026-07-22T01:17:57.1000000Z,,v3,,,,"Waddell, Chase",1000233818,Right,MIL_MIL1,4d68cc9b-e85f-4edf-a802-2783bbb6d453,54.76617,-128.07753,13.56805,6.08258,-5.66225,-11.1255,-2.38545,9.05059,-6.51475,,,,,,,,,,,,,,,,,,,,,,,,,,,,,,,,,,,,,,,,,,,,,,,,,,,High,High,High,,,,,
195,2026-07-21,20:18:15.70,3,5,"Alvarez, Henderson",506693,Right,MIL_MIL1,"Zimmermann, Peter",1000408665,Right,LAK_COU10,Undefined,6,Top,2,3,1,Sinker,Sinker,InPlay,Undefined,LineDrive,Out,1,0,,88.42671,-2.249824,-3.929323,2078.460903,235.876658,1:45,6.08586,2.45153,5.78067,-26.22273,9.96284,12.91623,1.80135,-0.13377,80.672,-7.11786,-1.620889,0.432951,108.65504,15.421839,-19.881879,1685.350079,101.35233,25.29528,-42.75167,288.54681,235.98145,-28.591769,2.763886,-7.75835,6.0904,-2.13495,50,5.88402,8.25271,-128.04251,-5.92533,-12.82302,27.53145,-22.10787,MIL_MIL1,LAK_COU10,FranklinField,American Association,AABL,20260721-FranklinField-1,3767f230-856b-11f1-a17b-7db4bab88cfd,87.05928,29.1126,,7.75471,,,,1.2329,1.83103,0.1114,d30aaa50-e40a-4800-9d68-81ee7d48104e,2026-07-22,01:18:15.70,2026-07-21T20:18:15.7030000-05:00,2026-07-22T01:18:15.7030000Z,LineDrive,v3,,,,"Waddell, Chase",1000233818,Right,MIL_MIL1,a932c7e1-d8f2-442a-a948-e0d925af3530,54.718,-129.05298,13.76573,6.0866,-5.11392,-11.05393,-2.44649,8.72334,-6.41151,123.056766,1.23297,144.46502,-33.00346,8.35275,-2.15844,0.61404,-0.15833,0.02693,-0.00208,1.83094,42.3791,-17.36118,0.60996,0.22195,-0.20303,0.08222,-0.01723,0.00151,0.11147,-52.24578,-0.89209,1.51613,-0.72335,0.29756,-0.09335,0.01776,-0.00148,,,,,,,,,,,,,,,,,,,,,,,High,High,High,High,Medium,,,
196,2026-07-21,20:21:06.75,1,1,"Anderson , Shane ",10991107,Right,LAK_COU10,"Olund, Alec",10000829,Right,MIL_MIL1,Undefined,6,Bottom,0,0,0,Fastball,Four-Seam,BallCalled,Undefined,Undefined,Undefined,0,0,,87.054,-2.76422,-2.806954,2418.90677,204.636803,12:45,5.63792,2.27267,5.9592,-20.10462,16.99127,7.21264,1.39421,0.26875,79.27182,-6.56321,-1.512384,0.438363,,,,,,,,,,,,-4.55244,9.92815,-2.05384,50,5.40699,5.89344,-126.14325,-6.68832,-7.28873,27.17823,-16.27854,MIL_MIL1,LAK_COU10,FranklinField,American Association,AABL,20260721-FranklinField-1,9d5c68f0-856b-11f1-a17b-7db4bab88cfd,85.98446,,,7.78218,,,,,,,d30aaa50-e40a-4800-9d68-81ee7d48104e,2026-07-22,01:21:06.75,2026-07-21T20:21:06.7540000-05:00,2026-07-22T01:21:06.7540000Z,,v3,,,,"Feliciano, Mario",666128,Right,LAK_COU10,843c2912-ce56-4948-a7e5-6dbb9e9df909,54.5386,-127.11736,13.58911,5.63625,-6.10487,-8.13927,-2.26975,6.15468,-3.64437,,,,,,,,,,,,,,,,,,,,,,,,,,,,,,,,,,,,,,,,,,,,,,,,,,,High,High,High,,,,,
197,2026-07-21,20:21:20.57,1,2,"Anderson , Shane ",10991107,Right,LAK_COU10,"Olund, Alec",10000829,Right,MIL_MIL1,Undefined,6,Bottom,0,1,0,Fastball,Four-Seam,BallCalled,Undefined,Undefined,Undefined,0,0,,87.64244,-1.489402,-4.315384,2506.102244,194.031293,12:30,5.58454,2.41706,5.81471,-19.70533,17.08599,3.96536,2.5533,-1.27263,79.8283,-5.20811,-3.608174,0.43656,,,,,,,,,,,,-3.26536,9.51103,-2.06539,50,5.45061,9.40615,-126.8647,-3.90052,-5.303,26.8065,-16.72796,MIL_MIL1,LAK_COU10,FranklinField,American Association,AABL,20260721-FranklinField-1,a5a25470-856b-11f1-a17b-7db4bab88cfd,86.33963,,,7.81414,,,,,,,d30aaa50-e40a-4800-9d68-81ee7d48104e,2026-07-22,01:21:20.57,2026-07-21T20:21:20.5770000-05:00,2026-07-22T01:21:20.5770000Z,,v3,,,,"Feliciano, Mario",666128,Right,LAK_COU10,28d1f331-5699-4947-b64d-facd0041aaee,54.68188,-127.85015,13.40325,5.58269,-3.28557,-8.36398,-2.41476,9.60109,-2.6515,,,,,,,,,,,,,,,,,,,,,,,,,,,,,,,,,,,,,,,,,,,,,,,,,,,High,High,High,,,,,
198,2026-07-21,20:21:36.95,1,3,"Anderson , Shane ",10991107,Right,LAK_COU10,"Olund, Alec",10000829,Right,MIL_MIL1,Undefined,6,Bottom,0,2,0,Fastball,Four-Seam,FoulBallNotFieldable,Undefined,Undefined,Undefined,0,0,,87.6891,-1.972339,-3.803431,2496.952832,197.078052,12:30,5.65962,2.23788,5.75715,-18.86729,17.94182,5.13488,2.24667,-0.87975,79.87453,-5.5378,-2.887378,0.436666,81.80073,52.933321,88.326306,5354.995161,,,,,64.75735,,,-3.72681,10.08579,-1.92537,50,5.48444,8.22672,-126.98296,-4.94992,-6.06076,26.97476,-15.77201,MIL_MIL1,LAK_COU10,FranklinField,American Association,AABL,20260721-FranklinField-1,af5cde90-856b-11f1-a17b-7db4bab88cfd,86.31877,76.30613,,7.81458,,,,1.4311,2.24806,0.87903,d30aaa50-e40a-4800-9d68-81ee7d48104e,2026-07-22,01:21:36.95,2026-07-21T20:21:36.9510000-05:00,2026-07-22T01:21:36.9510000Z,,v3,,,,"Feliciano, Mario",666128,Right,LAK_COU10,6e19fa8e-8b3f-4d90-9cea-373b2260cfc6,54.74039,-127.98599,13.48738,5.6576,-4.36345,-7.88601,-2.23547,8.45208,-3.03038,,1.4311,2.11209,-14.22983,5.94228,-1.83277,0.50445,-0.12933,0.02666,-0.00313,2.24806,95.73157,-28.52896,3.17799,-0.3564,-0.01352,0.02139,-0.00677,0.00098,0.87903,72.28289,-17.84977,4.57348,-1.0157,0.20703,-0.04135,0.00678,-0.00072,,,,,,,,,,,,,,,,,,,,,,,High,High,High,Low,Undefined,,,
199,2026-07-21,20:21:56.47,1,4,"Anderson , Shane ",10991107,Right,LAK_COU10,"Olund, Alec",10000829,Right,MIL_MIL1,Undefined,6,Bottom,0,2,1,Fastball,Four-Seam,InPlay,Undefined,FlyBall,Out,1,0,,87.35221,-0.977756,-3.037826,2484.525864,190.245238,12:15,5.59661,2.21443,5.92422,-18.0543,18.72324,3.16465,3.18345,-0.34333,79.4915,-4.41791,-2.470887,0.436478,89.70972,52.680396,22.728384,,90.68364,129.02865,62.26122,197.39924,96.63492,39.621609,5.787309,-2.51177,10.25386,-1.97308,50,5.50817,6.59342,-126.68001,-2.67784,-4.06337,26.96213,-15.58615,MIL_MIL1,LAK_COU10,FranklinField,American Association,AABL,20260721-FranklinField-1,bb00e930-856b-11f1-a17b-7db4bab88cfd,86.3558,130.67251,,7.86071,,,,0.93354,3.33276,0.38252,d30aaa50-e40a-4800-9d68-81ee7d48104e,2026-07-22,01:21:56.47,2026-07-21T20:21:56.4700000-05:00,2026-07-22T01:21:56.4700000Z,FlyBall,v3,,,,"Feliciano, Mario",666128,Right,LAK_COU10,75a9097b-aaec-457d-bac9-3921c739073c,54.57324,-127.64966,13.48106,5.59439,-2.11731,-7.79307,-2.21283,6.73955,-2.03169,198.542193,0.93054,73.57733,-27.73927,8.42071,-1.68186,0.1542,0.01273,-0.00403,0.00024,3.32167,104.83536,-26.67599,2.95517,-0.60068,0.11251,-0.00765,-0.00094,0.00011,0.38192,30.84087,-1.80559,-0.27607,0.09451,0.01462,-0.01094,0.00185,-0.0001,,,,,,,,,,,,,,,,,,,,,,,High,High,High,High,Low,,,
200,2026-07-21,20:22:37.38,2,1,"Anderson , Shane ",10991107,Right,LAK_COU10,"Waddell, Chase",1000233818,Left,MIL_MIL1,Undefined,6,Bottom,1,0,0,Fastball,Four-Seam,BallCalled,Undefined,Undefined,Undefined,0,0,,88.29549,-0.121095,-2.415309,2446.249108,197.916865,12:30,5.6622,2.28259,5.85204,-19.01162,17.16505,5.15343,3.96528,0.46648,79.99941,-3.738989,-1.49241,0.432898,,,,,,,,,,,,-3.33441,9.148,-2.08919,50,5.64129,5.17786,-128.03948,-0.83034,-5.49486,28.24469,-17.09888,MIL_MIL1,LAK_COU10,FranklinField,American Association,AABL,20260721-FranklinField-1,d35f7780-856b-11f1-a17b-7db4bab88cfd,87.07003,,,8.29607,,,,,,,d30aaa50-e40a-4800-9d68-81ee7d48104e,2026-07-22,01:22:37.38,2026-07-21T20:22:37.3830000-05:00,2026-07-22T01:22:37.3830000Z,,v3,,,,"Feliciano, Mario",666128,Right,LAK_COU10,7547c168-58d6-4561-917d-3b607da3c077,54.64293,-129.05961,14.12234,5.66012,-0.21277,-8.54944,-2.27979,5.37632,-2.74743,,,,,,,,,,,,,,,,,,,,,,,,,,,,,,,,,,,,,,,,,,,,,,,,,,,High,High,High,,,,,
201,2026-07-21,20:22:52.82,2,2,"Anderson , Shane ",10991107,Right,LAK_COU10,"Waddell, Chase",1000233818,Left,MIL_MIL1,Undefined,6,Bottom,1,1,0,Fastball,Four-Seam,FoulBallNotFieldable,Undefined,Undefined,Undefined,0,0,,88.36783,-1.618004,-3.574756,2440.697882,206.859596,1:00,5.58246,2.26821,5.95304,-19.22391,16.73379,7.86603,2.47659,-0.39586,80.41948,-5.261813,-2.165314,0.431586,67.07783,55.736204,-128.666217,5320.865293,,,,,42.13953,,,-5.10925,9.43209,-1.98828,50,5.44293,7.67959,-128.0725,-4.1954,-8.44366,27.6868,-16.58643,MIL_MIL1,LAK_COU10,FranklinField,American Association,AABL,20260721-FranklinField-1,dc962ba0-856b-11f1-a17b-7db4bab88cfd,87.33468,50.29155,,7.94835,,,,1.29605,2.67076,0.33022,d30aaa50-e40a-4800-9d68-81ee7d48104e,2026-07-22,01:22:52.82,2026-07-21T20:22:52.8270000-05:00,2026-07-22T01:22:52.8270000Z,,v3,,,,"Feliciano, Mario",666128,Right,LAK_COU10,15805870-243e-446f-b1a5-b7dad6267af3,54.54527,-129.05136,13.8434,5.5809,-3.60899,-8.29322,-2.26507,7.97811,-4.22183,20.32589,1.29605,-34.60588,-3.58315,2.18402,-0.64703,0.16964,-0.03846,0.00838,-0.00103,2.67076,81.30711,-29.79089,3.91965,-0.7899,0.13459,-0.02298,0.00405,-0.00027,0.33022,-43.24744,3.66168,0.31844,-0.21112,0.07805,-0.01897,0.00485,-0.00072,,,,,,,,,,,,,,,,,,,,,,,High,High,High,High,Undefined,,,
202,2026-07-21,20:23:11.29,2,3,"Anderson , Shane ",10991107,Right,LAK_COU10,"Waddell, Chase",1000233818,Left,MIL_MIL1,Undefined,6,Bottom,1,1,1,Fastball,Four-Seam,BallCalled,Undefined,Undefined,Undefined,0,0,,88.50125,-2.859737,-3.162337,2368.287361,198.250134,12:30,5.55549,2.35183,5.90324,-21.92202,13.88367,4.19819,1.06777,-0.23683,81.08854,-6.954304,-2.409986,0.430673,,,,,,,,,,,,-3.05008,8.27115,-2.09998,50,5.31269,6.91385,-128.25116,-7.11042,-5.07687,26.68176,-18.40666,MIL_MIL1,LAK_COU10,FranklinField,American Association,AABL,20260721-FranklinField-1,e797dbc0-856b-11f1-a17b-7db4bab88cfd,87.51987,,,7.4127,,,,,,,d30aaa50-e40a-4800-9d68-81ee7d48104e,2026-07-22,01:23:11.29,2026-07-21T20:23:11.2910000-05:00,2026-07-22T01:23:11.2910000Z,,v3,,,,"Feliciano, Mario",666128,Right,LAK_COU10,36d8b278-eb72-46a6-9d9e-4654ace66bfa,54.59538,-129.20366,13.34088,5.55479,-6.45333,-9.20333,-2.35003,7.09509,-2.53844,,,,,,,,,,,,,,,,,,,,,,,,,,,,,,,,,,,,,,,,,,,,,,,,,,,High,High,High,,,,,
203,2026-07-21,20:23:29.74,2,4,"Anderson , Shane ",10991107,Right,LAK_COU10,"Waddell, Chase",1000233818,Left,MIL_MIL1,Undefined,6,Bottom,1,2,1,Fastball,Four-Seam,BallCalled,Undefined,Undefined,Undefined,0,0,,88.02294,0.515092,-1.636243,2365.902471,193.719572,12:30,5.56617,2.54215,5.88894,-18.21639,17.87084,4.08433,4.52663,1.36281,80.2115,-2.952662,-0.903812,0.432363,,,,,,,,,,,,-2.53488,9.32717,-2.41254,50,5.59716,3.47691,-127.79623,0.62337,-4.1891,26.51449,-16.76026,MIL_MIL1,LAK_COU10,FranklinField,American Association,AABL,20260721-FranklinField-1,f2980540-856b-11f1-a17b-7db4bab88cfd,87.17785,,,7.81145,,,,,,,d30aaa50-e40a-4800-9d68-81ee7d48104e,2026-07-22,01:23:29.74,2026-07-21T20:23:29.7440000-05:00,2026-07-22T01:23:29.7440000Z,,v3,,,,"Feliciano, Mario",666128,Right,LAK_COU10,f1e9df82-3523-4efa-9812-da60af0eb7d7,54.60709,-128.74854,13.25725,5.56396,1.22533,-8.38013,-2.54012,3.62736,-2.09455,,,,,,,,,,,,,,,,,,,,,,,,,,,,,,,,,,,,,,,,,,,,,,,,,,,High,High,High,,,,,
204,2026-07-21,20:23:46.75,2,5,"Anderson , Shane ",10991107,Right,LAK_COU10,"Waddell, Chase",1000233818,Left,MIL_MIL1,Undefined,6,Bottom,1,3,1,Fastball,Four-Seam,FoulBallNotFieldable,Undefined,Undefined,Undefined,0,0,,88.70304,-2.8821,-4.018406,2494.11716,200.445196,12:45,5.50941,2.38803,5.95402,-17.12292,18.4258,6.448,1.40082,-0.80739,81.30516,-6.124086,-2.864184,0.429125,92.9806,-2.686967,53.369617,,,,,26.16981,18.61113,52.90947,0.208198,-4.43319,10.61489,-2.07198,50,5.27015,8.76384,-128.46985,-6.9811,-7.42342,26.12864,-14.39933,MIL_MIL1,LAK_COU10,FranklinField,American Association,AABL,20260721-FranklinField-1,fcbf33e0-856b-11f1-a17b-7db4bab88cfd,87.83565,1.6883,,7.39787,,,,,,,d30aaa50-e40a-4800-9d68-81ee7d48104e,2026-07-22,01:23:46.75,2026-07-21T20:23:46.7520000-05:00,2026-07-22T01:23:46.7520000Z,GroundBall,v3,,,,"Feliciano, Mario",666128,Right,LAK_COU10,8a08b84d-86b1-49d3-bb7a-9ecea0f3c99a,54.54523,-129.39097,13.06432,5.50731,-6.47348,-7.19967,-2.38555,9.02554,-3.71171,,0.01989,81.28979,-26.80049,,,,,,,1.68832,-6.39454,-8.23732,,,,,,,-2.45065,109.42409,12.58822,,,,,,,,,,,,,,,,,,,,,,,,,,,,,High,High,High,Low,Low,,,
205,2026-07-21,20:24:20.36,2,6,"Anderson , Shane ",10991107,Right,LAK_COU10,"Waddell, Chase",1000233818,Left,MIL_MIL1,Undefined,6,Bottom,1,3,2,Fastball,Four-Seam,FoulBallNotFieldable,Undefined,Undefined,Undefined,0,0,,88.55555,-1.388503,-3.184269,2451.250386,196.369046,12:30,5.45108,2.53898,6.04856,-19.59485,15.77076,4.31315,2.53055,-0.05244,81.24372,-5.085546,-2.409714,0.428018,82.60782,51.682531,-43.069183,5141.704358,59.90308,98.34413,-92.25811,204.47749,80.15894,-63.914749,4.825569,-3.09295,8.84453,-2.29334,50,5.33229,6.97725,-128.52453,-3.70627,-5.19005,25.83854,-17.33261,MIL_MIL1,LAK_COU10,FranklinField,American Association,AABL,20260721-FranklinField-1,10c2a570-856c-11f1-a17b-7db4bab88cfd,88.06276,99.62915,,7.31183,,,,1.22222,2.6841,0.00847,d30aaa50-e40a-4800-9d68-81ee7d48104e,2026-07-22,01:24:20.36,2026-07-21T20:24:20.3660000-05:00,2026-07-22T01:24:20.3660000Z,FlyBall,v3,,,,"Feliciano, Mario",666128,Right,LAK_COU10,aa4fbe7b-6b24-41f0-a4d9-48262bedc333,54.45049,-129.41616,12.91927,5.44987,-3.10816,-8.6663,-2.5372,7.15635,-2.59503,141.930097,1.28241,53.56099,-15.42393,-3.4169,6.84144,-3.52139,0.89228,-0.11189,0.00554,2.69541,94.88149,-28.1233,2.93939,-0.58137,0.30749,-0.12484,0.02314,-0.00156,0.02156,-51.64841,2.66892,-2.03353,2.79992,-1.61667,0.46958,-0.06704,0.00374,,,,,,,,,,,,,,,,,,,,,,,High,High,High,High,Low,,,
206,2026-07-21,20:24:41.08,2,7,"Anderson , Shane ",10991107,Right,LAK_COU10,"Waddell, Chase",1000233818,Left,MIL_MIL1,Undefined,6,Bottom,1,3,2,Fastball,Four-Seam,BallCalled,Walk,Undefined,Undefined,0,0,,88.04285,-3.076412,-4.193149,2446.632588,200.796609,12:45,5.44734,2.30748,6.00551,-19.21544,16.49733,5.87426,0.98538,-1.09487,81.51013,-6.671096,-3.14084,0.430113,,,,,,,,,,,,-4.08713,9.59654,-1.98087,50,5.1942,9.12503,-127.5967,-7.45701,-6.81614,23.40518,-16.16976,MIL_MIL1,LAK_COU10,FranklinField,American Association,AABL,20260721-FranklinField-1,1d19ac60-856c-11f1-a17b-7db4bab88cfd,87.6337,,,6.53272,,,,,,,d30aaa50-e40a-4800-9d68-81ee7d48104e,2026-07-22,01:24:41.08,2026-07-21T20:24:41.0860000-05:00,2026-07-22T01:24:41.0860000Z,,v3,,,,"Feliciano, Mario",666128,Right,LAK_COU10,54048d0e-38dc-49de-b3a9-634cb445ee39,54.49516,-128.41861,11.70259,5.44609,-6.88919,-8.08488,-2.30551,9.36438,-3.40807,,,,,,,,,,,,,,,,,,,,,,,,,,,,,,,,,,,,,,,,,,,,,,,,,,,High,High,High,,,,,
207,2026-07-21,20:25:13.65,3,1,"Anderson , Shane ",10991107,Right,LAK_COU10,"Valdes, Yordys",686798,Left,MIL_MIL1,Undefined,6,Bottom,1,0,0,Fastball,Four-Seam,BallCalled,Undefined,Undefined,Undefined,0,0,,88.2474,-0.221275,-2.645541,2271.802664,201.430435,12:45,5.4601,2.56017,6.00938,-21.5893,13.6467,4.98248,3.45578,0.52274,81.74118,-4.259108,-1.75074,0.427233,,,,,,,,,,,,-3.18449,7.38142,-2.35508,50,5.43072,5.72533,-128.2875,-1.17145,-5.38761,22.76147,-19.68599,MIL_MIL1,LAK_COU10,FranklinField,American Association,AABL,20260721-FranklinField-1,3085e700-856c-11f1-a17b-7db4bab88cfd,88.22458,,,6.50623,,,,,,,d30aaa50-e40a-4800-9d68-81ee7d48104e,2026-07-22,01:25:13.65,2026-07-21T20:25:13.6510000-05:00,2026-07-22T01:25:13.6510000Z,,v3,,,,"Feliciano, Mario",666128,Right,LAK_COU10,0f961377-5569-4e27-a760-8343bba2b223,54.48974,-129.08164,11.38074,5.4596,-0.48462,-9.843,-2.55811,5.9133,-2.69381,,,,,,,,,,,,,,,,,,,,,,,,,,,,,,,,,,,,,,,,,,,,,,,,,,,High,High,High,,,,,
208,2026-07-21,20:25:30.68,3,2,"Anderson , Shane ",10991107,Right,LAK_COU10,"Valdes, Yordys",686798,Left,MIL_MIL1,Undefined,6,Bottom,1,1,0,Fastball,Four-Seam,InPlay,Undefined,FlyBall,Out,1,0,,89.19645,-1.790238,-3.309566,2403.313522,200.627959,12:45,5.46341,2.3843,5.98856,-20.2317,14.52044,5.08733,2.11495,-0.26244,82.35056,-5.57825,-2.397001,0.424289,88.60635,47.462539,-15.71968,4617.889427,99.99646,103.51655,-45.83285,240.86484,224.39897,-30.886855,5.624663,-3.46095,8.24012,-2.12593,50,5.31071,7.28158,-129.48152,-4.68579,-5.93276,24.57038,-18.04874,MIL_MIL1,LAK_COU10,FranklinField,American Association,AABL,20260721-FranklinField-1,3ab049f0-856c-11f1-a17b-7db4bab88cfd,88.83661,114.39081,,6.84589,,,,1.43287,2.23037,0.24113,d30aaa50-e40a-4800-9d68-81ee7d48104e,2026-07-22,01:25:30.68,2026-07-21T20:25:30.6840000-05:00,2026-07-22T01:25:30.6840000Z,FlyBall,v3,,,,"Feliciano, Mario",666128,Right,LAK_COU10,a79ff193-ed56-4b50-a840-1a76785435f2,54.51116,-130.33474,12.28519,5.46255,-4.05904,-9.02437,-2.38236,7.4876,-2.96638,147.858492,1.47347,83.65122,-19.56043,-0.61646,4.36887,-2.3011,0.56742,-0.06805,0.00319,2.18876,96.45352,-27.01913,5.35803,-2.23104,0.66258,-0.10751,0.00847,-0.00025,0.2909,-24.77297,-0.97384,-3.06114,3.67719,-1.68919,0.39063,-0.04481,0.00203,,,,,,,,,,,,,,,,,,,,,,,High,High,High,High,Medium,,,
209,2026-07-21,20:26:07.53,4,1,"Anderson , Shane ",10991107,Right,LAK_COU10,"Rivas, Jeremy",692405,Right,MIL_MIL1,Undefined,6,Bottom,2,0,0,Sweeper,Sweeper,BallCalled,Undefined,Undefined,Undefined,0,0,,78.66742,1.51385,-0.48816,2661.167696,107.204401,9:30,5.5241,2.47464,5.19701,-40.12364,6.03658,-15.05583,3.60478,0.76081,72.32506,-5.813556,-3.154866,0.488996,,,,,,,,,,,,7.37087,3.0365,-2.4176,50,5.63419,1.58343,-114.2054,1.64428,9.7733,20.25573,-28.14786,MIL_MIL1,LAK_COU10,FranklinField,American Association,AABL,20260721-FranklinField-1,50ac0910-856c-11f1-a17b-7db4bab88cfd,77.08128,,,6.34236,,,,,,,d30aaa50-e40a-4800-9d68-81ee7d48104e,2026-07-22,01:26:07.53,2026-07-21T20:26:07.5300000-05:00,2026-07-22T01:26:07.5300000Z,,v3,,,,"Feliciano, Mario",666128,Right,LAK_COU10,e1c079bb-fcf4-488f-90e3-d140abdfbcfa,55.30179,-115.1419,10.12787,5.52808,2.94566,-14.07393,-2.48036,1.13157,4.88665,,,,,,,,,,,,,,,,,,,,,,,,,,,,,,,,,,,,,,,,,,,,,,,,,,,High,High,High,,,,,
210,2026-07-21,20:26:24.05,4,2,"Anderson , Shane ",10991107,Right,LAK_COU10,"Rivas, Jeremy",692405,Right,MIL_MIL1,Undefined,6,Bottom,2,1,0,Fastball,Four-Seam,BallCalled,Undefined,Undefined,Undefined,0,0,,88.7052,-2.697951,-3.375516,2470.578947,203.740951,12:45,5.47118,2.24552,6.0508,-18.52729,16.76824,6.89284,1.42356,-0.30842,81.47792,-6.193626,-2.137548,0.427594,,,,,,,,,,,,-4.46107,9.70414,-1.98643,50,5.25084,7.30648,-128.61319,-6.61558,-7.50207,25.67688,-15.85483,MIL_MIL1,LAK_COU10,FranklinField,American Association,AABL,20260721-FranklinField-1,5a7ed620-856c-11f1-a17b-7db4bab88cfd,88.15015,,,7.22728,,,,,,,d30aaa50-e40a-4800-9d68-81ee7d48104e,2026-07-22,01:26:24.05,2026-07-21T20:26:24.0560000-05:00,2026-07-22T01:26:24.0560000Z,,v3,,,,"Feliciano, Mario",666128,Right,LAK_COU10,3f3c9363-cb9e-458a-b99d-b4795385c495,54.44783,-129.49813,12.83844,5.46943,-6.06915,-7.92742,-2.2427,7.56504,-3.75103,,,,,,,,,,,,,,,,,,,,,,,,,,,,,,,,,,,,,,,,,,,,,,,,,,,High,High,High,,,,,
211,2026-07-21,20:26:41.28,4,3,"Anderson , Shane ",10991107,Right,LAK_COU10,"Rivas, Jeremy",692405,Right,MIL_MIL1,Undefined,6,Bottom,2,2,0,Fastball,Four-Seam,HitByPitch,Undefined,Undefined,Undefined,0,0,,85.84681,1.258386,-0.296167,2335.091932,192.506033,12:30,5.49299,2.41154,5.83838,-20.53611,17.49308,3.61347,4.9514,2.4374,78.15427,-2.636405,0.35151,0.443844,,,,,,,,,,,,-1.93232,8.94284,-2.38957,50,5.58355,0.49666,-124.65844,2.13412,-3.03438,25.54115,-18.13099,MIL_MIL1,LAK_COU10,FranklinField,American Association,AABL,20260721-FranklinField-1,64c377d0-856c-11f1-a17b-7db4bab88cfd,84.92276,,,7.69254,,,,,,,d30aaa50-e40a-4800-9d68-81ee7d48104e,2026-07-22,01:26:41.28,2026-07-21T20:26:41.2840000-05:00,2026-07-22T01:26:41.2840000Z,,v3,,,,"Feliciano, Mario",666128,Right,LAK_COU10,501f0d9d-5e18-4beb-9b7f-4c80a31f6253,54.65881,-125.60935,12.77057,5.49153,2.80914,-9.0655,-2.41016,0.60963,-1.51719,,,,,,,,,,,,,,,,,,,,,,,,,,,,,,,,,,,,,,,,,,,,,,,,,,,High,High,High,,,,,
212,2026-07-21,20:28:09.26,5,1,"Anderson , Shane ",10991107,Right,LAK_COU10,"Blake, Andy",701544,Right,MIL_MIL1,Undefined,6,Bottom,2,0,0,Fastball,Four-Seam,FoulBallNotFieldable,Undefined,Undefined,Undefined,0,0,,88.25343,-0.559876,-2.672027,2307.802418,194.361927,12:30,5.34733,2.4424,5.86428,-24.91856,10.64233,2.4687,2.75011,0.16412,81.56951,-5.184968,-2.229825,0.429198,66.57163,29.415922,158.606593,4156.592919,-105.4357,27.42429,31.35628,172.44923,60.97456,166.27453,2.436193,-1.93465,5.89677,-2.22725,50,5.28728,5.88472,-128.23853,-2.08086,-3.25636,23.84401,-22.24877,MIL_MIL1,LAK_COU10,FranklinField,American Association,AABL,20260721-FranklinField-1,99336340-856c-11f1-a17b-7db4bab88cfd,87.82066,29.10999,,6.68392,,,,1.54955,2.84283,-0.16316,d30aaa50-e40a-4800-9d68-81ee7d48104e,2026-07-22,01:28:09.26,2026-07-21T20:28:09.2670000-05:00,2026-07-22T01:28:09.2670000Z,FlyBall,v3,,,,"Feliciano, Mario",666128,Right,LAK_COU10,e768c4aa-2556-421b-af1c-197ff1298c92,54.63577,-129.09761,11.922,5.34781,-1.27926,-11.12439,-2.44138,6.00204,-1.62818,312.433421,1.54963,-79.1954,3.13263,0.24572,0.26401,-0.31727,0.1931,-0.05521,0.00596,2.8429,47.95076,-23.9113,2.17203,-0.35455,0.0385,-0.0062,0.00495,-0.00096,-0.16313,31.02314,-7.7151,1.2599,-0.39298,0.22963,-0.1335,0.04168,-0.00492,,,,,,,,,,,,,,,,,,,,,,,High,High,High,High,Low,,,
213,2026-07-21,20:28:32.57,5,2,"Anderson , Shane ",10991107,Right,LAK_COU10,"Blake, Andy",701544,Right,MIL_MIL1,Undefined,6,Bottom,2,0,1,Fastball,Four-Seam,BallCalled,Undefined,Undefined,Undefined,0,0,,88.12405,-2.549188,-3.904423,2412.9551,196.296065,12:30,5.36166,2.33361,6.00109,-22.55127,13.59072,3.62272,1.11334,-0.98782,80.45812,-6.772644,-3.255035,0.43269,,,,,,,,,,,,-3.00524,8.09343,-2.02814,50,5.14828,8.56195,-127.60373,-6.39289,-4.93388,27.3046,-18.88665,MIL_MIL1,LAK_COU10,FranklinField,American Association,AABL,20260721-FranklinField-1,a716af80-856c-11f1-a17b-7db4bab88cfd,87.11179,,,7.66593,,,,,,,d30aaa50-e40a-4800-9d68-81ee7d48104e,2026-07-22,01:28:32.57,2026-07-21T20:28:32.5750000-05:00,2026-07-22T01:28:32.5750000Z,,v3,,,,"Feliciano, Mario",666128,Right,LAK_COU10,113da09e-aa82-40b1-9bf2-f577d6283d79,54.49679,-128.56235,13.6523,5.36108,-5.72981,-9.44333,-2.33177,8.73516,-2.46694,,,,,,,,,,,,,,,,,,,,,,,,,,,,,,,,,,,,,,,,,,,,,,,,,,,High,High,High,,,,,
214,2026-07-21,20:28:55.05,5,3,"Anderson , Shane ",10991107,Right,LAK_COU10,"Blake, Andy",701544,Right,MIL_MIL1,Undefined,6,Bottom,2,1,1,Curveball,Sweeper,BallCalled,Undefined,Undefined,Undefined,0,0,,79.21462,-0.273978,-2.146389,2711.677579,91.381224,9:00,5.48317,2.47311,5.27102,-44.55601,1.95878,-9.84906,1.51264,-0.36471,71.57905,-8.414884,-3.893739,0.490871,,,,,,,,,,,,4.19638,1.57118,-2.26937,50,5.42572,4.7002,-114.67533,-2.08291,5.47072,25.35571,-30.12574,MIL_MIL1,LAK_COU10,FranklinField,American Association,AABL,20260721-FranklinField-1,b4895fa0-856c-11f1-a17b-7db4bab88cfd,76.78693,,,7.63557,,,,,,,d30aaa50-e40a-4800-9d68-81ee7d48104e,2026-07-22,01:28:55.05,2026-07-21T20:28:55.0520000-05:00,2026-07-22T01:28:55.0520000Z,,v3,,,,"Feliciano, Mario",666128,Right,LAK_COU10,cecd6576-12e4-4048-bd07-249f01056a8d,55.22507,-115.82488,12.67785,5.48919,-0.71711,-15.06287,-2.47684,4.45217,2.73536,,,,,,,,,,,,,,,,,,,,,,,,,,,,,,,,,,,,,,,,,,,,,,,,,,,High,High,High,,,,,
215,2026-07-21,20:29:15.17,5,4,"Anderson , Shane ",10991107,Right,LAK_COU10,"Blake, Andy",701544,Right,MIL_MIL1,Undefined,6,Bottom,2,2,1,Fastball,Four-Seam,InPlay,Undefined,FlyBall,Out,1,0,,88.54878,-1.24774,-2.87721,2401.556504,198.678534,12:30,5.4304,2.31348,6.11691,-20.57977,14.75863,4.61461,2.56019,0.03568,81.06268,-5.132241,-2.04693,0.427853,104.18221,23.392787,-10.928164,1945.74833,108.29777,44.10067,-19.27646,334.57691,328.31961,-8.234759,4.253674,-3.20095,8.31811,-2.09534,50,5.3239,6.27803,-128.54808,-3.41956,-5.35819,26.549,-18.24998,MIL_MIL1,LAK_COU10,FranklinField,American Association,AABL,20260721-FranklinField-1,c07a2ab0-856c-11f1-a17b-7db4bab88cfd,88.09665,60.84151,,7.4861,,,,2.2476,2.65727,-0.08046,d30aaa50-e40a-4800-9d68-81ee7d48104e,2026-07-22,01:29:15.17,2026-07-21T20:29:15.1750000-05:00,2026-07-22T01:29:15.1750000Z,FlyBall,v3,,,,"Feliciano, Mario",666128,Right,LAK_COU10,2fdb9b9e-ac96-4222-a762-4ef142c4e98c,54.38227,-129.44998,13.2745,5.42954,-2.79958,-9.12499,-2.31171,6.46005,-2.67909,190.05185,2.24726,137.70273,-29.14979,6.81431,-1.35137,0.19867,-0.01667,0.00017,6E-05,2.65907,60.62545,-18.24007,2.18346,-0.89,0.32816,-0.07886,0.01058,-0.00059,-0.08017,-26.59235,7.51509,-1.76074,0.32246,-0.03492,-0.00021,0.00057,-5E-05,,,,,,,,,,,,,,,,,,,,,,,High,High,High,High,High,,,
216,2026-07-21,20:31:57.59,1,1,"Alvarez, Henderson",506693,Right,MIL_MIL1,"Fuecker, Cole",1000116013,Right,LAK_COU10,Undefined,7,Top,0,0,0,Sinker,Changeup,BallCalled,Undefined,Undefined,Undefined,0,0,,86.30482,-3.277928,-5.386738,1919.589926,226.129162,1:30,6.18698,2.55916,5.71798,-24.26462,13.74209,13.03725,1.09461,-1.38704,79.31349,-7.772565,-3.067887,0.443712,,,,,,,,,,,,-8.12552,8.24075,-2.11608,50,5.89656,11.22829,-124.69247,-7.95819,-12.84151,24.18207,-19.15046,MIL_MIL1,LAK_COU10,FranklinField,American Association,AABL,20260721-FranklinField-1,214f2340-856d-11f1-a17b-7db4bab88cfd,84.94792,,,6.99133,,,,,,,d30aaa50-e40a-4800-9d68-81ee7d48104e,2026-07-22,01:31:57.59,2026-07-21T20:31:57.5980000-05:00,2026-07-22T01:31:57.5980000Z,,v3,,,,"Waddell, Chase",1000233818,Right,MIL_MIL1,fa6500b0-0670-4e61-9e59-bb21b0fe1f27,54.78177,-125.61639,12.09104,6.18663,-7.22651,-9.57523,-2.55446,11.71893,-6.42075,,,,,,,,,,,,,,,,,,,,,,,,,,,,,,,,,,,,,,,,,,,,,,,,,,,High,High,High,,,,,
217,2026-07-21,20:32:11.21,1,2,"Alvarez, Henderson",506693,Right,MIL_MIL1,"Fuecker, Cole",1000116013,Right,LAK_COU10,Undefined,7,Top,0,1,0,Sinker,Sinker,StrikeCalled,Undefined,Undefined,Undefined,0,0,,86.21194,-2.01826,-3.983071,1908.672582,230.677065,1:45,6.12282,2.48655,5.66154,-25.87348,12.13079,13.33827,2.07934,-0.12211,79.07788,-6.813398,-1.605351,0.443698,,,,,,,,,,,,-7.85166,7.07193,-2.15783,50,5.93538,8.138,-124.8884,-5.26991,-12.43184,24.55959,-20.97676,MIL_MIL1,LAK_COU10,FranklinField,American Association,AABL,20260721-FranklinField-1,296bb4d0-856d-11f1-a17b-7db4bab88cfd,84.95066,,,7.13406,,,,,,,d30aaa50-e40a-4800-9d68-81ee7d48104e,2026-07-22,01:32:11.21,2026-07-21T20:32:11.2110000-05:00,2026-07-22T01:32:11.2110000Z,,v3,,,,"Waddell, Chase",1000233818,Right,MIL_MIL1,ed090fce-1293-41bb-9540-ad7108e5b3b2,54.83699,-125.83601,12.27979,6.1231,-4.46053,-10.48838,-2.48108,8.61767,-6.21592,,,,,,,,,,,,,,,,,,,,,,,,,,,,,,,,,,,,,,,,,,,,,,,,,,,High,High,High,,,,,
218,2026-07-21,20:32:29.10,1,3,"Alvarez, Henderson",506693,Right,MIL_MIL1,"Fuecker, Cole",1000116013,Right,LAK_COU10,Undefined,7,Top,0,1,1,Fastball,Four-Seam,InPlay,Undefined,FlyBall,Out,1,0,,88.37662,-2.052724,-2.959978,2038.903964,210.142337,1:00,6.14137,2.25332,5.70937,-24.24143,11.6341,6.1328,2.20544,0.00424,81.46032,-6.540653,-1.864328,0.431093,102.46723,29.490246,-8.047111,2758.237116,108.90233,62.15234,-15.50108,351.05956,344.80789,-9.703729,5.624797,-3.91603,6.78319,-2.00927,50,5.95414,6.37623,-128.23282,-5.42073,-6.56286,24.90439,-20.8061,MIL_MIL1,LAK_COU10,FranklinField,American Association,AABL,20260721-FranklinField-1,34144870-856d-11f1-a17b-7db4bab88cfd,87.43466,97.5975,,6.9163,,,,1.21579,2.29654,-0.01445,d30aaa50-e40a-4800-9d68-81ee7d48104e,2026-07-22,01:32:29.10,2026-07-21T20:32:29.1090000-05:00,2026-07-22T01:32:29.1090000Z,FlyBall,v3,,,,"Waddell, Chase",1000233818,Right,MIL_MIL1,e86db736-391a-44f5-bb38-bed3f18cdf5e,54.79043,-129.15983,12.4522,6.1415,-4.64627,-10.40305,-2.25116,6.62052,-3.28143,179.355493,1.21764,129.4847,-29.67457,7.00026,-1.45961,0.268,-0.03906,0.00366,-0.00015,2.29667,73.98957,-15.94153,0.83072,-0.08103,-0.02059,0.01033,-0.00149,7E-05,-0.01525,-18.29431,3.95231,-0.98892,0.17602,-0.02209,0.00175,-8E-05,0,,,,,,,,,,,,,,,,,,,,,,,High,High,High,High,Medium,,,
219,2026-07-21,20:33:07.14,2,1,"Alvarez, Henderson",506693,Right,MIL_MIL1,"Snider, Jake",686744,Left,LAK_COU10,Undefined,7,Top,1,0,0,Fastball,Four-Seam,StrikeCalled,Undefined,Undefined,Undefined,0,0,,87.04737,-0.93397,-2.718309,1999.776138,204.466049,12:45,6.13572,2.57486,5.73687,-22.7543,13.88863,5.85863,3.36877,0.52994,80.6238,-5.161943,-1.671367,0.435679,,,,,,,,,,,,-3.63024,7.62044,-2.35205,50,6.04383,5.76127,-126.46181,-2.80528,-5.96306,22.32856,-19.65663,MIL_MIL1,LAK_COU10,FranklinField,American Association,AABL,20260721-FranklinField-1,4abebe20-856d-11f1-a17b-7db4bab88cfd,86.51428,,,6.42356,,,,,,,d30aaa50-e40a-4800-9d68-81ee7d48104e,2026-07-22,01:33:07.14,2026-07-21T20:33:07.1400000-05:00,2026-07-22T01:33:07.1400000Z,,v3,,,,"Waddell, Chase",1000233818,Right,MIL_MIL1,0f6229e6-8f24-41aa-b17d-d3b1e1e33b25,54.76215,-127.29985,11.16428,6.13528,-2.06752,-9.82832,-2.57249,5.98508,-2.98153,,,,,,,,,,,,,,,,,,,,,,,,,,,,,,,,,,,,,,,,,,,,,,,,,,,High,High,High,,,,,
220,2026-07-21,20:33:20.40,2,2,"Alvarez, Henderson",506693,Right,MIL_MIL1,"Snider, Jake",686744,Left,LAK_COU10,Undefined,7,Top,1,0,1,Slider,Curveball,FoulBallNotFieldable,Undefined,Undefined,Undefined,0,0,,57.86311,3.236613,-2.15496,1545.225027,33.689396,7:00,6.46884,2.34603,4.90154,-85.95934,0.18354,-1.50658,2.37205,0.18145,54.25055,-12.147363,-2.420382,0.668007,,,,,,,,,,,,0.20567,-0.09622,-2.13378,50,6.71301,3.20172,-83.88601,2.46315,0.14786,10.39602,-32.24324,MIL_MIL1,LAK_COU10,FranklinField,American Association,AABL,20260721-FranklinField-1,52ccf7d0-856d-11f1-a17b-7db4bab88cfd,56.42521,,,3.61256,,,,,,,d30aaa50-e40a-4800-9d68-81ee7d48104e,2026-07-22,01:33:20.40,2026-07-21T20:33:20.4000000-05:00,2026-07-22T01:33:20.4000000Z,,v3,,,,"Waddell, Chase",1000233818,Right,MIL_MIL1,070240b5-3d61-4b52-a2fa-af806ea17d60,55.60018,-84.57719,5.19801,6.47799,4.60685,-16.12162,-2.34632,3.19189,0.07393,,,,,,,,,,,,,,,,,,,,,,,,,,,,,,,,,,,,,,,,,,,,,,,,,,,High,High,High,,,,,
221,2026-07-21,20:33:36.59,2,3,"Alvarez, Henderson",506693,Right,MIL_MIL1,"Snider, Jake",686744,Left,LAK_COU10,Undefined,7,Top,1,0,2,Fastball,Four-Seam,InPlay,Undefined,GroundBall,Single,0,0,,86.81832,-0.449801,-2.884698,1888.767951,204.700783,12:45,6.09177,2.46493,5.78784,-26.82651,10.19603,4.18685,3.43724,0.12796,79.91556,-5.424527,-2.135897,0.43793,82.17185,-9.39605,-18.646434,,,,,18.64984,17.5696,-19.382636,0.155644,-2.89729,5.65233,-2.22977,50,6.03849,6.18154,-126.05919,-1.88205,-4.69195,24.08698,-23.02043,MIL_MIL1,LAK_COU10,FranklinField,American Association,AABL,20260721-FranklinField-1,5c528f40-856d-11f1-a17b-7db4bab88cfd,86.06958,3.42769,,6.90276,,,,0.50206,3.42769,-0.1476,d30aaa50-e40a-4800-9d68-81ee7d48104e,2026-07-22,01:33:36.59,2026-07-21T20:33:36.5920000-05:00,2026-07-22T01:33:36.5920000Z,GroundBall,v3,,,,"Waddell, Chase",1000233818,Right,MIL_MIL1,fcd5c759-10c7-4cb1-b1f7-29acf76f812e,54.71141,-126.95624,12.04349,6.09262,-1.02472,-11.51021,-2.46323,6.35628,-2.34597,77.948756,0.50246,112.62644,-18.14701,,,,,,,3.42795,-19.69707,-14.9627,,,,,,,-0.14729,-38.04179,-5.01394,,,,,,,,,,,,,,,,,,,,,,,,,,,,,High,High,High,High,High,,,
222,2026-07-21,20:34:10.59,3,1,"Alvarez, Henderson",506693,Right,MIL_MIL1,"Roberts, Brett",689355,Right,LAK_COU10,Undefined,7,Top,1,0,0,Fastball,Sinker,StrikeSwinging,Undefined,Undefined,Undefined,0,0,,87.78921,-0.715021,-2.866155,2047.817964,222.305614,1:30,6.18921,2.26814,5.70909,-23.54281,12.95076,10.74351,3.56028,0.49091,80.3301,-5.109064,-0.947087,0.43479,,,,,,,,,,,,-6.24067,7.1278,-2.03472,50,6.11473,5.9197,-127.37714,-2.3673,-10.27037,25.75033,-20.44374,MIL_MIL1,LAK_COU10,FranklinField,American Association,AABL,20260721-FranklinField-1,7092e2c0-856d-11f1-a17b-7db4bab88cfd,86.69114,,,7.45911,,,,,,,d30aaa50-e40a-4800-9d68-81ee7d48104e,2026-07-22,01:34:10.59,2026-07-21T20:34:10.5970000-05:00,2026-07-22T01:34:10.5970000Z,,v3,,,,"Waddell, Chase",1000233818,Right,MIL_MIL1,75d2acab-995b-4b1c-bcc2-aa8fb67529db,54.78886,-128.34159,12.87517,6.18906,-1.6016,-10.22187,-2.26364,6.30437,-5.13518,,,,,,,,,,,,,,,,,,,,,,,,,,,,,,,,,,,,,,,,,,,,,,,,,,,High,High,High,,,,,
223,2026-07-21,20:34:48.06,3,2,"Alvarez, Henderson",506693,Right,MIL_MIL1,"Roberts, Brett",689355,Right,LAK_COU10,Undefined,7,Top,1,0,1,Fastball,Four-Seam,BallCalled,Undefined,Undefined,Undefined,0,0,,88.42007,-1.58557,-4.082232,1962.431605,217.068118,1:15,6.18607,2.03986,5.80132,-21.34257,14.83591,10.28666,2.92873,-0.90606,80.42735,-5.598329,-2.24554,0.432909,,,,,,,,,,,,-6.42729,8.38941,-1.71024,50,6.04288,8.69765,-128.02093,-4.22516,-10.6171,27.57657,-18.31577,MIL_MIL1,LAK_COU10,FranklinField,American Association,AABL,20260721-FranklinField-1,86e7be60-856d-11f1-a17b-7db4bab88cfd,87.06782,,,7.99272,,,,,,,d30aaa50-e40a-4800-9d68-81ee7d48104e,2026-07-22,01:34:48.06,2026-07-21T20:34:48.0610000-05:00,2026-07-22T01:34:48.0610000Z,,v3,,,,"Waddell, Chase",1000233818,Right,MIL_MIL1,df5387b5-67b7-49dd-90f3-333f540d2453,54.69567,-129.02845,13.78828,6.18502,-3.55599,-9.15788,-2.0351,9.08554,-5.30855,,,,,,,,,,,,,,,,,,,,,,,,,,,,,,,,,,,,,,,,,,,,,,,,,,,High,High,High,,,,,
224,2026-07-21,20:35:10.64,3,3,"Alvarez, Henderson",506693,Right,MIL_MIL1,"Roberts, Brett",689355,Right,LAK_COU10,Undefined,7,Top,1,1,1,Fastball,Four-Seam,FoulBallNotFieldable,Undefined,Undefined,Undefined,0,0,,88.82469,-1.716897,-3.676815,2007.537545,220.014652,1:15,6.08964,2.19141,5.91077,-21.19147,14.63154,11.23138,2.72639,-0.28995,80.48082,-5.718047,-1.665407,0.430777,73.05918,27.260454,141.060632,4641.950602,,,,,59.72664,,,-6.86118,8.38209,-1.90246,50,5.93963,7.78865,-128.6284,-4.51847,-11.38795,29.00311,-18.26178,MIL_MIL1,LAK_COU10,FranklinField,American Association,AABL,20260721-FranklinField-1,945f2970-856d-11f1-a17b-7db4bab88cfd,87.49877,26.90815,,8.34387,,,,-0.19362,2.7577,0.13416,d30aaa50-e40a-4800-9d68-81ee7d48104e,2026-07-22,01:35:10.64,2026-07-21T20:35:10.6430000-05:00,2026-07-22T01:35:10.6430000Z,,v3,,,,"Waddell, Chase",1000233818,Right,MIL_MIL1,ded79bba-9c93-4d3b-8398-0ac697fbad36,54.58582,-129.65828,14.50156,6.08857,-3.87,-9.13089,-2.18621,8.19303,-5.69397,,-0.19362,-74.08807,3.46002,0.29589,-0.69747,2.01601,-3.90894,3.94453,-1.57034,2.7577,49.08006,-21.05823,1.91692,-0.30733,-0.12342,0.37192,-0.39114,0.15876,0.13416,59.86597,-15.8707,3.37017,-1.49321,2.96322,-5.62673,5.64878,-2.23903,,,,,,,,,,,,,,,,,,,,,,,High,High,High,High,Undefined,,,
225,2026-07-21,20:35:35.46,3,4,"Alvarez, Henderson",506693,Right,MIL_MIL1,"Roberts, Brett",689355,Right,LAK_COU10,Undefined,7,Top,1,1,2,Slider,Slider,BallCalled,Undefined,Undefined,Undefined,0,0,,85.19622,-3.126795,-4.261059,2268.524051,172.583266,11:45,6.15468,2.15481,5.52576,-33.04506,5.9691,-0.62906,0.46678,-1.88848,79.07658,-9.119576,-4.372852,0.449555,,,,,,,,,,,,-0.77512,4.13418,-1.78328,50,5.85951,9.21453,-123.33505,-7.90877,-1.20261,22.8568,-25.75969,MIL_MIL1,LAK_COU10,FranklinField,American Association,AABL,20260721-FranklinField-1,a329ef80-856d-11f1-a17b-7db4bab88cfd,83.84397,,,6.11964,,,,,,,d30aaa50-e40a-4800-9d68-81ee7d48104e,2026-07-22,01:35:35.46,2026-07-21T20:35:35.4620000-05:00,2026-07-22T01:35:35.4620000Z,,v3,,,,"Waddell, Chase",1000233818,Right,MIL_MIL1,8086db6f-d175-441a-967d-0d40eba0bda3,54.97503,-124.25362,11.4284,6.15654,-6.87354,-12.87985,-2.15457,9.26286,-0.60131,,,,,,,,,,,,,,,,,,,,,,,,,,,,,,,,,,,,,,,,,,,,,,,,,,,High,High,High,,,,,
226,2026-07-21,20:35:58.15,3,5,"Alvarez, Henderson",506693,Right,MIL_MIL1,"Roberts, Brett",689355,Right,LAK_COU10,Undefined,7,Top,1,2,2,Slider,Slider,InPlay,Undefined,LineDrive,Single,0,0,,81.84311,-0.250382,-1.130761,2377.23752,77.375094,8:30,6.1317,2.22696,5.33461,-42.95333,-0.55543,-8.09469,2.3173,0.49138,75.5886,-8.048879,-2.570464,0.468644,91.86367,6.259415,-2.757123,1120.125096,109.98985,3.97702,-1.48309,137.69866,137.22649,-0.194088,1.230277,3.78953,0.12327,-2.11876,50,6.07789,2.67416,-118.89533,-2.04759,5.4428,22.07219,-31.99701,MIL_MIL1,LAK_COU10,FranklinField,American Association,AABL,20260721-FranklinField-1,b0b66930-856d-11f1-a17b-7db4bab88cfd,80.42864,6.10537,,6.25452,,,,1.30254,2.23828,-0.36787,d30aaa50-e40a-4800-9d68-81ee7d48104e,2026-07-22,01:35:58.15,2026-07-21T20:35:58.1560000-05:00,2026-07-22T01:35:58.1560000Z,GroundBall,v3,,,,"Waddell, Chase",1000233818,Right,MIL_MIL1,8bf36363-64f2-4af6-a76b-66495d7bf89d,55.16601,-119.85053,11.03609,6.13654,-0.66289,-15.9985,-2.22939,2.43861,2.7214,235.608948,1.59971,130.38984,-16.23451,,,,,,,2.29728,14.03844,-12.96492,,,,,,,-0.48579,-5.0811,4.20775,,,,,,,,,,,,,,,,,,,,,,,,,,,,,High,High,High,High,High,,,
227,2026-07-21,20:36:34.76,4,1,"Alvarez, Henderson",506693,Right,MIL_MIL1,"Reyes, Ripken",685341,Left,LAK_COU10,Undefined,7,Top,1,0,0,Sinker,Sinker,FoulBallNotFieldable,Undefined,Undefined,Undefined,0,0,,88.02814,-1.088583,-3.560969,2093.31339,249.527093,2:15,5.97162,2.34543,5.83466,-29.21813,7.28197,16.14776,2.52289,0.37698,79.95462,-6.517741,-0.669718,0.434829,62.51157,36.336625,-154.385353,4119.521235,-101.01842,32.53097,-43.53454,168.34937,85.75599,-158.467773,2.674338,-9.34949,4.41008,-2.06443,50,5.86554,7.26207,-127.5669,-3.42078,-15.27472,28.33747,-24.9691,MIL_MIL1,LAK_COU10,FranklinField,American Association,AABL,20260721-FranklinField-1,c67dd1e0-856d-11f1-a17b-7db4bab88cfd,86.68339,35.16407,,8.07352,,,,1.24391,2.6099,-0.39115,d30aaa50-e40a-4800-9d68-81ee7d48104e,2026-07-22,01:36:34.76,2026-07-21T20:36:34.7650000-05:00,2026-07-22T01:36:34.7650000Z,FlyBall,v3,,,,"Waddell, Chase",1000233818,Right,MIL_MIL1,e3ac7c32-08cd-4a79-86d4-589aa17d023f,54.6639,-128.59875,14.16873,5.97355,-2.51157,-12.48455,-2.33899,7.81827,-7.63736,20.838305,1.24389,-66.59702,1.78985,0.49094,-0.00525,-0.10445,0.08469,-0.02669,0.00296,2.60998,54.32108,-25.07592,2.38437,-0.33136,-0.04815,0.0501,-0.01136,0.00083,-0.39119,-31.92819,3.6236,-0.24551,0.11908,-0.10207,0.07038,-0.02208,0.00248,,,,,,,,,,,,,,,,,,,,,,,High,High,High,High,Medium,,,
228,2026-07-21,20:36:57.52,4,2,"Alvarez, Henderson",506693,Right,MIL_MIL1,"Reyes, Ripken",685341,Left,LAK_COU10,Undefined,7,Top,1,0,1,Sinker,Sinker,FoulBallNotFieldable,Undefined,Undefined,Undefined,0,0,,88.29605,-1.040782,-3.824151,1986.805319,242.200996,2:00,6.1122,2.27274,5.88451,-26.29434,9.48914,15.92194,2.95227,0.04316,81.08741,-5.92618,-0.973046,0.430539,77.24017,73.087515,-102.401047,5279.684974,,,,,60.12888,,,-9.20871,5.4613,-1.97325,50,6.01279,7.90901,-128.09379,-3.20788,-15.36945,25.33678,-23.0591,MIL_MIL1,LAK_COU10,FranklinField,American Association,AABL,20260721-FranklinField-1,d410db40-856d-11f1-a17b-7db4bab88cfd,87.54708,106.72911,,7.20865,,,,1.61761,2.96818,-0.04987,d30aaa50-e40a-4800-9d68-81ee7d48104e,2026-07-22,01:36:57.52,2026-07-21T20:36:57.5270000-05:00,2026-07-22T01:36:57.5270000Z,,v3,,,,"Waddell, Chase",1000233818,Right,MIL_MIL1,d2d786c1-a9f6-4fda-b8e2-117f33065c65,54.61568,-129.00354,12.66839,6.11311,-2.37992,-11.52955,-2.26714,8.46087,-7.68472,7.140907,1.61761,-7.07631,-2.94976,1.29993,-0.17479,-0.16675,0.14931,-0.05454,0.00787,2.96818,108.38659,-33.44837,4.74676,-0.71967,-0.07753,0.12169,-0.04641,0.00675,-0.0499,-32.18427,-5.58084,2.99862,-0.41631,-0.41847,0.37522,-0.13725,0.01984,,,,,,,,,,,,,,,,,,,,,,,High,High,High,Low,Undefined,,,
229,2026-07-21,20:37:26.11,4,3,"Alvarez, Henderson",506693,Right,MIL_MIL1,"Reyes, Ripken",685341,Left,LAK_COU10,Undefined,7,Top,1,0,2,ChangeUp,Changeup,HitByPitch,Undefined,Undefined,Undefined,0,0,,84.36845,-2.786465,-4.372773,1355.711287,285.455926,3:30,6.00814,2.39827,5.57243,-39.2664,0.02748,3.55166,0.12359,-1.3981,79.2046,-9.861513,-3.740298,0.451163,,,,,,,,,,,,-2.82079,0.88622,-2.02347,50,5.74087,9.21489,-122.31669,-7.34967,-4.35052,20.05005,-30.8072,MIL_MIL1,LAK_COU10,FranklinField,American Association,AABL,20260721-FranklinField-1,e51bf460-856d-11f1-a17b-7db4bab88cfd,83.54501,,,5.16385,,,,,,,d30aaa50-e40a-4800-9d68-81ee7d48104e,2026-07-22,01:37:26.11,2026-07-21T20:37:26.1160000-05:00,2026-07-22T01:37:26.1160000Z,,v3,,,,"Waddell, Chase",1000233818,Right,MIL_MIL1,2358a141-108c-462b-88d7-cc7f12253535,54.93018,-123.12219,10.02502,6.01128,-6.112,-15.4036,-2.39718,9.38967,-2.17526,,,,,,,,,,,,,,,,,,,,,,,,,,,,,,,,,,,,,,,,,,,,,,,,,,,High,High,High,,,,,
230,2026-07-21,20:38:08.06,5,1,"Alvarez, Henderson",506693,Right,MIL_MIL1,"Zuberer, Ray",829518,Left,LAK_COU10,Undefined,7,Top,1,0,0,Fastball,Sinker,InPlay,Undefined,LineDrive,Single,0,2,,88.77626,-1.929865,-3.827728,2093.237499,226.271195,1:30,6.03109,2.46435,5.98813,-23.37013,12.05111,11.41898,2.29031,-0.13687,81.29812,-6.298977,-1.779632,0.428354,84.19847,17.713378,-8.782465,2515.299295,107.18072,24.36204,-24.7441,218.99091,218.05106,-17.986681,2.592556,-6.95756,7.06941,-2.16848,50,5.86557,8.14476,-128.69201,-5.092,-11.67512,26.55555,-20.31124,MIL_MIL1,LAK_COU10,FranklinField,American Association,AABL,20260721-FranklinField-1,fe1d5260-856d-11f1-a17b-7db4bab88cfd,87.99356,24.62876,,7.47814,,,,1.29231,2.25115,0.13599,d30aaa50-e40a-4800-9d68-81ee7d48104e,2026-07-22,01:38:08.06,2026-07-21T20:38:08.0640000-05:00,2026-07-22T01:38:08.0640000Z,LineDrive,v3,,,,"Waddell, Chase",1000233818,Right,MIL_MIL1,334b88bb-dc10-404f-9a2f-090c1cdee538,54.51104,-129.61952,13.27778,6.03104,-4.38259,-10.15562,-2.46008,8.55254,-5.83756,123.315541,1.29231,116.257,-21.54684,4.49745,-0.94827,0.20121,-0.04353,0.00728,-0.00059,2.25116,37.57237,-16.79552,0.94569,-0.06731,-0.03076,0.02217,-0.00577,0.00059,0.13598,-17.96069,-6.18372,2.10614,-0.63075,0.18973,-0.05535,0.01126,-0.00104,,,,,,,,,,,,,,,,,,,,,,,High,High,High,High,High,,,
231,2026-07-21,20:38:46.90,6,1,"Alvarez, Henderson",506693,Right,MIL_MIL1,"Mears, Joshua",687084,Right,LAK_COU10,Undefined,7,Top,1,0,0,Slider,Slider,BallCalled,Undefined,Undefined,Undefined,0,0,,83.23584,-0.266417,-3.544552,2295.205536,140.738611,10:45,6.1489,2.17867,5.56998,-36.17762,3.9526,-2.41382,2.88477,-1.33765,77.88643,-6.847942,-3.973998,0.455939,,,,,,,,,,,,0.44937,2.37764,-1.87127,50,6.10183,7.5863,-120.92273,-1.81522,0.6792,18.98636,-28.58043,MIL_MIL1,LAK_COU10,FranklinField,American Association,AABL,20260721-FranklinField-1,154869c0-856e-11f1-a17b-7db4bab88cfd,82.66984,,,5.34941,,,,,,,d30aaa50-e40a-4800-9d68-81ee7d48104e,2026-07-22,01:38:46.90,2026-07-21T20:38:46.9080000-05:00,2026-07-22T01:38:46.9080000Z,,v3,,,,"Waddell, Chase",1000233818,Right,MIL_MIL1,fa6289d3-8c87-47da-acf2-51f132c4bc2c,54.93087,-121.69448,9.49318,6.15201,-0.6535,-14.29021,-2.17907,7.55869,0.3396,,,,,,,,,,,,,,,,,,,,,,,,,,,,,,,,,,,,,,,,,,,,,,,,,,,High,High,High,,,,,
232,2026-07-21,20:39:03.33,6,2,"Alvarez, Henderson",506693,Right,MIL_MIL1,"Mears, Joshua",687084,Right,LAK_COU10,Undefined,7,Top,1,1,0,Slider,Slider,FoulBallNotFieldable,Undefined,Undefined,Undefined,0,0,,82.40175,-1.056664,-2.732824,2215.882157,106.443599,9:30,6.16781,2.20996,5.32113,-38.88636,2.73315,-5.4,1.93443,-0.80656,76.70848,-8.095682,-3.691177,0.464323,67.40631,64.724439,60.758227,4915.367611,,,,122.23827,53.92752,81.712612,4.678674,2.07213,1.93146,-1.95832,50,6.04356,5.92808,-119.66396,-3.58697,3.03954,20.57348,-29.34084,MIL_MIL1,LAK_COU10,FranklinField,American Association,AABL,20260721-FranklinField-1,1f156a70-856e-11f1-a17b-7db4bab88cfd,81.17726,93.1932,,5.69326,,,,1.72772,2.67501,0.82641,d30aaa50-e40a-4800-9d68-81ee7d48104e,2026-07-22,01:39:03.33,2026-07-21T20:39:03.3380000-05:00,2026-07-22T01:39:03.3380000Z,Popup,v3,,,,"Waddell, Chase",1000233818,Right,MIL_MIL1,7f231d1d-5ca1-48f7-8bf0-a97852855922,55.18014,-120.55128,10.28674,6.17097,-2.32152,-14.67042,-2.21117,5.79699,1.51977,202.901814,1.72018,20.68487,-12.60768,3.45541,0.52367,-0.90632,0.34032,-0.05557,0.0034,2.69312,88.97071,-24.71448,-0.71323,2.87635,-1.56227,0.42009,-0.05696,0.00308,0.83602,36.61627,-2.94935,-1.24089,1.40342,-0.62283,0.14231,-0.01619,0.00073,,,,,,,,,,,,,,,,,,,,,,,High,High,High,Medium,Low,,,
233,2026-07-21,20:39:21.70,6,3,"Alvarez, Henderson",506693,Right,MIL_MIL1,"Mears, Joshua",687084,Right,LAK_COU10,Undefined,7,Top,1,1,1,Slider,Slider,InPlay,Undefined,LineDrive,Single,0,1,,82.64035,-1.248544,-1.978248,2359.747447,120.864295,10:00,6.1012,2.33184,5.28572,-37.05219,3.96662,-4.94449,1.84019,0.06137,77.57763,-7.940495,-2.85611,0.46096,79.31249,20.924487,-15.046027,1222.462423,106.6009,28.33447,-27.13351,216.94809,214.00387,-14.507267,2.807469,2.07886,2.54264,-2.14768,50,5.95973,4.34898,-120.17604,-3.94355,3.10607,18.55867,-28.37504,MIL_MIL1,LAK_COU10,FranklinField,American Association,AABL,20260721-FranklinField-1,2a05b570-856e-11f1-a17b-7db4bab88cfd,81.76952,28.64747,,5.06272,,,,1.53065,1.87196,-0.05927,d30aaa50-e40a-4800-9d68-81ee7d48104e,2026-07-22,01:39:21.70,2026-07-21T20:39:21.7050000-05:00,2026-07-22T01:39:21.7050000Z,LineDrive,v3,,,,"Waddell, Chase",1000233818,Right,MIL_MIL1,afb52733-ceec-4ed1-8497-3e77ef51c8d1,55.21622,-120.9789,9.27933,6.10378,-2.71603,-14.18752,-2.33291,4.21461,1.55303,196.747548,1.53057,104.93239,-16.91403,3.3628,-0.66864,0.12344,-0.01896,0.00125,0.0001,1.87207,41.53791,-17.22651,0.93471,-0.04643,-0.02383,0.0091,-0.00018,-0.00014,-0.05903,-28.2181,6.37854,-2.1347,0.68196,-0.23471,0.06738,-0.01128,0.00077,,,,,,,,,,,,,,,,,,,,,,,High,High,High,High,High,,,
234,2026-07-21,20:40:00.07,7,1,"Alvarez, Henderson",506693,Right,MIL_MIL1,"Garcia, Anthony",678803,Left,LAK_COU10,Undefined,7,Top,1,0,0,Sinker,Sinker,BallCalled,Undefined,Undefined,Undefined,0,0,,88.37445,-0.521437,-2.556357,2036.615665,234.030516,1:45,6.03289,2.5127,5.79708,-24.99273,10.73627,13.31402,3.46467,1.24289,81.19258,-5.170826,-0.172651,0.430211,,,,,,,,,,,,-7.44914,5.94768,-2.31043,50,5.97503,5.16572,-128.34252,-2.0072,-12.49523,25.15043,-22.19739,MIL_MIL1,LAK_COU10,FranklinField,American Association,AABL,20260721-FranklinField-1,40e14d40-856e-11f1-a17b-7db4bab88cfd,87.61377,,,7.18187,,,,,,,d30aaa50-e40a-4800-9d68-81ee7d48104e,2026-07-22,01:40:00.07,2026-07-21T20:40:00.0700000-05:00,2026-07-22T01:40:00.0700000Z,,v3,,,,"Waddell, Chase",1000233818,Right,MIL_MIL1,e2c95556-e6b1-446a-8263-149a6ae7f048,54.70165,-129.26058,12.57521,6.0335,-1.19693,-11.09869,-2.50732,5.62183,-6.24762,,,,,,,,,,,,,,,,,,,,,,,,,,,,,,,,,,,,,,,,,,,,,,,,,,,High,High,High,,,,,
235,2026-07-21,20:40:18.91,7,2,"Alvarez, Henderson",506693,Right,MIL_MIL1,"Garcia, Anthony",678803,Left,LAK_COU10,Undefined,7,Top,1,1,0,Sinker,Sinker,FoulBallNotFieldable,Undefined,Undefined,Undefined,0,0,,88.6152,-1.04101,-3.278756,1991.754653,234.095075,1:45,6.00432,2.35814,5.86109,-25.53793,10.13879,12.43772,2.90736,0.34528,81.06286,-5.797456,-1.051098,0.429896,,,,,,,,,,,,-7.29819,5.81335,-2.09945,50,5.90489,6.84707,-128.55417,-3.18946,-12.21322,26.64716,-22.44562,MIL_MIL1,LAK_COU10,FranklinField,American Association,AABL,20260721-FranklinField-1,4c1a12f0-856e-11f1-a17b-7db4bab88cfd,87.67797,,,7.55234,,,,,,,d30aaa50-e40a-4800-9d68-81ee7d48104e,2026-07-22,01:40:18.91,2026-07-21T20:40:18.9130000-05:00,2026-07-22T01:40:18.9130000Z,,v3,,,,"Waddell, Chase",1000233818,Right,MIL_MIL1,8fba21e0-96ca-4099-acbf-4b4dad1415e6,54.63796,-129.51198,13.32358,6.00503,-2.38267,-11.22281,-2.35344,7.28606,-6.10661,,,,,,,,,,,,,,,,,,,,,,,,,,,,,,,,,,,,,,,,,,,,,,,,,,,High,High,High,,,,,
236,2026-07-21,20:40:41.69,7,3,"Alvarez, Henderson",506693,Right,MIL_MIL1,"Garcia, Anthony",678803,Left,LAK_COU10,Undefined,7,Top,1,1,1,Fastball,Four-Seam,FoulBallNotFieldable,Undefined,Undefined,Undefined,0,0,,88.88234,-1.381826,-2.482777,2075.800844,210.813442,1:00,6.06361,2.20547,5.59805,-23.82623,11.66446,6.34126,2.78655,0.41453,82.01675,-5.789596,-1.351765,0.428774,76.13354,22.470403,-130.851402,3772.397809,,,,,61.85857,,,-3.84441,6.58083,-1.99689,50,5.92964,5.323,-129.05548,-3.94092,-6.5441,24.514,-20.97189,MIL_MIL1,LAK_COU10,FranklinField,American Association,AABL,20260721-FranklinField-1,59b0ece0-856e-11f1-a17b-7db4bab88cfd,87.90745,23.36302,,6.86559,,,,-0.25731,2.924,-0.15674,d30aaa50-e40a-4800-9d68-81ee7d48104e,2026-07-22,01:40:41.69,2026-07-21T20:40:41.6910000-05:00,2026-07-22T01:40:41.6910000Z,,v3,,,,"Waddell, Chase",1000233818,Right,MIL_MIL1,dae0fe24-e9a1-40bc-b837-a2b94e00f693,54.90096,-129.98308,12.257,6.06375,-3.14735,-10.48595,-2.20299,5.57063,-3.27205,,-0.2573,-67.493,2.10076,0.23442,-0.21176,0.30772,-0.5214,0.48874,-0.18443,2.924,42.67803,-17.88655,1.26373,-0.16288,-0.11652,0.29212,-0.28236,0.10715,-0.15675,-78.04972,16.73833,-3.38375,0.77917,-0.42097,0.5814,-0.53134,0.19923,,,,,,,,,,,,,,,,,,,,,,,High,High,High,High,Undefined,,,
237,2026-07-21,20:41:08.12,7,4,"Alvarez, Henderson",506693,Right,MIL_MIL1,"Garcia, Anthony",678803,Left,LAK_COU10,Undefined,7,Top,1,1,2,Fastball,Four-Seam,FoulBallNotFieldable,Undefined,Undefined,Undefined,0,0,,88.81786,-1.416921,-3.01779,2151.715815,202.26564,12:45,6.03103,2.21673,5.82867,-24.16867,11.0789,4.11981,2.69774,-0.24782,82.02772,-5.89918,-2.280491,0.427303,60.37599,34.585843,-137.651267,4938.776109,-87.56619,27.26129,-66.57428,156.41593,66.06184,-145.284458,2.568651,-2.8741,6.33705,-1.97263,50,5.9008,6.62801,-128.95557,-4.00205,-4.88549,24.4468,-21.40217,MIL_MIL1,LAK_COU10,FranklinField,American Association,AABL,20260721-FranklinField-1,6971abb0-856e-11f1-a17b-7db4bab88cfd,88.21011,31.38477,,6.79014,,,,0.42353,2.46027,0.45904,d30aaa50-e40a-4800-9d68-81ee7d48104e,2026-07-22,01:41:08.12,2026-07-21T20:41:08.1260000-05:00,2026-07-22T01:41:08.1260000Z,FlyBall,v3,,,,"Waddell, Chase",1000233818,Right,MIL_MIL1,859d7dc3-cfdb-4f5e-8385-84ddf1a00b8d,54.67083,-129.83803,12.2234,6.03132,-3.22949,-10.70108,-2.21506,6.80436,-2.44274,38.728729,0.42344,-53.87442,-0.22078,0.95477,-0.32525,0.19272,-0.06945,0.01154,-0.00068,2.46037,50.25948,-23.83145,1.92368,-0.12673,-0.13533,0.10097,-0.02774,0.00274,0.4588,-49.09737,5.52261,0.1617,-0.47943,0.46122,-0.19573,0.03853,-0.0029,,,,,,,,,,,,,,,,,,,,,,,High,High,High,High,Low,,,
238,2026-07-21,20:41:30.12,7,5,"Alvarez, Henderson",506693,Right,MIL_MIL1,"Garcia, Anthony",678803,Left,LAK_COU10,Undefined,7,Top,1,1,2,ChangeUp,Changeup,InPlay,Undefined,Popup,Out,1,0,,83.76244,-1.597868,-2.951344,1362.417205,194.662814,12:30,6.14724,2.39035,5.26396,-24.1232,16.79851,4.04705,2.6335,-0.04744,76.56738,-6.074371,-2.23471,0.460414,91.3545,81.293156,17.768463,,,,,,15.25907,,,-2.86819,9.25953,-2.12324,50,5.98347,6.08674,-121.36479,-4.18563,-4.27293,24.01039,-18.37949,MIL_MIL1,LAK_COU10,FranklinField,American Association,AABL,20260721-FranklinField-1,7690e4a0-856e-11f1-a17b-7db4bab88cfd,81.86642,125.51924,,7.19506,,,,1.07901,3.42575,0.06057,d30aaa50-e40a-4800-9d68-81ee7d48104e,2026-07-22,01:41:30.12,2026-07-21T20:41:30.1270000-05:00,2026-07-22T01:41:30.1270000Z,,v3,,,,"Waddell, Chase",1000233818,Right,MIL_MIL1,6dd5898b-2318-478c-8341-7408995a9551,55.23392,-122.39588,12.0052,6.14627,-3.39636,-9.18974,-2.38857,6.27023,-2.13646,177.100573,1.07901,19.31522,-8.99389,2.72502,-0.66861,0.08726,0.09685,-0.09464,0.02838,3.42575,132.44228,-31.583,4.63328,-1.02068,0.22205,-0.05073,0.01155,-0.00197,0.06057,6.18973,-5.22088,1.65309,-0.41439,0.05129,0.06621,-0.06358,0.01903,,,,,,,,,,,,,,,,,,,,,,,High,High,High,Medium,Undefined,,,
239,2026-07-21,20:42:09.08,8,1,"Alvarez, Henderson",506693,Right,MIL_MIL1,"Feliciano, Mario",666128,Right,LAK_COU10,Undefined,7,Top,2,0,0,Fastball,Cutter,StrikeCalled,Undefined,Undefined,Undefined,0,0,,88.20581,-0.940947,-3.198313,2048.90596,214.020921,1:15,6.05345,2.32665,5.79673,-26.95214,8.50052,5.11985,2.93078,-0.22466,82.20264,-5.901197,-2.282705,0.428544,,,,,,,,,,,,-3.33532,4.84807,-2.0666,50,5.95962,6.95213,-128.18291,-3.03502,-5.65779,21.64016,-23.95016,MIL_MIL1,LAK_COU10,FranklinField,American Association,AABL,20260721-FranklinField-1,8dca7af0-856e-11f1-a17b-7db4bab88cfd,87.95458,,,6.00317,,,,,,,d30aaa50-e40a-4800-9d68-81ee7d48104e,2026-07-22,01:42:09.08,2026-07-21T20:42:09.0840000-05:00,2026-07-22T01:42:09.0840000Z,,v3,,,,"Waddell, Chase",1000233818,Right,MIL_MIL1,6d80634a-d515-473a-a543-d5529740a1d4,54.70361,-128.97454,10.82008,6.05463,-2.15888,-11.97508,-2.32471,7.1591,-2.8289,,,,,,,,,,,,,,,,,,,,,,,,,,,,,,,,,,,,,,,,,,,,,,,,,,,High,High,High,,,,,
240,2026-07-21,20:42:28.43,8,2,"Alvarez, Henderson",506693,Right,MIL_MIL1,"Feliciano, Mario",666128,Right,LAK_COU10,Undefined,7,Top,2,0,1,Slider,Slider,StrikeSwinging,Undefined,Undefined,Undefined,0,0,,83.63062,-0.18725,-2.123522,2220.207397,107.533625,9:30,6.12781,2.30198,5.36326,-37.87435,2.26914,-3.84244,2.79591,-0.01036,77.93265,-7.061583,-2.806252,0.456015,,,,,,,,,,,,1.44421,1.50799,-2.10845,50,6.08377,4.66593,-121.56334,-1.76422,2.19571,20.252,-29.88136,MIL_MIL1,LAK_COU10,FranklinField,American Association,AABL,20260721-FranklinField-1,9958b3a0-856e-11f1-a17b-7db4bab88cfd,82.65618,,,5.69798,,,,,,,d30aaa50-e40a-4800-9d68-81ee7d48104e,2026-07-22,01:42:28.43,2026-07-21T20:42:28.4330000-05:00,2026-07-22T01:42:28.4330000Z,,v3,,,,"Waddell, Chase",1000233818,Right,MIL_MIL1,7267f596-2b75-4747-99ca-3c859f8ca166,55.13737,-122.41621,10.126,6.13157,-0.50582,-14.94068,-2.303,4.57346,1.09786,,,,,,,,,,,,,,,,,,,,,,,,,,,,,,,,,,,,,,,,,,,,,,,,,,,High,High,High,,,,,
241,2026-07-21,20:42:47.44,8,3,"Alvarez, Henderson",506693,Right,MIL_MIL1,"Feliciano, Mario",666128,Right,LAK_COU10,Undefined,7,Top,2,0,2,ChangeUp,Changeup,FoulBallNotFieldable,Undefined,Undefined,Undefined,0,0,,84.44184,-0.505582,-3.14346,1456.700361,195.978872,12:30,6.20048,2.22711,5.18782,-28.16687,12.41678,3.16256,3.37688,-0.46956,76.75567,-5.706223,-2.584499,0.458508,83.04941,47.034882,48.797328,4724.933026,56.89498,98.41437,94.14296,230.19549,109.33068,65.51566,5.27004,-2.51532,6.74229,-1.93756,50,6.13254,6.57824,-122.27803,-2.06221,-3.78349,25.57756,-22.03242,MIL_MIL1,LAK_COU10,FranklinField,American Association,AABL,20260721-FranklinField-1,a4aacdb0-856e-11f1-a17b-7db4bab88cfd,82.20672,103.02037,,7.68617,,,,0.13989,3.23462,0.44869,d30aaa50-e40a-4800-9d68-81ee7d48104e,2026-07-22,01:42:47.44,2026-07-21T20:42:47.4420000-05:00,2026-07-22T01:42:47.4420000Z,FlyBall,v3,,,,"Waddell, Chase",1000233818,Right,MIL_MIL1,70d8eb6a-999c-48c9-b8fd-ba60dfdf7f93,55.309,-123.38355,12.78878,6.2011,-1.10992,-11.01621,-2.22542,6.74177,-1.89174,209.161642,0.15437,54.36341,-19.98548,4.20082,0.4721,-0.64028,0.18747,-0.02426,0.00119,3.22069,89.38639,-24.28039,3.02626,-0.90708,0.22929,-0.02749,0.00059,8E-05,0.44812,62.45797,-8.97462,1.3767,0.04008,-0.12129,0.03864,-0.00537,0.00028,,,,,,,,,,,,,,,,,,,,,,,High,High,High,Medium,Low,,,
242,2026-07-21,20:43:11.92,8,4,"Alvarez, Henderson",506693,Right,MIL_MIL1,"Feliciano, Mario",666128,Right,LAK_COU10,Undefined,7,Top,2,0,2,Fastball,Four-Seam,InPlay,Undefined,GroundBall,FieldersChoice,1,0,,88.96337,-1.430635,-2.956578,2117.491306,205.310278,12:45,6.09692,2.03402,5.80622,-22.76765,12.2532,5.33595,2.86712,-0.27328,82.43595,-5.6543,-2.001942,0.425927,83.63567,-40.684282,8.027307,,,,,3.55831,0.43366,12.295001,0.034359,-3.44729,6.91217,-1.79455,50,5.96569,6.45329,-129.22197,-3.98979,-5.90876,23.47113,-20.32627,MIL_MIL1,LAK_COU10,FranklinField,American Association,AABL,20260721-FranklinField-1,b3397520-856e-11f1-a17b-7db4bab88cfd,88.49513,2.75521,,6.52742,,,,0.30309,2.75521,0.31016,d30aaa50-e40a-4800-9d68-81ee7d48104e,2026-07-22,01:43:11.92,2026-07-21T20:43:11.9270000-05:00,2026-07-22T01:43:11.9270000Z,GroundBall,v3,,,,"Waddell, Chase",1000233818,Right,MIL_MIL1,1887973c-a26c-41eb-8920-a079abd7703b,54.69373,-130.07172,11.73556,6.09682,-3.2539,-10.16314,-2.03206,6.66721,-2.95438,,0.30166,92.36653,,,,,,,,2.75646,-80.1894,,,,,,,,0.30996,13.02616,,,,,,,,,,,,,,,,,,,,,,,,,,,,,,High,High,High,Estimated,Estimated,,,
243,2026-07-21,20:46:00.16,1,1,"Campbell, Jacob",680775,Right,LAK_COU10,"Janas, Justin",805332,Left,MIL_MIL1,Undefined,7,Bottom,0,0,0,Fastball,Four-Seam,InPlay,Undefined,FlyBall,Out,1,0,,90.07143,-1.809113,-3.275989,2162.953257,206.275715,1:00,5.32557,1.88047,6.39564,-16.12899,17.49647,8.14347,2.31441,-0.45707,82.8695,-4.890842,-1.803902,0.417355,77.42221,48.268667,-24.644086,,90.85411,92.54892,-62.01223,209.61934,158.82578,-39.981856,5.01286,-5.13567,9.94127,-1.64891,50,5.18794,7.17458,-130.81268,-4.57326,-8.9581,25.87577,-14.83363,MIL_MIL1,LAK_COU10,FranklinField,American Association,AABL,20260721-FranklinField-1,177e6720-856f-11f1-a17b-7db4bab88cfd,90.31267,93.58674,,7.20193,,,,2.0365,2.54447,0.40963,d30aaa50-e40a-4800-9d68-81ee7d48104e,2026-07-22,01:46:00.16,2026-07-21T20:46:00.1610000-05:00,2026-07-22T01:46:00.1610000Z,FlyBall,v3,,,,"Feliciano, Mario",666128,Right,LAK_COU10,bd39a323-8cc2-4fdf-a901-663c8a919f4e,54.10445,-131.62207,12.93789,5.32373,-4.10927,-7.41682,-1.87771,7.45479,-4.47905,151.158389,2.04727,68.44136,-19.2321,3.621,0.69808,-0.74016,0.22026,-0.02969,0.00153,2.53322,84.95682,-23.86867,2.99425,-0.92899,0.2409,-0.0286,0.00028,0.00012,0.41505,-31.63317,-0.18316,0.37149,0.24345,-0.19611,0.0542,-0.00681,0.00032,,,,,,,,,,,,,,,,,,,,,,,High,High,High,High,Medium,,,
244,2026-07-21,20:46:39.37,2,1,"Campbell, Jacob",680775,Right,LAK_COU10,"Doersching, Griffin",701864,Right,MIL_MIL1,Undefined,7,Bottom,1,0,0,Fastball,Four-Seam,StrikeCalled,Undefined,Undefined,Undefined,0,0,,91.70357,-2.104678,-2.756366,2182.733143,210.331859,1:00,5.46283,1.55263,6.35805,-15.01253,17.46777,9.65079,2.27165,-0.18188,84.33563,-4.978088,-1.011403,0.410187,,,,,,,,,,,,-5.73067,9.9456,-1.35713,50,5.30285,6.01957,-133.18861,-5.30152,-10.36469,26.76398,-14.18611,MIL_MIL1,LAK_COU10,FranklinField,American Association,AABL,20260721-FranklinField-1,2ee241c0-856f-11f1-a17b-7db4bab88cfd,91.89097,,,7.36793,,,,,,,d30aaa50-e40a-4800-9d68-81ee7d48104e,2026-07-22,01:46:39.37,2026-07-21T20:46:39.3770000-05:00,2026-07-22T01:46:39.3770000Z,,v3,,,,"Feliciano, Mario",666128,Right,LAK_COU10,536f2334-8e19-457f-a4ef-ebd7c9cc0548,54.14057,-134.01806,13.38199,5.46034,-4.86187,-7.09305,-1.54866,6.34079,-5.18235,,,,,,,,,,,,,,,,,,,,,,,,,,,,,,,,,,,,,,,,,,,,,,,,,,,High,High,High,,,,,
245,2026-07-21,20:46:56.53,2,2,"Campbell, Jacob",680775,Right,LAK_COU10,"Doersching, Griffin",701864,Right,MIL_MIL1,Undefined,7,Bottom,1,0,1,Fastball,Four-Seam,StrikeSwinging,Undefined,Undefined,Undefined,0,0,,92.59946,-2.347875,-2.951659,2271.798426,212.491621,1:00,5.4372,1.53009,6.24614,-14.6456,17.23343,10.39091,2.04722,-0.3287,85.49937,-5.137755,-1.077318,0.406372,,,,,,,,,,,,-6.14705,9.83142,-1.31551,50,5.2549,6.51197,-134.49778,-5.93525,-11.38454,26.15051,-13.96592,MIL_MIL1,LAK_COU10,FranklinField,American Association,AABL,20260721-FranklinField-1,3917a130-856f-11f1-a17b-7db4bab88cfd,92.75351,,,7.10009,,,,,,,d30aaa50-e40a-4800-9d68-81ee7d48104e,2026-07-22,01:46:56.53,2026-07-21T20:46:56.5310000-05:00,2026-07-22T01:46:56.5310000Z,,v3,,,,"Feliciano, Mario",666128,Right,LAK_COU10,2ac97fdd-6e56-4cc4-be0a-44d586ebfc5b,54.25405,-135.32237,13.07525,5.43511,-5.49487,-6.98296,-1.52651,6.87095,-5.69227,,,,,,,,,,,,,,,,,,,,,,,,,,,,,,,,,,,,,,,,,,,,,,,,,,,High,High,High,,,,,
246,2026-07-21,20:47:15.63,2,3,"Campbell, Jacob",680775,Right,LAK_COU10,"Doersching, Griffin",701864,Right,MIL_MIL1,Undefined,7,Bottom,1,0,2,Fastball,Four-Seam,InPlay,Undefined,FlyBall,Out,1,0,,94.01498,-1.443423,-3.363547,2396.967221,198.172485,12:30,5.30048,1.77786,6.35343,-14.17477,16.90832,5.23095,2.78812,-0.88566,85.97247,-4.169681,-2.419178,0.401267,86.9903,39.132,19.717461,4845.032971,98.64729,81.85674,48.66924,267.56604,165.87681,33.270356,5.244902,-3.66575,9.52052,-1.53619,50,5.18885,7.80526,-136.46129,-3.82993,-6.91815,29.78873,-14.20647,MIL_MIL1,LAK_COU10,FranklinField,American Association,AABL,20260721-FranklinField-1,4478af60-856f-11f1-a17b-7db4bab88cfd,93.93355,95.01246,,8.04252,,,,0.92935,2.8968,0.90295,d30aaa50-e40a-4800-9d68-81ee7d48104e,2026-07-22,01:47:15.63,2026-07-21T20:47:15.6350000-05:00,2026-07-22T01:47:15.6350000Z,FlyBall,v3,,,,"Feliciano, Mario",666128,Right,LAK_COU10,a1b60c1b-323f-4dec-a2ce-74f879a238a7,54.14549,-137.36324,14.89437,5.2983,-3.39978,-7.10324,-1.77569,8.01473,-3.45907,206.575603,0.93659,93.00964,-25.56013,6.12207,-0.71382,-0.10983,0.05644,-0.00797,0.00039,2.89169,80.61087,-19.82107,1.01986,0.00168,-0.0521,0.02286,-0.00401,0.00024,0.90162,33.41828,0.10874,-0.91592,0.28533,-0.04301,0.0026,5E-05,-1E-05,,,,,,,,,,,,,,,,,,,,,,,High,High,High,Medium,Low,,,
247,2026-07-21,20:47:52.85,3,1,"Campbell, Jacob",680775,Right,LAK_COU10,"Marion, Charlie",1000571871,Left,MIL_MIL1,Undefined,7,Bottom,2,0,0,Fastball,Four-Seam,StrikeCalled,Undefined,Undefined,Undefined,0,0,,93.03452,-1.557784,-2.404463,2312.824292,214.152733,1:15,5.46399,1.61969,6.39014,-13.12288,18.43871,11.85363,2.93598,0.39462,85.27345,-4.096773,-0.259055,0.404344,,,,,,,,,,,,-6.80044,10.31804,-1.45186,50,5.3455,5.1847,-135.17744,-4.00669,-12.63448,28.33809,-13.00427,MIL_MIL1,LAK_COU10,FranklinField,American Association,AABL,20260721-FranklinField-1,5aacbc90-856f-11f1-a17b-7db4bab88cfd,93.21878,,,7.76107,,,,,,,d30aaa50-e40a-4800-9d68-81ee7d48104e,2026-07-22,01:47:52.85,2026-07-21T20:47:52.8520000-05:00,2026-07-22T01:47:52.8520000Z,,v3,,,,"Feliciano, Mario",666128,Right,LAK_COU10,8dec55ab-cc92-4aae-9031-3899d5155cd7,54.10823,-136.03595,14.16905,5.46091,-3.61272,-6.50213,-1.61472,5.56746,-6.31724,,,,,,,,,,,,,,,,,,,,,,,,,,,,,,,,,,,,,,,,,,,,,,,,,,,High,High,High,,,,,
248,2026-07-21,20:48:09.95,3,2,"Campbell, Jacob",680775,Right,LAK_COU10,"Marion, Charlie",1000571871,Left,MIL_MIL1,Undefined,7,Bottom,2,0,1,Fastball,Four-Seam,BallCalled,Undefined,Undefined,Undefined,0,0,,94.12383,-1.825275,-1.082917,2375.80039,208.587748,1:00,5.43106,1.64355,6.3395,-11.65875,19.34883,10.00469,2.77817,1.48016,85.92427,-4.100816,0.727759,0.40078,,,,,,,,,,,,-5.46831,10.84894,-1.56899,50,5.29224,2.15458,-136.74799,-4.62741,-10.34861,30.31833,-11.64274,MIL_MIL1,LAK_COU10,FranklinField,American Association,AABL,20260721-FranklinField-1,64dd8820-856f-11f1-a17b-7db4bab88cfd,94.04781,,,8.19956,,,,,,,d30aaa50-e40a-4800-9d68-81ee7d48104e,2026-07-22,01:48:09.95,2026-07-21T20:48:09.9580000-05:00,2026-07-22T01:48:09.9580000Z,,v3,,,,"Feliciano, Mario",666128,Right,LAK_COU10,168e4823-2f24-4aa2-8306-466b7c915b6b,54.15738,-137.66663,15.15916,5.42711,-4.27464,-5.82137,-1.63903,2.46814,-5.17431,,,,,,,,,,,,,,,,,,,,,,,,,,,,,,,,,,,,,,,,,,,,,,,,,,,High,High,High,,,,,
249,2026-07-21,20:48:29.44,3,3,"Campbell, Jacob",680775,Right,LAK_COU10,"Marion, Charlie",1000571871,Left,MIL_MIL1,Undefined,7,Bottom,2,1,1,Fastball,Four-Seam,BallCalled,Undefined,Undefined,Undefined,0,0,,91.85537,-0.070229,-2.236909,2164.537841,211.661766,1:00,5.43681,1.49217,6.27387,-15.69099,16.75564,9.73945,4.06444,0.24074,84.25779,-3.073213,-0.478029,0.409974,,,,,,,,,,,,-5.62524,9.01008,-1.33129,50,5.42369,4.81063,-133.51542,-0.59734,-10.2132,27.18153,-15.81534,MIL_MIL1,LAK_COU10,FranklinField,American Association,AABL,20260721-FranklinField-1,707d9b20-856f-11f1-a17b-7db4bab88cfd,91.93863,,,7.59757,,,,,,,d30aaa50-e40a-4800-9d68-81ee7d48104e,2026-07-22,01:48:29.44,2026-07-21T20:48:29.4480000-05:00,2026-07-22T01:48:29.4480000Z,,v3,,,,"Feliciano, Mario",666128,Right,LAK_COU10,6d569255-0650-419b-aea7-09d8a75b9d9d,54.22432,-134.37267,13.59076,5.43466,-0.09856,-7.90767,-1.48808,5.13274,-5.1066,,,,,,,,,,,,,,,,,,,,,,,,,,,,,,,,,,,,,,,,,,,,,,,,,,,High,High,High,,,,,
250,2026-07-21,20:48:48.91,3,4,"Campbell, Jacob",680775,Right,LAK_COU10,"Marion, Charlie",1000571871,Left,MIL_MIL1,Undefined,7,Bottom,2,2,1,Fastball,Four-Seam,FoulBallNotFieldable,Undefined,Undefined,Undefined,0,0,,92.05677,-1.258095,-2.5678,2271.802191,206.370101,1:00,5.37479,1.69363,6.23525,-14.07268,18.45107,8.64052,3.04014,0.04333,84.13585,-3.971453,-1.009126,0.410461,73.2214,26.079026,-171.629617,2578.645159,-108.81583,25.17311,-16.09501,182.21426,62.15572,-171.770109,2.204152,-5.21323,10.24764,-1.50634,50,5.27383,5.64223,-133.70139,-3.31425,-9.44268,28.65335,-13.61256,MIL_MIL1,LAK_COU10,FranklinField,American Association,AABL,20260721-FranklinField-1,7c171e70-856f-11f1-a17b-7db4bab88cfd,91.82958,26.2074,,7.92092,,,,1.35161,3.16048,-0.06625,d30aaa50-e40a-4800-9d68-81ee7d48104e,2026-07-22,01:48:48.91,2026-07-21T20:48:48.9180000-05:00,2026-07-22T01:48:48.9180000Z,FlyBall,v3,,,,"Feliciano, Mario",666128,Right,LAK_COU10,dd26f004-1bb6-4bf3-b974-d50ac74dfc86,54.26376,-134.61205,14.32667,5.37229,-2.88161,-6.80628,-1.69043,5.94234,-4.72134,0.517637,1.35163,-95.43056,5.93705,-0.05965,-0.03179,0.05388,-0.03188,0.01298,-0.00221,3.16047,47.21077,-26.67804,3.03796,-0.66441,0.16399,-0.04319,0.01041,-0.0012,-0.06624,-14.04157,0.94027,0.0399,-0.01689,0.01377,-0.00729,0.00285,-0.00048,,,,,,,,,,,,,,,,,,,,,,,High,High,High,High,Low,,,
251,2026-07-21,20:49:10.87,3,5,"Campbell, Jacob",680775,Right,LAK_COU10,"Marion, Charlie",1000571871,Left,MIL_MIL1,Undefined,7,Bottom,2,2,2,Fastball,Four-Seam,StrikeSwinging,Strikeout,Undefined,Undefined,0,0,,91.92333,-0.41847,-2.717118,2215.73741,211.036008,1:00,5.4214,1.98509,6.37143,-14.87308,17.46859,9.92292,3.7965,0.31009,84.21534,-3.279899,-0.922825,0.40931,,,,,,,,,,,,-5.88721,9.51465,-1.79317,50,5.38393,5.93431,-133.57243,-1.3687,-10.68116,27.62905,-14.91156,MIL_MIL1,LAK_COU10,FranklinField,American Association,AABL,20260721-FranklinField-1,892f2b70-856f-11f1-a17b-7db4bab88cfd,92.08769,,,7.70799,,,,,,,d30aaa50-e40a-4800-9d68-81ee7d48104e,2026-07-22,01:49:10.87,2026-07-21T20:49:10.8740000-05:00,2026-07-22T01:49:10.8740000Z,,v3,,,,"Feliciano, Mario",666128,Right,LAK_COU10,1c6112d0-229b-4947-a6d5-11353ab9ff4e,54.12703,-134.42338,13.81452,5.41902,-0.90944,-7.45578,-1.98101,6.26328,-5.34058,,,,,,,,,,,,,,,,,,,,,,,,,,,,,53.38389,,,1.290186,,,,-5.03249,6.65726,3.22919,58.66754,7.47351,66.29391,-4.94867,54.44102,-3.97262,6.72799,19.24352,-14.46015,3.26336,51.47996,-2.03302,High,High,High,,,High,High,High
252,2026-07-21,20:51:49.92,1,1,"Sheetz, Micky",1000304428,Left,MIL_MIL1,"Zimmermann, Peter",1000408665,Right,LAK_COU10,Undefined,8,Top,0,0,0,Fastball,Sinker,BallCalled,Undefined,Undefined,Undefined,0,0,,88.28332,0.472381,-0.60742,2337.423764,134.363505,10:30,5.14973,-1.79678,5.88515,-22.05237,13.86363,-13.00745,3.75072,-3.44481,80.46975,-3.680412,-2.940569,0.431336,,,,,,,,,,,,6.33174,7.28827,1.85224,50,5.17509,1.94158,-128.16963,0.36762,10.51411,26.92362,-20.07157,MIL_MIL1,LAK_COU10,FranklinField,American Association,AABL,20260721-FranklinField-1,e8056dd0-856f-11f1-a17b-7db4bab88cfd,87.38539,,,7.81357,,,,,,,d30aaa50-e40a-4800-9d68-81ee7d48104e,2026-07-22,01:51:49.92,2026-07-21T20:51:49.9270000-05:00,2026-07-22T01:51:49.9270000Z,,v3,,,,"Waddell, Chase",1000233818,Right,MIL_MIL1,4b6c4db2-6b7f-4070-b43c-d46ac5b9a695,54.60816,-129.134,13.46181,5.14905,1.08656,-10.03579,1.78944,1.56497,5.25706,,,,,,,,,,,,,,,,,,,,,,,,,,,,,,,,,,,,,,,,,,,,,,,,,,,High,High,High,,,,,
253,2026-07-21,20:52:04.42,1,2,"Sheetz, Micky",1000304428,Left,MIL_MIL1,"Zimmermann, Peter",1000408665,Right,LAK_COU10,Undefined,8,Top,0,1,0,Fastball,Sinker,InPlay,Undefined,FlyBall,Out,1,0,,87.72608,-1.287254,3.032104,2302.728811,133.812246,10:30,5.19608,-1.66004,6.11999,-23.0243,13.03076,-12.37949,2.08546,0.11411,80.20343,-5.618703,0.803585,0.43217,103.16293,36.389777,-19.509294,3242.607378,102.85446,83.78001,-38.99797,347.54153,187.22064,-23.657706,6.159585,7.27851,7.44201,1.43421,50,5.08533,-6.25353,-127.32576,-3.56601,11.93742,26.36922,-19.96844,MIL_MIL1,LAK_COU10,FranklinField,American Association,AABL,20260721-FranklinField-1,f0ac8c20-856f-11f1-a17b-7db4bab88cfd,87.21673,128.43922,,7.52265,,,,1.48163,2.12141,-0.12433,d30aaa50-e40a-4800-9d68-81ee7d48104e,2026-07-22,01:52:04.42,2026-07-21T20:52:04.4250000-05:00,2026-07-22T01:52:04.4250000Z,FlyBall,v3,,,,"Waddell, Chase",1000233818,Right,MIL_MIL1,35ab8b27-af22-44ea-8a0b-dccc927dd005,54.37911,-128.22946,13.18461,5.19582,-2.88167,-9.98422,1.65553,-6.66264,5.96871,172.240995,1.48851,114.69989,-30.69965,7.81909,-1.40028,0.16195,-0.0103,0.00028,0,2.11972,89.76656,-16.39066,-0.48804,0.48841,-0.15548,0.02992,-0.00312,0.00013,-0.12674,-40.63773,7.61761,-1.6004,0.21727,-0.01253,-0.00075,0.00013,0,,,,,,,,,,,,,,,,,,,,,,,High,High,High,Medium,Low,,,
254,2026-07-21,20:52:37.92,2,1,"Sheetz, Micky",1000304428,Left,MIL_MIL1,"Fuecker, Cole",1000116013,Right,LAK_COU10,Undefined,8,Top,1,0,0,Fastball,Four-Seam,StrikeCalled,Undefined,Undefined,Undefined,0,0,,88.71582,-1.278925,1.974938,2304.603599,141.747472,10:45,5.21224,-1.48998,6.03633,-22.26682,12.78489,-9.26623,2.17155,-0.43274,81.73809,-5.447259,0.307642,0.426114,,,,,,,,,,,,5.28402,7.23662,1.34082,50,5.10025,-4.06826,-128.92828,-3.58115,8.96071,24.92364,-19.90205,MIL_MIL1,LAK_COU10,FranklinField,American Association,AABL,20260721-FranklinField-1,049a04b0-8570-11f1-a17b-7db4bab88cfd,88.45621,,,6.97774,,,,,,,d30aaa50-e40a-4800-9d68-81ee7d48104e,2026-07-22,01:52:37.92,2026-07-21T20:52:37.9270000-05:00,2026-07-22T01:52:37.9270000Z,,v3,,,,"Waddell, Chase",1000233818,Right,MIL_MIL1,0d2fc564-6ee5-42c3-a72e-1acb9aa97a58,54.46267,-129.78811,12.46182,5.21195,-2.89456,-9.95102,1.4865,-4.37739,4.48035,,,,,,,,,,,,,,,,,,,,,,,,,,,,,,,,,,,,,,,,,,,,,,,,,,,High,High,High,,,,,
255,2026-07-21,20:52:50.32,2,2,"Sheetz, Micky",1000304428,Left,MIL_MIL1,"Fuecker, Cole",1000116013,Right,LAK_COU10,Undefined,8,Top,1,0,1,ChangeUp,Changeup,BallCalled,Undefined,Undefined,Undefined,0,0,,82.44078,0.381199,1.502304,1334.7502,97.337823,9:15,5.05213,-1.77391,5.58839,-38.66786,2.87256,-12.24595,2.18589,-1.39128,75.59675,-6.719024,-0.684786,0.463881,,,,,,,,,,,,6.6165,1.74236,1.6531,50,5.05967,-2.64371,-119.72443,-0.52923,9.60393,23.1057,-29.64499,MIL_MIL1,LAK_COU10,FranklinField,American Association,AABL,20260721-FranklinField-1,0c03c100-8570-11f1-a17b-7db4bab88cfd,81.25452,,,6.84403,,,,,,,d30aaa50-e40a-4800-9d68-81ee7d48104e,2026-07-22,01:52:50.32,2026-07-21T20:52:50.3240000-05:00,2026-07-22T01:52:50.3240000Z,,v3,,,,"Waddell, Chase",1000233818,Right,MIL_MIL1,a7e0a521-d836-4429-a417-495639ba7f54,54.91065,-120.66842,11.55285,5.05655,0.68192,-14.82249,1.76912,-3.03608,4.80197,,,,,,,,,,,,,,,,,,,,,,,,,,,,,,,,,,,,,,,,,,,,,,,,,,,High,High,High,,,,,
256,2026-07-21,20:53:03.05,2,3,"Sheetz, Micky",1000304428,Left,MIL_MIL1,"Fuecker, Cole",1000116013,Right,LAK_COU10,Undefined,8,Top,1,1,1,Fastball,Four-Seam,BallCalled,Undefined,Undefined,Undefined,0,0,,87.84913,-2.015466,3.565511,2404.587621,143.023161,10:45,5.12898,-1.57219,6.07683,-26.62139,9.39563,-6.22496,1.04134,1.21231,80.65562,-6.966692,2.446632,0.431942,,,,,,,,,,,,4.23437,5.73189,1.29962,50,4.95854,-7.69601,-127.41227,-5.3429,6.96492,26.02752,-22.74592,MIL_MIL1,LAK_COU10,FranklinField,American Association,AABL,20260721-FranklinField-1,138fd260-8570-11f1-a17b-7db4bab88cfd,87.26274,,,7.19352,,,,,,,d30aaa50-e40a-4800-9d68-81ee7d48104e,2026-07-22,01:53:03.05,2026-07-21T20:53:03.0520000-05:00,2026-07-22T01:53:03.0520000Z,,v3,,,,"Waddell, Chase",1000233818,Right,MIL_MIL1,c166e45b-6474-4755-a61d-f7c47e5d551c,54.42314,-128.31265,13.01376,5.12975,-4.55605,-11.37296,1.57001,-7.93695,3.48246,,,,,,,,,,,,,,,,,,,,,,,,,,,,,,,,,,,,,,,,,,,,,,,,,,,High,High,High,,,,,
257,2026-07-21,20:53:18.73,2,4,"Sheetz, Micky",1000304428,Left,MIL_MIL1,"Fuecker, Cole",1000116013,Right,LAK_COU10,Undefined,8,Top,1,2,1,Fastball,Sinker,InPlay,Undefined,GroundBall,Single,0,0,,87.29634,-1.024948,2.53327,2301.838225,135.792665,10:30,5.06791,-1.59947,6.24214,-26.18812,9.77603,-8.4752,1.93917,0.03238,80.43064,-5.919023,1.002949,0.431625,80.94362,-33.231203,-65.461214,,,,,3.92542,3.92542,-44.348982,0.029983,5.10118,5.66296,1.41506,50,4.97845,-5.29104,-126.87822,-3.07906,8.36445,24.52725,-22.88847,MIL_MIL1,LAK_COU10,FranklinField,American Association,AABL,20260721-FranklinField-1,1cee59d0-8570-11f1-a17b-7db4bab88cfd,87.32688,1.95482,,6.8657,,,,1.56787,1.95482,-0.02972,d30aaa50-e40a-4800-9d68-81ee7d48104e,2026-07-22,01:53:18.73,2026-07-21T20:53:18.7340000-05:00,2026-07-22T01:53:18.7340000Z,GroundBall,v3,,,,"Waddell, Chase",1000233818,Right,MIL_MIL1,656697e1-4b53-4220-821e-19c0968a9b9a,54.25811,-127.69871,12.26363,5.06865,-2.31338,-11.44424,1.59674,-5.57085,4.18222,,1.56745,41.32874,,,,,,,,1.95549,-65.19703,,,,,,,,-0.0288,-90.52519,,,,,,,,,,,,,,,,,,,,,,,,,,,,,,High,High,High,Estimated,Estimated,,,
258,2026-07-21,20:53:55.71,3,1,"Sheetz, Micky",1000304428,Left,MIL_MIL1,"Snider, Jake",686744,Left,LAK_COU10,Undefined,8,Top,1,0,0,Fastball,Four-Seam,FoulBallNotFieldable,Undefined,Undefined,Undefined,0,0,,87.53247,-0.767527,3.241305,2177.538438,143.65165,10:45,5.09983,-1.50955,6.29949,-22.11926,13.7102,-9.28189,2.54821,0.70656,80.28335,-4.944247,1.56604,0.430816,71.95577,26.211146,-148.919672,4911.21436,-97.65556,27.93252,-50.62948,191.642,61.55989,-155.708012,2.467696,5.7252,7.67768,1.27573,50,5.03261,-6.8424,-127.11539,-2.34923,9.39719,25.28407,-19.57207,MIL_MIL1,LAK_COU10,FranklinField,American Association,AABL,20260721-FranklinField-1,32f6ea30-8570-11f1-a17b-7db4bab88cfd,87.49083,28.24338,,7.24912,,,,1.2221,2.18955,-0.48454,d30aaa50-e40a-4800-9d68-81ee7d48104e,2026-07-22,01:53:55.71,2026-07-21T20:53:55.7140000-05:00,2026-07-22T01:53:55.7140000Z,LineDrive,v3,,,,"Waddell, Chase",1000233818,Right,MIL_MIL1,355f8019-3c52-4e65-b80a-c0e5c8e942b4,54.19983,-127.94804,12.64204,5.09937,-1.70469,-9.78604,1.50615,-7.15186,4.6986,58.578406,1.22215,-81.09368,3.88624,0.02068,0.04322,-0.07588,0.04425,-0.0095,0.00064,2.18955,46.61267,-22.90223,2.22426,-0.45321,0.08956,-0.01935,0.00465,-0.00057,-0.48448,-48.88237,9.87595,-2.00059,0.56235,-0.19715,0.07297,-0.016,0.00132,,,,,,,,,,,,,,,,,,,,,,,High,High,High,High,Low,,,
259,2026-07-21,20:54:11.66,3,2,"Sheetz, Micky",1000304428,Left,MIL_MIL1,"Snider, Jake",686744,Left,LAK_COU10,Undefined,8,Top,1,0,1,Cutter,Slider,FoulBallNotFieldable,Undefined,Undefined,Undefined,0,0,,85.69094,-0.744417,2.48944,2426.892629,148.889651,11:00,5.01914,-1.54375,6.26406,-27.43167,9.57815,-5.17548,2.04614,0.32161,79.55431,-5.853256,1.55471,0.437855,88.71783,31.466694,-41.423252,5644.442823,73.3804,58.95415,-81.94675,273.80783,133.49712,-59.223852,4.536721,3.30264,5.46827,1.36186,50,4.95032,-5.22718,-124.64149,-2.45516,5.26894,21.73419,-23.45013,MIL_MIL1,LAK_COU10,FranklinField,American Association,AABL,20260721-FranklinField-1,3c79c280-8570-11f1-a17b-7db4bab88cfd,86.08436,68.92988,,6.13663,,,,1.21715,2.12789,-0.26696,d30aaa50-e40a-4800-9d68-81ee7d48104e,2026-07-22,01:54:11.66,2026-07-21T20:54:11.6620000-05:00,2026-07-22T01:54:11.6620000Z,FlyBall,v3,,,,"Waddell, Chase",1000233818,Right,MIL_MIL1,aa7460e1-4334-4bee-91b8-44464b22da9e,54.23654,-125.37806,10.8671,5.02006,-1.66045,-11.72507,1.54203,-5.40574,2.63447,,1.21683,83.23375,-27.93447,8.12569,-2.21976,0.58831,-0.13259,0.01887,-0.00114,2.13033,67.86226,-18.66453,0.0652,0.79941,-0.40627,0.10991,-0.01488,0.00078,-0.26809,-73.40617,6.75273,0.04189,-0.40798,0.14852,-0.02632,0.00186,-1E-05,,,,,,,,,,,,,,,,,,,,,,,High,High,High,Medium,Low,,,
260,2026-07-21,20:54:31.73,3,3,"Sheetz, Micky",1000304428,Left,MIL_MIL1,"Snider, Jake",686744,Left,LAK_COU10,Undefined,8,Top,1,0,2,Cutter,Slider,BallCalled,Undefined,Undefined,Undefined,0,0,,84.52711,-0.789114,4.529816,2382.546,151.492816,11:00,4.8384,-1.50079,6.17338,-30.04076,8.39918,-3.97685,1.60388,2.36011,78.30665,-6.356741,3.815653,0.446234,,,,,,,,,,,,3.16898,4.88902,1.15948,50,4.76313,-9.56346,-122.6159,-2.62237,4.88126,21.57158,-24.64331,MIL_MIL1,LAK_COU10,FranklinField,American Association,AABL,20260721-FranklinField-1,487c40d0-8570-11f1-a17b-7db4bab88cfd,84.46784,,,6.22046,,,,,,,d30aaa50-e40a-4800-9d68-81ee7d48104e,2026-07-22,01:54:31.73,2026-07-21T20:54:31.7360000-05:00,2026-07-22T01:54:31.7360000Z,,v3,,,,"Waddell, Chase",1000233818,Right,MIL_MIL1,adc47633-ae6f-40fa-b449-1d6ebd978ad9,54.32584,-123.37458,10.78579,4.84012,-1.75565,-12.32166,1.49886,-9.73513,2.44063,,,,,,,,,,,,,,,,,,,,,,,,,,,,,,,,,,,,,,,,,,,,,,,,,,,High,High,High,,,,,
261,2026-07-21,20:54:45.44,3,4,"Sheetz, Micky",1000304428,Left,MIL_MIL1,"Snider, Jake",686744,Left,LAK_COU10,Undefined,8,Top,1,1,2,Fastball,Four-Seam,BallCalled,Undefined,Undefined,Undefined,0,0,,87.67995,-1.84826,2.962006,2258.21851,140.07287,10:45,4.99508,-1.43244,6.31729,-24.04474,11.62162,-8.8178,1.28615,0.56333,80.65752,-6.358699,1.36841,0.429834,,,,,,,,,,,,5.40847,6.87796,1.21986,50,4.84813,-6.25179,-127.32683,-4.83334,8.914,25.1723,-20.83806,MIL_MIL1,LAK_COU10,FranklinField,American Association,AABL,20260721-FranklinField-1,509aa720-8570-11f1-a17b-7db4bab88cfd,87.69065,,,7.02243,,,,,,,d30aaa50-e40a-4800-9d68-81ee7d48104e,2026-07-22,01:54:45.44,2026-07-21T20:54:45.4460000-05:00,2026-07-22T01:54:45.4460000Z,,v3,,,,"Waddell, Chase",1000233818,Right,MIL_MIL1,5f7a7c66-ab25-4a26-af14-074b77ff7c70,54.18232,-128.151,12.58615,4.99521,-4.15108,-10.41903,1.42932,-6.54365,4.457,,,,,,,,,,,,,,,,,,,,,,,,,,,,,,,,,,,,,,,,,,,,,,,,,,,High,High,High,,,,,
262,2026-07-21,20:55:04.13,3,5,"Sheetz, Micky",1000304428,Left,MIL_MIL1,"Snider, Jake",686744,Left,LAK_COU10,Undefined,8,Top,1,2,2,Cutter,Cutter,InPlay,Undefined,FlyBall,Out,1,0,,85.17895,-0.303141,3.525279,2364.345829,150.688279,11:00,4.91393,-1.6221,6.16406,-27.71147,10.05221,-5.05158,2.32409,1.21743,78.80675,-5.462516,2.616416,0.442291,82.10757,26.569745,-30.992193,4653.772967,87.7217,43.24916,-66.36939,245.33231,177.01202,-45.895584,3.807656,3.50772,5.59985,1.35725,50,4.87651,-7.43497,-123.74318,-1.50414,5.50032,22.0793,-23.39321,MIL_MIL1,LAK_COU10,FranklinField,American Association,AABL,20260721-FranklinField-1,5bbeac50-8570-11f1-a17b-7db4bab88cfd,85.22081,47.10469,,6.37221,,,,1.33865,2.2353,-1.11339,d30aaa50-e40a-4800-9d68-81ee7d48104e,2026-07-22,01:55:04.13,2026-07-21T20:55:04.1350000-05:00,2026-07-22T01:55:04.1350000Z,LineDrive,v3,,,,"Waddell, Chase",1000233818,Right,MIL_MIL1,8354284d-fbdc-48d0-a589-8bb958678b5e,54.33648,-124.51453,11.03965,4.91478,-0.68689,-11.6966,1.62035,-7.62712,2.75016,131.057884,1.34711,92.08804,-21.76098,2.52057,1.98126,-1.68442,0.59543,-0.10467,0.0074,2.23341,53.92008,-18.36528,1.91114,-0.85152,0.48297,-0.16634,0.03099,-0.00242,-1.1082,-55.6167,1.53654,-0.4577,1.72674,-1.3274,0.49348,-0.09244,0.00697,,,,,,,,,,,,,,,,,,,,,,,High,High,High,High,Medium,,,
263,2026-07-21,20:55:37.00,4,1,"Sheetz, Micky",1000304428,Left,MIL_MIL1,"Roberts, Brett",689355,Right,LAK_COU10,Undefined,8,Top,2,0,0,Fastball,Four-Seam,BallCalled,Undefined,Undefined,Undefined,0,0,,88.59131,-1.932855,3.593952,2246.603538,142.512936,10:45,5.02353,-1.58691,6.32457,-21.97399,13.20036,-9.25008,1.40818,0.95635,80.96555,-6.081583,1.92403,0.426859,,,,,,,,,,,,5.86815,7.76981,1.32862,50,4.87161,-7.71212,-128.49384,-4.98887,9.78915,27.17405,-19.21261,MIL_MIL1,LAK_COU10,FranklinField,American Association,AABL,20260721-FranklinField-1,6f535680-8570-11f1-a17b-7db4bab88cfd,88.30185,,,7.62576,,,,,,,d30aaa50-e40a-4800-9d68-81ee7d48104e,2026-07-22,01:55:37.00,2026-07-21T20:55:37.0000000-05:00,2026-07-22T01:55:37.0000000Z,,v3,,,,"Waddell, Chase",1000233818,Right,MIL_MIL1,4e17153d-a676-42b7-8e1d-dc1834fecd54,54.17443,-129.37364,13.58703,5.02307,-4.36684,-9.6063,1.58344,-8.02906,4.89457,,,,,,,,,,,,,,,,,,,,,,,,,,,,,,,,,,,,,,,,,,,,,,,,,,,High,High,High,,,,,
264,2026-07-21,20:55:50.10,4,2,"Sheetz, Micky",1000304428,Left,MIL_MIL1,"Roberts, Brett",689355,Right,LAK_COU10,Undefined,8,Top,2,1,0,Fastball,Four-Seam,FoulBallNotFieldable,Undefined,Undefined,Undefined,0,0,,88.61779,-1.794618,3.523441,2375.418489,144.140707,10:45,5.00664,-1.59328,6.22104,-21.84899,13.39304,-8.8652,1.52627,0.92324,81.0657,-5.912208,1.926056,0.42727,85.4106,-28.614328,-69.236468,,,,,4.91761,4.91761,-48.040745,0.026814,5.61256,7.79418,1.33384,50,4.86117,-7.56607,-128.5434,-4.68833,9.38318,26.84528,-19.14358,MIL_MIL1,LAK_COU10,FranklinField,American Association,AABL,20260721-FranklinField-1,77208f90-8570-11f1-a17b-7db4bab88cfd,88.217,1.61115,,7.55209,,,,2.24094,1.61115,-0.89535,d30aaa50-e40a-4800-9d68-81ee7d48104e,2026-07-22,01:55:50.10,2026-07-21T20:55:50.1070000-05:00,2026-07-22T01:55:50.1070000Z,GroundBall,v3,,,,"Waddell, Chase",1000233818,Right,MIL_MIL1,88d7b605-b628-4cc0-a917-d246287a131a,54.27796,-129.43373,13.42264,5.00614,-4.05342,-9.57179,1.58993,-7.87727,4.69159,,2.24068,39.04575,,,,,,,,1.61155,-60.08573,,,,,,,,-0.89466,-102.98609,,,,,,,,,,,,,,,,,,,,,,,,,,,,,,High,High,High,Estimated,Estimated,,,
265,2026-07-21,20:56:11.85,4,3,"Sheetz, Micky",1000304428,Left,MIL_MIL1,"Roberts, Brett",689355,Right,LAK_COU10,Undefined,8,Top,2,1,1,Fastball,Four-Seam,InPlay,Undefined,GroundBall,FieldersChoice,1,0,,88.02248,-1.047782,3.064399,2277.465597,143.231787,10:45,5.01336,-1.58573,6.22237,-23.79541,11.66788,-7.92496,2.06213,0.58409,80.96089,-5.51009,1.635452,0.428609,91.79719,-2.712545,-34.205096,,,,,33.46084,29.31534,-35.220584,0.245858,4.94638,6.65563,1.36037,50,4.92292,-6.53755,-127.85206,-3.06816,8.22967,25.08357,-21.10057,MIL_MIL1,LAK_COU10,FranklinField,American Association,AABL,20260721-FranklinField-1,841c3af0-8570-11f1-a17b-7db4bab88cfd,87.94139,2.11988,,7.06159,,,,1.33868,2.11988,-0.49264,d30aaa50-e40a-4800-9d68-81ee7d48104e,2026-07-22,01:56:11.85,2026-07-21T20:56:11.8530000-05:00,2026-07-22T01:56:11.8530000Z,GroundBall,v3,,,,"Waddell, Chase",1000233818,Right,MIL_MIL1,f43e1368-f021-4718-bc62-457f5639b8bd,54.27738,-128.68851,12.54179,5.0135,-2.36453,-10.55029,1.58295,-6.81199,4.11483,105.8129,1.341,111.09846,-21.87551,,,,,,,2.11975,-6.3647,-9.18341,,,,,,,-0.49123,-75.67795,-3.33901,,,,,,,,,,,,,,,,,,,,,,,,,,,,,High,High,High,High,High,,,
266,2026-07-21,20:58:51.63,1,1,"Campbell, Jacob",680775,Right,LAK_COU10,"Perez, Delvin",666206,Right,MIL_MIL1,Undefined,8,Bottom,0,0,0,Fastball,Four-Seam,StrikeCalled,Undefined,Undefined,Undefined,0,0,,92.22619,-1.034628,-1.972872,2292.745952,201.128429,12:45,5.49273,1.40329,6.32328,-13.35591,18.77158,6.883,3.42623,0.15924,84.64882,-3.613708,-0.728453,0.407953,,,,,,,,,,,,-4.08059,10.32012,-1.2622,50,5.41037,4.33181,-134.05641,-2.75854,-7.46897,27.39928,-13.28447,MIL_MIL1,LAK_COU10,FranklinField,American Association,AABL,20260721-FranklinField-1,e3516630-8570-11f1-a17b-7db4bab88cfd,92.39413,,,7.57737,,,,,,,d30aaa50-e40a-4800-9d68-81ee7d48104e,2026-07-22,01:58:51.63,2026-07-21T20:58:51.6380000-05:00,2026-07-22T01:58:51.6380000Z,,v3,,,,"Feliciano, Mario",666128,Right,LAK_COU10,c1cf19c6-73d5-4878-983b-fa0b5c2d0af3,54.17454,-134.90692,13.69964,5.4896,-2.34616,-6.64223,-1.40027,4.56366,-3.73449,,,,,,,,,,,,,,,,,,,,,,,,,,,,,,,,,,,,,,,,,,,,,,,,,,,High,High,High,,,,,
267,2026-07-21,20:59:08.11,1,2,"Campbell, Jacob",680775,Right,LAK_COU10,"Perez, Delvin",666206,Right,MIL_MIL1,Undefined,8,Bottom,0,0,1,Fastball,Four-Seam,BallCalled,Undefined,Undefined,Undefined,0,0,,93.14846,-1.732924,-3.977925,2252.763281,201.160765,12:45,5.41422,1.73689,6.2674,-12.01823,19.60017,7.22449,2.81074,-1.33431,85.64743,-4.058249,-2.677344,0.404707,,,,,,,,,,,,-4.74733,10.89394,-1.44541,50,5.27939,9.09327,-135.13644,-4.39242,-8.85283,27.12278,-11.85901,MIL_MIL1,LAK_COU10,FranklinField,American Association,AABL,20260721-FranklinField-1,ed2d5b00-8570-11f1-a17b-7db4bab88cfd,93.13502,,,7.50102,,,,,,,d30aaa50-e40a-4800-9d68-81ee7d48104e,2026-07-22,01:59:08.11,2026-07-21T20:59:08.1140000-05:00,2026-07-22T01:59:08.1140000Z,,v3,,,,"Feliciano, Mario",666128,Right,LAK_COU10,16f5b56d-beae-42f7-bc3c-a66420f9d16b,54.23091,-135.98296,13.56139,5.4107,-4.02229,-5.92951,-1.73353,9.36958,-4.42641,,,,,,,,,,,,,,,,,,,,,,,,,,,,,,,,,,,,,,,,,,,,,,,,,,,High,High,High,,,,,
268,2026-07-21,20:59:25.19,1,3,"Campbell, Jacob",680775,Right,LAK_COU10,"Perez, Delvin",666206,Right,MIL_MIL1,Undefined,8,Bottom,0,1,1,Fastball,Four-Seam,InPlay,Undefined,Popup,Error,0,0,,90.76225,-1.074043,-2.222752,2231.762191,211.867564,1:00,5.37141,1.78179,6.24236,-16.11839,17.12993,10.03619,3.0367,0.56694,83.42614,-4.149678,-0.411052,0.415008,86.07239,56.049706,6.95168,,104.2136,127.78956,35.20666,165.96167,157.19151,21.464873,5.703235,-5.81953,9.49508,-1.62125,50,5.28332,4.72022,-131.93799,-2.92843,-10.32301,26.40776,-15.3311,MIL_MIL1,LAK_COU10,FranklinField,American Association,AABL,20260721-FranklinField-1,f75b6770-8570-11f1-a17b-7db4bab88cfd,90.82343,129.86244,,7.33611,,,,1.58697,3.13846,-0.57043,d30aaa50-e40a-4800-9d68-81ee7d48104e,2026-07-22,01:59:25.19,2026-07-21T20:59:25.1960000-05:00,2026-07-22T01:59:25.1960000Z,FlyBall,v3,,,,"Feliciano, Mario",666128,Right,LAK_COU10,ba8b591a-4199-4947-893b-8a04a5422bed,54.25749,-132.7874,13.20388,5.36958,-2.4353,-7.66555,-1.77842,5.05227,-5.16151,194.115916,1.59204,69.85991,-24.90701,7.06518,-1.10499,-0.01626,0.04456,-0.00745,0.0004,3.12264,104.98861,-27.21251,3.41109,-0.84197,0.18726,-0.02045,1E-05,0.0001,-0.56722,8.4904,4.02463,-2.0621,0.6022,-0.10431,0.00728,0.00034,-6E-05,,,,,,,,,,,,,,,,,,,,,,,High,High,High,High,Low,,,
269,2026-07-21,21:00:11.88,2,1,"Campbell, Jacob",680775,Right,LAK_COU10,"Olund, Alec",10000829,Right,MIL_MIL1,Undefined,8,Bottom,0,0,0,Slider,Slider,BallCalled,Undefined,Undefined,Undefined,0,0,,80.78703,1.887621,-0.158486,2300.91843,131.04737,10:15,5.22436,2.12581,6.11347,-35.63982,6.20374,-5.84874,4.00032,1.49188,74.87145,-4.722232,-1.212314,0.465571,,,,,,,,,,,,2.97138,3.13331,-2.11074,50,5.35047,0.5422,-117.52113,2.78574,4.2171,19.18006,-27.72708,MIL_MIL1,LAK_COU10,FranklinField,American Association,AABL,20260721-FranklinField-1,13338c20-8571-11f1-a17b-7db4bab88cfd,80.95961,,,5.91558,,,,,,,d30aaa50-e40a-4800-9d68-81ee7d48104e,2026-07-22,02:00:11.88,2026-07-21T21:00:11.8800000-05:00,2026-07-22T02:00:11.8800000Z,,v3,,,,"Feliciano, Mario",666128,Right,LAK_COU10,9106f3a9-9184-4014-bfc1-bd45203ceb6c,54.38563,-118.23472,9.59003,5.22764,3.81732,-13.86354,-2.128,0.38531,2.10855,,,,,,,,,,,,,,,,,,,,,,,,,,,,,,,,,,,,,,,,,,,,,,,,,,,High,High,High,,,,,
270,2026-07-21,21:00:46.87,2,2,"Campbell, Jacob",680775,Right,LAK_COU10,"Olund, Alec",10000829,Right,MIL_MIL1,Undefined,8,Bottom,0,1,0,Fastball,Four-Seam,InPlay,Undefined,Popup,Out,1,0,,89.12356,-0.666209,-2.112028,2144.438632,207.620884,1:00,5.32362,1.92783,6.35064,-16.2371,18.28552,9.00256,3.35686,0.73311,81.45209,-3.789188,-0.483649,0.422886,66.89414,50.471842,26.260689,3956.058842,90.03831,76.88269,63.19078,168.97142,101.51049,37.173356,4.605395,-5.29555,10.05453,-1.77871,50,5.26747,4.42466,-129.52027,-1.93148,-8.99792,26.98345,-15.08994,MIL_MIL1,LAK_COU10,FranklinField,American Association,AABL,20260721-FranklinField-1,2804adf0-8571-11f1-a17b-7db4bab88cfd,89.13144,80.02452,,7.67147,,,,0.91368,3.42665,-0.7147,d30aaa50-e40a-4800-9d68-81ee7d48104e,2026-07-22,02:00:46.87,2026-07-21T21:00:46.8700000-05:00,2026-07-22T02:00:46.8700000Z,Popup,v3,,,,"Feliciano, Mario",666128,Right,LAK_COU10,c680b2b6-ae2a-4d54-aecb-af71787db46a,54.14816,-130.38161,13.49173,5.32144,-1.4498,-7.54497,-1.92453,4.71189,-4.49896,202.380979,0.91649,55.91774,-15.2875,3.62891,-0.06205,-0.3397,0.12566,-0.01919,0.0011,3.42133,75.79204,-21.87999,2.40258,-0.79203,0.2481,-0.0423,0.00298,-4E-05,-0.71522,27.64257,-1.25504,-0.10027,0.00391,0.03714,-0.01529,0.00246,-0.00014,,,,,,,,,,,,,,,,,,,,,,,High,High,High,Medium,Low,,,
271,2026-07-21,21:01:33.91,3,1,"Campbell, Jacob",680775,Right,LAK_COU10,"Waddell, Chase",1000233818,Left,MIL_MIL1,Undefined,8,Bottom,1,0,0,Fastball,Four-Seam,StrikeCalled,Undefined,Undefined,Undefined,0,0,,89.58583,-1.734209,-1.824816,2196.893598,198.426077,12:30,5.39495,1.66235,6.42819,-13.12225,20.82981,6.59587,2.7062,0.53422,82.21902,-4.283304,-0.6298,0.419377,,,,,,,,,,,,-3.91658,11.64737,-1.53515,50,5.26498,3.88704,-130.20297,-4.24238,-6.7559,26.09916,-12.08288,MIL_MIL1,LAK_COU10,FranklinField,American Association,AABL,20260721-FranklinField-1,4414ab80-8571-11f1-a17b-7db4bab88cfd,89.87725,,,7.36682,,,,,,,d30aaa50-e40a-4800-9d68-81ee7d48104e,2026-07-22,02:01:33.91,2026-07-21T21:01:33.9110000-05:00,2026-07-22T02:01:33.9110000Z,,v3,,,,"Feliciano, Mario",666128,Right,LAK_COU10,fb17be80-f183-4b2d-8439-385b46350c1b,54.06971,-131.0162,13.04958,5.39131,-3.86588,-6.04144,-1.65954,4.09755,-3.37795,,,,,,,,,,,,,,,,,,,,,,,,,,,,,,,,,,,,,,,,,,,,,,,,,,,High,High,High,,,,,
272,2026-07-21,21:01:52.44,3,2,"Campbell, Jacob",680775,Right,LAK_COU10,"Waddell, Chase",1000233818,Left,MIL_MIL1,Undefined,8,Bottom,1,0,1,ChangeUp,Changeup,BallCalled,Undefined,Undefined,Undefined,0,0,,80.718,0.26288,-0.899595,1655.868591,231.447036,1:45,5.32783,1.79295,6.4738,-32.79084,8.56083,9.33209,2.8367,1.74444,74.89717,-5.864472,0.794611,0.462826,,,,,,,,,,,,-5.10315,4.78662,-1.73346,50,5.33174,1.52099,-117.52188,-0.37983,-7.22981,19.55899,-25.3927,MIL_MIL1,LAK_COU10,FranklinField,American Association,AABL,20260721-FranklinField-1,4f201fa0-8571-11f1-a17b-7db4bab88cfd,81.43971,,,5.82084,,,,,,,d30aaa50-e40a-4800-9d68-81ee7d48104e,2026-07-22,02:01:52.44,2026-07-21T21:01:52.4440000-05:00,2026-07-22T02:01:52.4440000Z,,v3,,,,"Feliciano, Mario",666128,Right,LAK_COU10,bb1bfaec-a283-4222-8592-6ad94148f5be,54.02583,-118.18999,9.7795,5.3299,0.48755,-12.69635,-1.78964,1.76795,-3.6149,,,,,,,,,,,,,,,,,,,,,,,,,,,,,,,,,,,,,,,,,,,,,,,,,,,High,High,High,,,,,
273,2026-07-21,21:02:12.41,3,3,"Campbell, Jacob",680775,Right,LAK_COU10,"Waddell, Chase",1000233818,Left,MIL_MIL1,Undefined,8,Bottom,1,1,1,Fastball,Four-Seam,FoulBallNotFieldable,Undefined,Undefined,Undefined,0,0,,89.51966,-1.792565,-2.310498,2210.758456,211.766164,1:00,5.39173,1.69944,6.4452,-17.63694,16.21769,9.43323,2.27307,0.36147,82.58161,-5.146363,-0.600935,0.418775,71.63696,45.865255,-116.955759,4508.862161,,,,,40.60203,,,-5.54788,9.26193,-1.53972,50,5.25637,4.89172,-130.14864,-4.56055,-9.59985,25.0561,-16.14757,MIL_MIL1,LAK_COU10,FranklinField,American Association,AABL,20260721-FranklinField-1,5b01f690-8571-11f1-a17b-7db4bab88cfd,90.00652,37.70334,,6.93805,,,,1.1148,2.12572,-0.23272,d30aaa50-e40a-4800-9d68-81ee7d48104e,2026-07-22,02:02:12.41,2026-07-21T21:02:12.4160000-05:00,2026-07-22T02:02:12.4160000Z,,v3,,,,"Feliciano, Mario",666128,Right,LAK_COU10,25c9bf69-1a2d-40a5-8b70-4ac0d698437c,54.05484,-130.92695,12.52805,5.39025,-4.05897,-8.07379,-1.6963,5.18991,-4.79992,40.046823,1.1148,-33.16507,-5.80514,2.14798,-0.44941,-0.295,0.81339,-0.88406,0.38737,2.12572,75.4073,-24.98979,2.62575,-0.48694,-0.00766,0.1678,-0.19448,0.08724,-0.23272,-65.21476,7.15903,-1.06833,0.14781,0.01631,-0.05476,0.06329,-0.02879,,,,,,,,,,,,,,,,,,,,,,,High,High,High,High,Undefined,,,
274,2026-07-21,21:02:38.03,3,4,"Campbell, Jacob",680775,Right,LAK_COU10,"Waddell, Chase",1000233818,Left,MIL_MIL1,Undefined,8,Bottom,1,1,2,Fastball,Four-Seam,BallCalled,Undefined,Undefined,Undefined,0,0,,91.60241,-0.621211,-1.3943,2240.249304,196.878576,12:30,5.56381,1.60669,6.20359,-13.49418,19.23048,5.53654,3.86571,0.78083,83.98253,-3.225912,-0.395196,0.411727,,,,,,,,,,,,-3.22142,10.41024,-1.50456,50,5.51002,3.00826,-133.16143,-1.7884,-5.81263,27.27739,-13.39004,MIL_MIL1,LAK_COU10,FranklinField,American Association,AABL,20260721-FranklinField-1,6a459620-8571-11f1-a17b-7db4bab88cfd,91.54727,,,7.61987,,,,,,,d30aaa50-e40a-4800-9d68-81ee7d48104e,2026-07-22,02:02:38.03,2026-07-21T21:02:38.0380000-05:00,2026-07-22T02:02:38.0380000Z,,v3,,,,"Feliciano, Mario",666128,Right,LAK_COU10,21be12b1-cd13-4eb1-95d4-870cda278a80,54.29387,-134.03812,13.63869,5.56058,-1.35805,-6.69502,-1.60425,3.19508,-2.90632,,,,,,,,,,,,,,,,,,,,,,,,,,,,,,,,,,,,,,,,,,,,,,,,,,,High,High,High,,,,,
275,2026-07-21,21:03:00.82,3,5,"Campbell, Jacob",680775,Right,LAK_COU10,"Waddell, Chase",1000233818,Left,MIL_MIL1,Undefined,8,Bottom,1,2,2,Fastball,Four-Seam,FoulBallNotFieldable,Undefined,Undefined,Undefined,0,0,,91.47637,-2.055632,-3.251458,2227.174694,199.787108,12:45,5.53049,1.68953,6.17047,-12.95107,20.12607,6.86374,2.54874,-0.7448,83.64816,-4.562096,-2.016285,0.413938,51.14628,51.019587,-103.864443,4762.645539,,,,,18.98373,,,-4.46252,11.31918,-1.44672,50,5.36794,7.25752,-132.7113,-5.10074,-7.96716,28.11322,-11.96532,MIL_MIL1,LAK_COU10,FranklinField,American Association,AABL,20260721-FranklinField-1,77ddcfa0-8571-11f1-a17b-7db4bab88cfd,91.05814,24.0015,,7.82821,,,,1.09869,2.63312,0.71593,d30aaa50-e40a-4800-9d68-81ee7d48104e,2026-07-22,02:03:00.82,2026-07-21T21:03:00.8290000-05:00,2026-07-22T02:03:00.8290000Z,,v3,,,,"Feliciano, Mario",666128,Right,LAK_COU10,2f0fcae7-5a3e-47ac-9ee9-08e52ccd6219,54.3284,-133.62507,14.05661,5.52741,-4.71182,-5.98266,-1.68682,7.51647,-3.98358,37.593117,1.10416,-11.47906,-4.54963,,,,,,,2.63547,58.24028,-18.90844,,,,,,,0.71551,-45.80085,1.99702,,,,,,,,,,,,,,,,,,,,,,,,,,,,,High,High,High,Medium,Undefined,,,
276,2026-07-21,21:03:24.85,3,6,"Campbell, Jacob",680775,Right,LAK_COU10,"Waddell, Chase",1000233818,Left,MIL_MIL1,Undefined,8,Bottom,1,2,2,Fastball,Four-Seam,FoulBallNotFieldable,Undefined,Undefined,Undefined,0,0,,91.12833,-1.553204,-1.640558,2227.668302,199.823786,12:45,5.50676,1.66922,6.16241,-13.70985,19.59631,6.68118,2.92856,0.7101,83.20663,-4.202847,-0.435909,0.415369,65.38555,8.963804,-172.977488,1807.153266,,,,80.60511,61.11831,-172.952437,0.905795,-3.88937,10.86319,-1.548,50,5.38161,3.50705,-132.34263,-3.93636,-6.89713,28.27466,-12.91017,MIL_MIL1,LAK_COU10,FranklinField,American Association,AABL,20260721-FranklinField-1,86338cc0-8571-11f1-a17b-7db4bab88cfd,90.74457,5.35211,,7.9217,,,,-0.88709,2.62031,-0.75644,d30aaa50-e40a-4800-9d68-81ee7d48104e,2026-07-22,02:03:24.85,2026-07-21T21:03:24.8520000-05:00,2026-07-22T02:03:24.8520000Z,GroundBall,v3,,,,"Feliciano, Mario",666128,Right,LAK_COU10,a0a15f92-2b8e-4d5a-bceb-0f7c605571e5,54.33428,-133.26542,14.13733,5.5032,-3.51502,-6.45508,-1.66613,3.73215,-3.44856,13.641255,-0.88709,-94.01682,8.03303,-0.89391,0.20989,-0.03193,0.00574,-0.00115,0.0001,2.62031,14.94201,-21.01401,1.69083,-0.30396,0.06423,-0.00972,0.00178,-0.00025,-0.75644,-11.58131,1.80153,-0.21159,0.06011,-0.00806,0.0014,-0.00029,3E-05,,,,,,,,,,,,,,,,,,,,,,,High,High,High,High,Medium,,,
277,2026-07-21,21:03:48.96,3,7,"Campbell, Jacob",680775,Right,LAK_COU10,"Waddell, Chase",1000233818,Left,MIL_MIL1,Undefined,8,Bottom,1,2,2,Fastball,Four-Seam,FoulBallNotFieldable,Undefined,Undefined,Undefined,0,0,,93.12893,-1.811962,-3.559934,2266.517387,201.298648,12:45,5.42992,1.56759,6.43982,-12.71123,19.00379,7.00422,2.70184,-1.12421,84.82409,-4.288754,-2.293744,0.405325,60.78648,-15.129147,54.813499,,,,,12.39204,11.29161,53.970825,0.120567,-4.69827,10.78142,-1.31763,50,5.29509,8.12104,-135.09278,-4.5887,-8.65421,30.32295,-12.31465,MIL_MIL1,LAK_COU10,FranklinField,American Association,AABL,20260721-FranklinField-1,948ad080-8571-11f1-a17b-7db4bab88cfd,92.99303,2.86031,,8.30485,,,,1.35951,2.86031,1.4869,d30aaa50-e40a-4800-9d68-81ee7d48104e,2026-07-22,02:03:48.96,2026-07-21T21:03:48.9620000-05:00,2026-07-22T02:03:48.9620000Z,GroundBall,v3,,,,"Feliciano, Mario",666128,Right,LAK_COU10,7e50927a-885a-400d-8d33-625581a9ae22,54.05867,-136.00074,15.16148,5.42697,-4.21996,-6.15733,-1.56468,8.38017,-4.32711,218.899513,1.35951,49.59279,-3.42781,,,,,,,2.86034,-23.27206,-3.7522,,,,,,,1.48692,70.33637,3.74598,,,,,,,,,,,,,,,,,,,,,,,,,,,,,High,High,High,Medium,High,,,
278,2026-07-21,21:04:17.20,3,8,"Campbell, Jacob",680775,Right,LAK_COU10,"Waddell, Chase",1000233818,Left,MIL_MIL1,Undefined,8,Bottom,1,2,2,Fastball,Four-Seam,InPlay,Undefined,Popup,Out,1,0,,91.33515,-1.258871,-3.186265,2161.845826,203.394821,12:45,5.43011,1.58089,6.26037,-14.49544,18.70973,7.62044,3.05944,-0.72498,83.07433,-4.06182,-1.81231,0.414738,73.2131,61.844134,4.007843,,,,,122.04003,117.26698,-3.841533,5.252514,-4.91571,10.43532,-1.34827,50,5.32954,7.06985,-132.52765,-3.29682,-8.70087,29.58479,-13.70343,MIL_MIL1,LAK_COU10,FranklinField,American Association,AABL,20260721-FranklinField-1,a55fbe70-8571-11f1-a17b-7db4bab88cfd,90.88242,112.17806,,8.26081,,,,1.90587,3.28632,0.69697,d30aaa50-e40a-4800-9d68-81ee7d48104e,2026-07-22,02:04:17.20,2026-07-21T21:04:17.2090000-05:00,2026-07-22T02:04:17.2090000Z,Popup,v3,,,,"Feliciano, Mario",666128,Right,LAK_COU10,de4372fa-4cac-46c3-a23f-cf5748598d10,54.23839,-133.47045,14.7924,5.42764,-2.86012,-6.85171,-1.578,7.34713,-4.35043,172.776149,1.91122,50.41982,-16.4629,4.33231,-0.34946,-0.19059,0.07596,-0.01124,0.00061,3.26975,94.97908,-25.78347,3.86524,-1.4006,0.43334,-0.07903,0.0069,-0.00021,0.69544,3.56473,-4.22517,1.64099,-0.42854,0.07327,-0.00536,-0.00028,5E-05,,,,,,,,,,,,,,,,,,,,,,,High,High,High,High,Medium,,,
279,2026-07-21,21:04:52.84,4,1,"Campbell, Jacob",680775,Right,LAK_COU10,"Valdes, Yordys",686798,Left,MIL_MIL1,Undefined,8,Bottom,2,0,0,Fastball,Four-Seam,BallCalled,Undefined,Undefined,Undefined,0,0,,92.77367,0.793086,-2.373251,2280.494978,210.869634,1:00,5.51971,1.52463,6.31383,-14.29757,17.7791,10.00615,5.05944,0.1712,84.21643,-1.979177,-0.565364,0.40763,,,,,,,,,,,,-5.84559,9.29343,-1.35516,50,5.57059,5.15423,-134.69299,1.50239,-10.69427,30.39077,-15.17215,MIL_MIL1,LAK_COU10,FranklinField,American Association,AABL,20260721-FranklinField-1,baa41470-8571-11f1-a17b-7db4bab88cfd,92.46727,,,8.55724,,,,,,,d30aaa50-e40a-4800-9d68-81ee7d48104e,2026-07-22,02:04:52.84,2026-07-21T21:04:52.8470000-05:00,2026-07-22T02:04:52.8470000Z,,v3,,,,"Feliciano, Mario",666128,Right,LAK_COU10,e9ac94a5-b356-445f-9dc8-8e15364e0ba6,54.18239,-135.63338,15.19538,5.51684,1.97187,-7.58607,-1.51977,5.48515,-5.34714,,,,,,,,,,,,,,,,,,,,,,,,,,,,,,,,,,,,,,,,,,,,,,,,,,,High,High,High,,,,,
280,2026-07-21,21:05:12.32,4,2,"Campbell, Jacob",680775,Right,LAK_COU10,"Valdes, Yordys",686798,Left,MIL_MIL1,Undefined,8,Bottom,2,1,0,Fastball,Four-Seam,BallCalled,Undefined,Undefined,Undefined,0,0,,90.8666,-1.610813,-1.334617,2181.902744,218.939102,1:15,5.44118,1.62104,6.27826,-17.5058,15.88847,11.9669,2.49683,1.3879,82.93322,-4.950788,0.82913,0.415918,,,,,,,,,,,,-6.58756,9.03717,-1.52804,50,5.3136,2.58425,-132.00678,-4.20761,-11.59519,28.75223,-16.26722,MIL_MIL1,LAK_COU10,FranklinField,American Association,AABL,20260721-FranklinField-1,c64008c0-8571-11f1-a17b-7db4bab88cfd,90.62477,,,7.93338,,,,,,,d30aaa50-e40a-4800-9d68-81ee7d48104e,2026-07-22,02:05:12.32,2026-07-21T21:05:12.3250000-05:00,2026-07-22T02:05:12.3250000Z,,v3,,,,"Feliciano, Mario",666128,Right,LAK_COU10,6fee5a3d-aa57-4ca7-b4d5-bacd555ee80c,54.2196,-132.92267,14.37612,5.43938,-3.68943,-8.13361,-1.61625,2.95361,-5.7976,,,,,,,,,,,,,,,,,,,,,,,,,,,,,,,,,,,,,,,,,,,,,,,,,,,High,High,High,,,,,
281,2026-07-21,21:05:33.09,4,3,"Campbell, Jacob",680775,Right,LAK_COU10,"Valdes, Yordys",686798,Left,MIL_MIL1,Undefined,8,Bottom,2,2,0,Fastball,Four-Seam,BallCalled,Undefined,Undefined,Undefined,0,0,,90.27131,-1.668064,-4.054437,2247.013925,194.010474,12:30,5.40133,1.60065,6.57303,-13.08418,20.37521,4.82374,2.77779,-1.71983,82.62364,-4.216827,-3.181354,0.416323,,,,,,,,,,,,-3.63213,11.4693,-1.32367,50,5.28046,9.09368,-130.94428,-4.11096,-6.31975,27.09631,-12.21788,MIL_MIL1,LAK_COU10,FranklinField,American Association,AABL,20260721-FranklinField-1,d2a20c30-8571-11f1-a17b-7db4bab88cfd,90.53657,,,7.64767,,,,,,,d30aaa50-e40a-4800-9d68-81ee7d48104e,2026-07-22,02:05:33.09,2026-07-21T21:05:33.0930000-05:00,2026-07-22T02:05:33.0930000Z,,v3,,,,"Feliciano, Mario",666128,Right,LAK_COU10,857ee880-272d-413c-8095-4bea6c4ccacc,53.92483,-131.75394,13.54815,5.39784,-3.74588,-6.10894,-1.59823,9.28252,-3.15987,,,,,,,,,,,,,,,,,,,,,,,,,,,,,,,,,,,,,,,,,,,,,,,,,,,High,High,High,,,,,
282,2026-07-21,21:05:54.71,4,4,"Campbell, Jacob",680775,Right,LAK_COU10,"Valdes, Yordys",686798,Left,MIL_MIL1,Undefined,8,Bottom,2,3,0,Fastball,Four-Seam,BallCalled,Walk,Undefined,Undefined,0,0,,88.3101,-0.005828,-2.509995,2083.633293,216.407714,1:15,5.33738,1.62748,6.52807,-20.45666,14.35517,9.81611,3.62731,0.14142,80.99557,-3.899214,-0.729066,0.424654,,,,,,,,,,,,-5.79363,7.84977,-1.45687,50,5.32788,5.24866,-128.36992,-0.57275,-9.71079,25.46053,-19.01691,MIL_MIL1,LAK_COU10,FranklinField,American Association,AABL,20260721-FranklinField-1,df89e170-8571-11f1-a17b-7db4bab88cfd,88.76043,,,7.31453,,,,,,,d30aaa50-e40a-4800-9d68-81ee7d48104e,2026-07-22,02:05:54.71,2026-07-21T21:05:54.7190000-05:00,2026-07-22T02:05:54.7190000Z,,v3,,,,"Feliciano, Mario",666128,Right,LAK_COU10,99e48cab-e584-49d1-9ac8-ab87d65a96f5,53.96998,-129.15491,12.73027,5.33651,0.01357,-9.50846,-1.62331,5.54806,-4.85539,,,,,,,,,,,,,,,,,,,,,,,,,,,,,,,,,,,,,,,,,,,,,,,,,,,High,High,High,,,,,
283,2026-07-21,21:06:28.40,5,1,"Campbell, Jacob",680775,Right,LAK_COU10,"Felix, Edrick",703742,Right,MIL_MIL1,Undefined,8,Bottom,2,0,0,Fastball,Four-Seam,StrikeCalled,Undefined,Undefined,Undefined,0,0,,89.03255,-0.630758,-2.895429,2088.844768,217.720474,1:15,5.445,1.58764,6.47092,-18.44221,15.97729,11.53442,3.32811,-0.1125,81.48683,-4.155698,-0.805768,0.422254,,,,,,,,,,,,-6.79363,8.84878,-1.38813,50,5.39202,6.08758,-129.33829,-1.91951,-11.53487,26.38342,-17.14973,MIL_MIL1,LAK_COU10,FranklinField,American Association,AABL,20260721-FranklinField-1,f39430d0-8571-11f1-a17b-7db4bab88cfd,89.26486,,,7.54572,,,,,,,d30aaa50-e40a-4800-9d68-81ee7d48104e,2026-07-22,02:06:28.40,2026-07-21T21:06:28.4040000-05:00,2026-07-22T02:06:28.4040000Z,,v3,,,,"Feliciano, Mario",666128,Right,LAK_COU10,1ecd249e-edca-4f78-bdae-4354c98b6b60,54.02694,-130.15714,13.19171,5.44334,-1.38724,-8.57487,-1.58262,6.44559,-5.76743,,,,,,,,,,,,,,,,,,,,,,,,,,,,,,,,,,,,,,,,,,,,,,,,,,,High,High,High,,,,,
284,2026-07-21,21:06:50.84,5,2,"Campbell, Jacob",680775,Right,LAK_COU10,"Felix, Edrick",703742,Right,MIL_MIL1,Undefined,8,Bottom,2,0,1,Fastball,Four-Seam,FoulBallNotFieldable,Undefined,Undefined,Undefined,0,0,,89.67551,-0.848136,-3.24807,2227.750714,199.860425,12:45,5.47009,1.61172,6.47675,-14.81398,19.20985,6.55028,3.45547,-0.82822,81.87311,-3.717799,-2.06251,0.41982,71.83514,52.440147,80.275175,5016.138177,,,,,74.78051,,,-4.33122,10.61508,-1.38572,50,5.40344,7.13183,-130.19598,-2.28754,-7.43271,27.39177,-13.95776,MIL_MIL1,LAK_COU10,FranklinField,American Association,AABL,20260721-FranklinField-1,00fafa10-8572-11f1-a17b-7db4bab88cfd,89.7824,77.17619,,7.80241,,,,0.00581,3.36259,0.87864,d30aaa50-e40a-4800-9d68-81ee7d48104e,2026-07-22,02:06:50.84,2026-07-21T21:06:50.8490000-05:00,2026-07-22T02:06:50.8490000Z,,v3,,,,"Feliciano, Mario",666128,Right,LAK_COU10,a104c351-d07c-4b76-8dbb-cd55822297a4,54.02108,-131.03924,13.69589,5.46724,-1.85785,-6.97888,-1.6088,7.36065,-3.71636,,0.00581,10.84868,-11.6813,4.16618,-1.13042,0.2669,-0.05898,0.01005,-0.00095,3.36259,83.51911,-24.99195,2.51319,-0.3566,0.02787,0.00163,-0.00107,0.0002,0.87864,63.3023,-9.96768,2.04081,-0.34851,0.04729,-0.00595,0.00027,0,,,,,,,,,,,,,,,,,,,,,,,High,High,High,Low,Undefined,,,
285,2026-07-21,21:07:16.30,5,3,"Campbell, Jacob",680775,Right,LAK_COU10,"Felix, Edrick",703742,Right,MIL_MIL1,Undefined,8,Bottom,2,0,2,Fastball,Four-Seam,FoulBallNotFieldable,Undefined,Undefined,Undefined,0,0,,90.6897,-1.309434,-2.971259,2244.545612,199.0349,12:45,5.38573,1.5414,6.48319,-15.12666,18.17631,5.90146,2.92109,-0.69733,82.72491,-4.232677,-1.902441,0.415349,86.15674,13.888219,50.368142,4248.217721,61.95511,18.88832,90.89296,216.28362,188.96202,60.611896,2.366626,-3.93008,10.20961,-1.33499,50,5.28666,6.60009,-131.66603,-3.39083,-6.88583,28.45415,-14.28589,MIL_MIL1,LAK_COU10,FranklinField,American Association,AABL,20260721-FranklinField-1,10278f30-8572-11f1-a17b-7db4bab88cfd,90.74893,18.92466,,7.96479,,,,-0.3635,3.10999,0.65357,d30aaa50-e40a-4800-9d68-81ee7d48104e,2026-07-22,02:07:16.30,2026-07-21T21:07:16.3080000-05:00,2026-07-22T02:07:16.3080000Z,LineDrive,v3,,,,"Feliciano, Mario",666128,Right,LAK_COU10,1e5dc363-4edc-4e87-8c81-4e815dff7dd9,54.0145,-132.53076,14.22708,5.38311,-2.95668,-7.14295,-1.53875,6.80935,-3.44291,,-0.36348,78.24371,-21.14019,4.74856,-1.04169,0.15409,-0.00636,-0.00356,0.00063,3.10998,30.33141,-15.66549,1.17205,-0.14732,0.0533,-0.02162,0.00599,-0.00073,0.65358,94.47402,-6.52747,-0.35749,0.38751,-0.15915,0.04703,-0.00951,0.00088,,,,,,,,,,,,,,,,,,,,,,,High,High,High,High,Medium,,,
286,2026-07-21,21:07:42.77,5,4,"Campbell, Jacob",680775,Right,LAK_COU10,"Felix, Edrick",703742,Right,MIL_MIL1,Undefined,8,Bottom,2,0,2,Fastball,Four-Seam,BallCalled,Undefined,Undefined,Undefined,0,0,,90.685,2.093007,-0.968313,2111.306147,197.211268,12:30,5.50027,1.46191,6.31446,-16.24182,17.13194,4.99607,6.07579,0.98625,82.76019,-1.02827,-0.064938,0.41579,,,,,,,,,,,,-2.82988,8.61178,-1.39313,50,5.64527,2.0165,-131.72839,4.3874,-4.98385,27.38001,-17.0075,MIL_MIL1,LAK_COU10,FranklinField,American Association,AABL,20260721-FranklinField-1,1feb8250-8572-11f1-a17b-7db4bab88cfd,90.65262,,,7.92482,,,,,,,d30aaa50-e40a-4800-9d68-81ee7d48104e,2026-07-22,02:07:42.77,2026-07-21T21:07:42.7730000-05:00,2026-07-22T02:07:42.7730000Z,,v3,,,,"Feliciano, Mario",666128,Right,LAK_COU10,d23b38f3-7d57-4a19-bd31-bbefff270b4e,54.18127,-132.59463,13.69001,5.49795,4.92548,-8.50375,-1.45942,2.17418,-2.49192,,,,,,,,,,,,,,,,,,,,,,,,,,,,,,,,,,,,,,,,,,,,,,,,,,,High,High,High,,,,,
287,2026-07-21,21:08:06.75,5,5,"Campbell, Jacob",680775,Right,LAK_COU10,"Felix, Edrick",703742,Right,MIL_MIL1,Undefined,8,Bottom,2,1,2,Fastball,Four-Seam,InPlay,Undefined,GroundBall,FieldersChoice,1,0,,91.52968,-0.79203,-2.534499,2126.38841,204.473431,12:45,5.48787,1.53327,6.40209,-17.68875,14.76119,6.29154,3.28472,-0.2746,84.28989,-4.152737,-1.395891,0.409995,95.06606,-15.637751,13.039293,,,,,11.29839,10.61286,15.22357,0.084572,-3.93961,8.21091,-1.35438,50,5.42274,5.64081,-133.0714,-2.34793,-7.12246,26.3509,-17.32949,MIL_MIL1,LAK_COU10,FranklinField,American Association,AABL,20260721-FranklinField-1,2e344720-8572-11f1-a17b-7db4bab88cfd,91.93398,3.18593,,7.2398,,,,-0.18638,3.18593,0.39885,d30aaa50-e40a-4800-9d68-81ee7d48104e,2026-07-22,02:08:06.75,2026-07-21T21:08:06.7500000-05:00,2026-07-22T02:08:06.7500000Z,GroundBall,v3,,,,"Feliciano, Mario",666128,Right,LAK_COU10,6f06ba69-62e5-48ac-8a89-8787ed8b6a47,54.09727,-133.88028,13.17545,5.48664,-1.81597,-8.66474,-1.53089,5.85945,-3.56123,180,-0.19052,131.11109,,,,,,,,3.18712,-37.67135,,,,,,,,0.3979,30.36411,,,,,,,,,,,,,,,,,,,,,,,,,,,,,,High,High,High,High,High,,,
288,2026-07-21,21:10:51.34,1,1,"Sheetz, Micky",1000304428,Left,MIL_MIL1,"Reyes, Ripken",685341,Right,LAK_COU10,Undefined,9,Top,0,0,0,Fastball,Sinker,BallCalled,Undefined,Undefined,Undefined,0,0,,88.91046,-1.331075,1.937532,2246.636706,135.854853,10:30,5.18775,-1.70502,5.97462,-20.36934,14.82725,-13.31607,2.25544,-1.01786,81.37535,-5.169929,-0.455818,0.426994,,,,,,,,,,,,7.32965,8.31063,1.55884,50,5.07103,-3.80462,-129.10932,-3.62636,12.388,26.55395,-18.12808,MIL_MIL1,LAK_COU10,FranklinField,American Association,AABL,20260721-FranklinField-1,905a29b0-8572-11f1-a17b-7db4bab88cfd,88.27398,,,7.53512,,,,,,,d30aaa50-e40a-4800-9d68-81ee7d48104e,2026-07-22,02:10:51.34,2026-07-21T21:10:51.3490000-05:00,2026-07-22T02:10:51.3490000Z,,v3,,,,"Waddell, Chase",1000233818,Right,MIL_MIL1,6bcea6aa-c12d-448d-a3ce-ee9e1c08e0a3,54.52281,-130.0362,13.27698,5.18656,-2.99359,-9.06404,1.69918,-4.23702,6.194,,,,,,,,,,,,,,,,,,,,,,,,,,,,,,,,,,,,,,,,,,,,,,,,,,,High,High,High,,,,,
289,2026-07-21,21:11:02.86,1,2,"Sheetz, Micky",1000304428,Left,MIL_MIL1,"Reyes, Ripken",685341,Right,LAK_COU10,Undefined,9,Top,0,1,0,Fastball,Sinker,BallCalled,Undefined,Undefined,Undefined,0,0,,89.26048,-0.737673,0.974286,2283.317944,133.512208,10:30,5.16702,-1.69231,5.91387,-22.13454,12.64083,-12.23694,2.63771,-1.80774,82.14823,-4.877263,-1.223649,0.424431,,,,,,,,,,,,6.50323,6.98945,1.62104,50,5.09521,-1.68949,-129.76145,-2.38735,11.16412,25.41217,-20.1753,MIL_MIL1,LAK_COU10,FranklinField,American Association,AABL,20260721-FranklinField-1,97322d50-8572-11f1-a17b-7db4bab88cfd,88.80691,,,7.11225,,,,,,,d30aaa50-e40a-4800-9d68-81ee7d48104e,2026-07-22,02:11:02.86,2026-07-21T21:11:02.8620000-05:00,2026-07-22T02:11:02.8620000Z,,v3,,,,"Waddell, Chase",1000233818,Right,MIL_MIL1,f90821cf-dba1-400b-a7e4-18079013014d,54.58455,-130.65619,12.70609,5.16676,-1.67699,-10.08765,1.68745,-2.08258,5.58206,,,,,,,,,,,,,,,,,,,,,,,,,,,,,,,,,,,,,,,,,,,,,,,,,,,High,High,High,,,,,
290,2026-07-21,21:11:14.32,1,3,"Sheetz, Micky",1000304428,Left,MIL_MIL1,"Reyes, Ripken",685341,Right,LAK_COU10,Undefined,9,Top,0,2,0,Fastball,Sinker,FoulBallNotFieldable,Undefined,Undefined,Undefined,0,0,,88.2253,-0.891637,3.578637,2325.369387,135.350387,10:30,5.1035,-1.93024,6.10207,-21.15942,14.41284,-13.15048,2.51394,0.28775,80.8313,-4.881535,1.214599,0.429267,97.87769,-19.844747,-63.215879,,,,,8.51731,2.14235,-51.176491,0.052728,7.79213,8.0215,1.6618,50,5.02363,-7.48444,-128.04126,-2.63419,12.97424,25.7029,-18.81786,MIL_MIL1,LAK_COU10,FranklinField,American Association,AABL,20260721-FranklinField-1,9e07e700-8572-11f1-a17b-7db4bab88cfd,87.8066,2.57423,,7.394,,,,2.1255,2.57423,-0.26824,d30aaa50-e40a-4800-9d68-81ee7d48104e,2026-07-22,02:11:14.32,2026-07-21T21:11:14.3280000-05:00,2026-07-22T02:11:14.3280000Z,GroundBall,v3,,,,"Waddell, Chase",1000233818,Right,MIL_MIL1,e7b5b0c7-711c-49f2-9da5-b2a0800e053f,54.39754,-128.92099,12.85145,5.10277,-1.99011,-9.40893,1.92557,-7.92851,6.48712,,2.12456,60.95858,,,,,,,,2.57497,-48.82104,,,,,,,,-0.26638,-120.76062,,,,,,,,,,,,,,,,,,,,,,,,,,,,,,High,High,High,Estimated,Estimated,,,
291,2026-07-21,21:11:34.17,1,4,"Sheetz, Micky",1000304428,Left,MIL_MIL1,"Reyes, Ripken",685341,Right,LAK_COU10,Undefined,9,Top,0,2,1,Fastball,Sinker,InPlay,Undefined,GroundBall,Single,0,0,,88.43934,-1.162331,2.332165,2246.639682,133.700803,10:30,5.0375,-1.85562,6.1473,-22.04982,13.13331,-12.63997,2.12497,-0.7528,81.33372,-5.30593,0.053707,0.426912,91.9588,3.71686,28.054445,3071.720399,,,,82.80916,79.83662,31.178177,0.674286,7.1702,7.42544,1.68457,50,4.93752,-4.73116,-128.5187,-3.2833,12.05952,25.24114,-19.68521,MIL_MIL1,LAK_COU10,FranklinField,American Association,AABL,20260721-FranklinField-1,a9df36a0-8572-11f1-a17b-7db4bab88cfd,88.29084,3.02505,,7.10562,,,,0.41558,1.97354,0.67372,d30aaa50-e40a-4800-9d68-81ee7d48104e,2026-07-22,02:11:34.17,2026-07-21T21:11:34.1790000-05:00,2026-07-22T02:11:34.1790000Z,GroundBall,v3,,,,"Waddell, Chase",1000233818,Right,MIL_MIL1,bfac6196-eb83-44a0-9b6f-649a57a0309e,54.35225,-129.37066,12.62057,5.03713,-2.61887,-9.84261,1.85114,-5.13821,6.02976,273.732338,0.4704,117.67059,-19.83061,,,,,,,1.99853,8.24105,-16.66846,,,,,,,0.66182,63.54359,-1.38035,,,,,,,,,,,,,,,,,,,,,,,,,,,,,High,High,High,High,High,,,
292,2026-07-21,21:12:10.39,2,1,"Sheetz, Micky",1000304428,Left,MIL_MIL1,"Zuberer, Ray",829518,Left,LAK_COU10,Undefined,9,Top,0,0,0,Fastball,Sinker,StrikeCalled,Undefined,Undefined,Undefined,0,0,,86.36799,-0.803211,2.940174,2191.440409,130.838284,10:15,5.11023,-1.30321,6.21394,-26.2099,10.48355,-10.90733,2.1838,0.50359,79.74877,-5.698606,0.972891,0.435979,,,,,,,,,,,,6.40469,5.96906,1.08809,50,5.03672,-6.02644,-125.51135,-2.56492,10.3139,23.13562,-22.56169,MIL_MIL1,LAK_COU10,FranklinField,American Association,AABL,20260721-FranklinField-1,bf729700-8572-11f1-a17b-7db4bab88cfd,86.45473,,,6.61922,,,,,,,d30aaa50-e40a-4800-9d68-81ee7d48104e,2026-07-22,02:12:10.39,2026-07-21T21:12:10.3940000-05:00,2026-07-22T02:12:10.3940000Z,,v3,,,,"Waddell, Chase",1000233818,Right,MIL_MIL1,7070ae55-8fed-460f-8827-7e32055ccefd,54.28573,-126.29888,11.56781,5.11096,-1.79693,-11.28084,1.29921,-6.37752,5.15695,,,,,,,,,,,,,,,,,,,,,,,,,,,,,,,,,,,,,,,,,,,,,,,,,,,High,High,High,,,,,
293,2026-07-21,21:12:27.53,2,2,"Sheetz, Micky",1000304428,Left,MIL_MIL1,"Zuberer, Ray",829518,Left,LAK_COU10,Undefined,9,Top,0,0,1,Cutter,Slider,InPlay,Undefined,GroundBall,FieldersChoice,1,0,,83.46813,0.293322,2.003766,2384.263299,174.569407,11:45,4.94728,-1.53357,6.18411,-30.38439,8.55308,-0.71874,2.68626,0.25752,77.77765,-5.344801,1.874148,0.449113,77.41959,-12.925594,11.087995,,,,,14.06212,12.36641,9.754793,0.112559,0.82772,4.6717,1.38272,50,4.95368,-4.2246,-121.49269,-0.30122,1.26015,19.65588,-25.06174,MIL_MIL1,LAK_COU10,FranklinField,American Association,AABL,20260721-FranklinField-1,c9aadca0-8572-11f1-a17b-7db4bab88cfd,83.92648,2.83131,,5.69048,,,,1.6742,2.83131,0.04209,d30aaa50-e40a-4800-9d68-81ee7d48104e,2026-07-22,02:12:27.53,2026-07-21T21:12:27.5380000-05:00,2026-07-22T02:12:27.5380000Z,GroundBall,v3,,,,"Waddell, Chase",1000233818,Right,MIL_MIL1,fdd5d137-81d0-487b-b304-88e72222cc30,54.317,-122.18912,9.82794,4.94862,0.58675,-12.53087,1.5332,-4.26925,0.63008,167.889986,1.6742,108.60607,-3.15227,,,,,,,2.83125,-25.39217,2.12506,,,,,,,0.04211,21.28132,-4.33789,,,,,,,,,,,,,,,,,,,,,,,,,,,,,High,High,High,Medium,Medium,,,
294,2026-07-21,21:13:01.44,3,1,"Sheetz, Micky",1000304428,Left,MIL_MIL1,"Mears, Joshua",687084,Right,LAK_COU10,Undefined,9,Top,1,0,0,Fastball,Four-Seam,FoulBallNotFieldable,Undefined,Undefined,Undefined,0,0,,87.79029,-0.451994,1.831293,2265.555823,136.824097,10:30,5.01006,-1.59036,6.14279,-24.23989,11.49461,-9.7741,2.57216,-0.71201,80.61486,-4.998461,0.069071,0.430244,72.69404,13.783876,171.944409,2573.897774,,,,121.7512,52.79252,170.924114,1.295187,5.57776,6.39414,1.45596,50,4.96301,-3.69712,-127.61962,-1.75794,9.23304,25.35007,-21.58962,MIL_MIL1,LAK_COU10,FranklinField,American Association,AABL,20260721-FranklinField-1,dddc14f0-8572-11f1-a17b-7db4bab88cfd,87.60706,9.78115,,7.17543,,,,2.45051,2.51893,0.72442,d30aaa50-e40a-4800-9d68-81ee7d48104e,2026-07-22,02:13:01.44,2026-07-21T21:13:01.4450000-05:00,2026-07-22T02:13:01.4450000Z,LineDrive,v3,,,,"Waddell, Chase",1000233818,Right,MIL_MIL1,0ff2264b-8730-4cf6-9f13-fcda08847985,54.35687,-128.48214,12.67504,5.01032,-1.02336,-10.79481,1.5871,-4.01127,4.61652,8.252855,2.45051,-102.52557,6.98989,-0.98764,0.22456,-0.035,0.00748,-0.00126,8E-05,2.51893,25.40276,-23.33504,2.17221,-0.44811,0.08839,-0.0152,0.00292,-0.00031,0.72442,14.51048,-0.18675,0.013,-0.01006,0.00037,-0.00024,3E-05,0,,,,,,,,,,,,,,,,,,,,,,,High,High,High,High,Low,,,
295,2026-07-21,21:13:18.00,3,2,"Sheetz, Micky",1000304428,Left,MIL_MIL1,"Mears, Joshua",687084,Right,LAK_COU10,Undefined,9,Top,1,0,1,Curveball,Curveball,StrikeCalled,Undefined,Undefined,Undefined,0,0,,76.33224,3.020055,0.454215,2785.393516,297.911363,4:00,4.8611,-1.88167,5.66588,-52.72286,-4.67744,11.40288,3.28618,-0.5079,70.46034,-6.617466,2.491589,0.498882,,,,,,,,,,,,-5.66725,-2.71933,1.83597,50,5.08298,-1.30185,-110.87353,4.14989,-7.10676,18.44855,-35.58412,MIL_MIL1,LAK_COU10,FranklinField,American Association,AABL,20260721-FranklinField-1,e7c7c130-8572-11f1-a17b-7db4bab88cfd,75.55388,,,5.87189,,,,,,,d30aaa50-e40a-4800-9d68-81ee7d48104e,2026-07-22,02:13:18.00,2026-07-21T21:13:18.0070000-05:00,2026-07-22T02:13:18.0070000Z,,v3,,,,"Waddell, Chase",1000233818,Right,MIL_MIL1,338a321f-3992-4c88-b492-27b65ed826fe,54.83568,-111.67525,9.22428,4.86904,5.69627,-17.79206,1.88583,-0.99301,-3.55338,,,,,,,,,,,,,,,,,,,,,,,,,,,,,,,,,,,,,,,,,,,,,,,,,,,High,High,High,,,,,
296,2026-07-21,21:13:35.66,3,3,"Sheetz, Micky",1000304428,Left,MIL_MIL1,"Mears, Joshua",687084,Right,LAK_COU10,Undefined,9,Top,1,0,2,Cutter,Cutter,BallCalled,Undefined,Undefined,Undefined,0,0,,85.3323,-2.1804,4.09782,2362.989256,155.840296,11:15,4.86432,-1.62109,6.22693,-30.40884,7.21823,-2.76725,0.31242,1.93553,79.30869,-7.795091,3.599528,0.441491,,,,,,,,,,,,2.45354,4.59764,1.3159,50,4.68563,-8.7682,-123.81412,-5.66824,3.85299,22.02703,-24.95404,MIL_MIL1,LAK_COU10,FranklinField,American Association,AABL,20260721-FranklinField-1,f24414b0-8572-11f1-a17b-7db4bab88cfd,85.37538,,,6.02361,,,,,,,d30aaa50-e40a-4800-9d68-81ee7d48104e,2026-07-22,02:13:35.66,2026-07-21T21:13:35.6650000-05:00,2026-07-22T02:13:35.6650000Z,,v3,,,,"Waddell, Chase",1000233818,Right,MIL_MIL1,46f4977f-8380-41d2-a4ca-83557daa306e,54.27369,-124.57211,11.01352,4.86591,-4.80953,-12.47702,1.61991,-8.90079,1.92649,,,,,,,,,,,,,,,,,,,,,,,,,,,,,,,,,,,,,,,,,,,,,,,,,,,High,High,High,,,,,
297,2026-07-21,21:13:54.18,3,4,"Sheetz, Micky",1000304428,Left,MIL_MIL1,"Mears, Joshua",687084,Right,LAK_COU10,Undefined,9,Top,1,1,2,Fastball,Four-Seam,BallCalled,Undefined,Undefined,Undefined,0,0,,87.48339,1.26373,-0.167764,2367.288172,146.729616,11:00,4.82285,-1.67681,5.91772,-26.79202,9.21863,-5.40343,3.76315,-2.28279,80.81282,-3.716046,-1.137895,0.431904,,,,,,,,,,,,2.7278,4.73445,1.69331,50,4.90871,0.59377,-127.23976,1.92077,4.52767,23.05878,-24.31565,MIL_MIL1,LAK_COU10,FranklinField,American Association,AABL,20260721-FranklinField-1,fd51abb0-8572-11f1-a17b-7db4bab88cfd,87.27051,,,6.67058,,,,,,,d30aaa50-e40a-4800-9d68-81ee7d48104e,2026-07-22,02:13:54.18,2026-07-21T21:13:54.1800000-05:00,2026-07-22T02:13:54.1800000Z,,v3,,,,"Waddell, Chase",1000233818,Right,MIL_MIL1,5261b1d2-58b4-4379-be7d-4abdb5fcb05a,54.58131,-128.06731,11.52939,4.82411,2.79342,-12.15783,1.67491,0.43128,2.26384,,,,,,,,,,,,,,,,,,,,,,,,,,,,,,,,,,,,,,,,,,,,,,,,,,,High,High,High,,,,,
298,2026-07-21,21:14:08.99,3,5,"Sheetz, Micky",1000304428,Left,MIL_MIL1,"Mears, Joshua",687084,Right,LAK_COU10,Undefined,9,Top,1,2,2,Fastball,Four-Seam,InPlay,Undefined,FlyBall,Out,1,0,,87.98966,-0.607275,2.313235,2343.891025,145.675314,10:45,4.9683,-1.6277,6.13803,-24.61336,10.93379,-6.74496,2.35548,-0.05077,80.94249,-5.213468,1.097898,0.429115,77.8469,31.914828,0.382578,3984.864036,109.5916,56.43975,9.46734,266.11981,263.31377,11.835634,4.363482,4.12524,6.13504,1.4548,50,4.9091,-4.90273,-127.88615,-2.12606,6.86836,25.05189,-21.95944,MIL_MIL1,LAK_COU10,FranklinField,American Association,AABL,20260721-FranklinField-1,061fb2f0-8573-11f1-a17b-7db4bab88cfd,87.83762,63.00684,,7.04717,,,,1.3924,2.41871,0.03972,d30aaa50-e40a-4800-9d68-81ee7d48104e,2026-07-22,02:14:08.99,2026-07-21T21:14:08.9980000-05:00,2026-07-22T02:14:08.9980000Z,FlyBall,v3,,,,"Waddell, Chase",1000233818,Right,MIL_MIL1,9012ce83-0748-43b1-ba7f-272733990b07,54.36189,-128.73777,12.52595,4.96869,-1.37956,-10.97972,1.62544,-5.13621,3.43418,210.029884,1.39227,96.91923,-17.81844,4.08968,-0.9123,0.2209,-0.04826,0.00672,-0.0004,2.41968,60.33105,-16.11222,0.35464,0.33249,-0.21828,0.06542,-0.00947,0.00053,0.03969,0.64637,6.18187,-1.68039,0.43772,-0.11287,0.02378,-0.00311,0.00017,,,,,,,,,,,,,,,,,,,,,,,High,High,High,High,High,,,
299,2026-07-21,21:14:43.80,4,1,"Sheetz, Micky",1000304428,Left,MIL_MIL1,"Garcia, Anthony",678803,Right,LAK_COU10,Undefined,9,Top,2,0,0,Fastball,Four-Seam,StrikeCalled,Undefined,Undefined,Undefined,0,0,,88.20742,-0.443968,3.75546,2319.221538,138.074796,10:30,5.01454,-1.39918,6.23507,-23.42887,12.22253,-9.92646,2.65169,1.24294,80.31398,-4.865763,1.967669,0.429744,,,,,,,,,,,,6.19512,6.81548,1.12337,50,4.96975,-7.9912,-127.90616,-1.69754,10.22803,27.22041,-20.92187,MIL_MIL1,LAK_COU10,FranklinField,American Association,AABL,20260721-FranklinField-1,1ae64d70-8573-11f1-a17b-7db4bab88cfd,87.70905,,,7.89344,,,,,,,d30aaa50-e40a-4800-9d68-81ee7d48104e,2026-07-22,02:14:43.80,2026-07-21T21:14:43.8060000-05:00,2026-07-22T02:14:43.8060000Z,,v3,,,,"Waddell, Chase",1000233818,Right,MIL_MIL1,a3faedc3-dc73-4e81-b8dd-971af55efa7e,54.26161,-128.8099,13.6102,5.01458,-1.00291,-10.46094,1.39433,-8.33078,5.11402,,,,,,,,,,,,,,,,,,,,,,,,,,,,,,,,,,,,,,,,,,,,,,,,,,,High,High,High,,,,,
300,2026-07-21,21:14:57.81,4,2,"Sheetz, Micky",1000304428,Left,MIL_MIL1,"Garcia, Anthony",678803,Right,LAK_COU10,Undefined,9,Top,2,0,1,Curveball,Curveball,BallCalled,Undefined,Undefined,Undefined,0,0,,76.27799,2.446652,2.550474,2711.865694,306.574347,4:15,4.84676,-1.54139,6.16264,-52.41038,-4.80646,8.42197,2.74294,1.518,70.08973,-7.222857,4.066774,0.496584,,,,,,,,,,,,-3.63201,-2.70819,1.34377,50,5.00608,-5.22686,-110.73435,3.17411,-4.50602,19.92592,-35.53395,MIL_MIL1,LAK_COU10,FranklinField,American Association,AABL,20260721-FranklinField-1,234677b0-8573-11f1-a17b-7db4bab88cfd,75.90343,,,6.18826,,,,,,,d30aaa50-e40a-4800-9d68-81ee7d48104e,2026-07-22,02:14:57.81,2026-07-21T21:14:57.8190000-05:00,2026-07-22T02:14:57.8190000Z,,v3,,,,"Waddell, Chase",1000233818,Right,MIL_MIL1,9a3a7cf8-efe9-4e12-8d55-f9bd7857125d,54.33781,-111.51218,9.96296,4.8551,4.56121,-17.76698,1.54437,-5.05096,-2.25301,,,,,,,,,,,,,,,,,,,,,,,,,,,,,,,,,,,,,,,,,,,,,,,,,,,High,High,High,,,,,
301,2026-07-21,21:15:11.85,4,3,"Sheetz, Micky",1000304428,Left,MIL_MIL1,"Garcia, Anthony",678803,Right,LAK_COU10,Undefined,9,Top,2,1,1,Cutter,Slider,BallCalled,Undefined,Undefined,Undefined,0,0,,84.08815,-1.336335,3.965451,2476.528108,164.572674,11:30,4.87025,-1.4724,6.16957,-32.79494,6.07477,-1.37264,0.89988,2.08167,77.96727,-7.391646,3.718547,0.448722,,,,,,,,,,,,1.70146,3.83977,1.17245,50,4.75211,-8.40721,-122.02941,-3.88052,2.5911,21.77715,-26.32654,MIL_MIL1,LAK_COU10,FranklinField,American Association,AABL,20260721-FranklinField-1,2b9f7600-8573-11f1-a17b-7db4bab88cfd,83.9996,,,6.12088,,,,,,,d30aaa50-e40a-4800-9d68-81ee7d48104e,2026-07-22,02:15:11.85,2026-07-21T21:15:11.8520000-05:00,2026-07-22T02:15:11.8520000Z,,v3,,,,"Waddell, Chase",1000233818,Right,MIL_MIL1,ecf8bacf-84ad-4981-897a-43431cd99a53,54.32949,-122.79961,10.88858,4.87289,-2.94942,-13.16327,1.47141,-8.49886,1.29555,,,,,,,,,,,,,,,,,,,,,,,,,,,,,,,,,,,,,,,,,,,,,,,,,,,High,High,High,,,,,
302,2026-07-21,21:15:27.14,4,4,"Sheetz, Micky",1000304428,Left,MIL_MIL1,"Garcia, Anthony",678803,Right,LAK_COU10,Undefined,9,Top,2,2,1,Fastball,Sinker,InPlay,Undefined,GroundBall,Single,0,0,,86.85331,-0.076294,3.238407,2327.042415,148.180232,11:00,5.01205,-1.38471,6.21258,-25.11316,11.70276,-6.50863,2.84876,1.06474,79.01468,-4.809393,2.065888,0.436706,94.16246,-0.103605,5.545805,1572.786218,,,,47.9479,47.35414,4.607703,0.361576,4.33906,6.4463,1.145,50,4.99375,-6.87562,-126.01353,-0.9219,6.93779,26.9503,-21.86689,MIL_MIL1,LAK_COU10,FranklinField,American Association,AABL,20260721-FranklinField-1,34b582c0-8573-11f1-a17b-7db4bab88cfd,86.31077,2.87194,,7.83864,,,,0.70865,2.87194,-1.14769,d30aaa50-e40a-4800-9d68-81ee7d48104e,2026-07-22,02:15:27.14,2026-07-21T21:15:27.1470000-05:00,2026-07-22T02:15:27.1470000Z,GroundBall,v3,,,,"Waddell, Chase",1000233818,Right,MIL_MIL1,ca23c9c4-b9b0-49d4-a39d-a29db1c7ecc0,54.28541,-126.92674,13.47515,5.01244,-0.18095,-10.93345,1.38196,-7.11071,3.46889,330.493011,0.71519,137.21643,-19.44887,,,,,,,2.87841,-0.48894,-20.71189,,,,,,,-1.14902,13.39576,1.21219,,,,,,,,,,,,,,,,,,,,,,,,,,,,,High,High,High,High,High,,,
303,2026-07-21,21:16:09.63,5,1,"Sheetz, Micky",1000304428,Left,MIL_MIL1,"LaRue, Dylan",804659,Right,LAK_COU10,Undefined,9,Top,2,0,0,Fastball,Sinker,BallCalled,Undefined,Undefined,Undefined,0,0,,87.69031,-1.248154,4.423315,2275.366715,135.560094,10:30,5.00113,-1.54854,6.16497,-22.1958,13.97768,-12.54867,1.99492,1.49973,79.99148,-5.437034,2.168679,0.432879,,,,,,,,,,,,7.74784,7.93768,1.219,50,4.89487,-9.32712,-127.05791,-3.43523,12.64299,26.46566,-19.2213,MIL_MIL1,LAK_COU10,FranklinField,American Association,AABL,20260721-FranklinField-1,4e0c2cb0-8573-11f1-a17b-7db4bab88cfd,87.07383,,,7.69884,,,,,,,d30aaa50-e40a-4800-9d68-81ee7d48104e,2026-07-22,02:16:09.63,2026-07-21T21:16:09.6380000-05:00,2026-07-22T02:16:09.6380000Z,,v3,,,,"Waddell, Chase",1000233818,Right,MIL_MIL1,62ebc3c1-35e1-409a-bf4a-bce4b6240e8d,54.3333,-127.95734,13.23283,5.00051,-2.782,-9.61065,1.54328,-9.75679,6.32149,,,,,,,,,,,,,,,,,,,,,,,,,,,,,,,,,,,,,,,,,,,,,,,,,,,High,High,High,,,,,
304,2026-07-21,21:16:24.47,5,2,"Sheetz, Micky",1000304428,Left,MIL_MIL1,"LaRue, Dylan",804659,Right,LAK_COU10,Undefined,9,Top,2,1,0,Fastball,Sinker,FoulBallNotFieldable,Undefined,Undefined,Undefined,0,0,,87.05137,-0.314986,2.475531,2348.431097,134.225845,10:30,4.87642,-1.68405,6.15479,-25.0308,11.52957,-10.64465,2.49924,-0.28257,79.4709,-5.021243,0.556915,0.435188,57.71634,-52.256012,-78.903133,,,,,2.51918,2.51918,-40.129691,0.03731,6.23382,6.40225,1.50138,50,4.83959,-5.04747,-126.42238,-1.46083,10.06692,26.29605,-21.83514,MIL_MIL1,LAK_COU10,FranklinField,American Association,AABL,20260721-FranklinField-1,56eef470-8573-11f1-a17b-7db4bab88cfd,86.61189,2.51112,,7.58047,,,,1.55199,2.51112,0.28389,d30aaa50-e40a-4800-9d68-81ee7d48104e,2026-07-22,02:16:24.47,2026-07-21T21:16:24.4770000-05:00,2026-07-22T02:16:24.4770000Z,GroundBall,v3,,,,"Waddell, Chase",1000233818,Right,MIL_MIL1,2eb0402a-6ff6-49a4-b1fa-31d004884d05,54.34396,-127.32272,13.14803,4.87681,-0.71323,-10.91757,1.6801,-5.39215,5.03346,,1.55167,10.02779,,,,,,,,2.51331,-67.30396,,,,,,,,0.28556,-51.12688,,,,,,,,,,,,,,,,,,,,,,,,,,,,,,High,High,High,Estimated,Estimated,,,
305,2026-07-21,21:16:45.70,5,3,"Sheetz, Micky",1000304428,Left,MIL_MIL1,"LaRue, Dylan",804659,Right,LAK_COU10,Undefined,9,Top,2,1,1,Curveball,Curveball,BallCalled,Undefined,Undefined,Undefined,0,0,,76.17511,4.150898,-1.776832,2697.702471,294.033353,3:45,4.85064,-1.765,5.45578,-54.00782,-4.95422,14.47595,4.24428,-2.22247,69.63606,-5.704987,0.796064,0.504089,,,,,,,,,,,,-7.72721,-3.12327,1.91152,50,5.18024,2.86299,-110.36237,6.2138,-9.54949,19.26918,-36.03386,MIL_MIL1,LAK_COU10,FranklinField,American Association,AABL,20260721-FranklinField-1,6398d650-8573-11f1-a17b-7db4bab88cfd,74.77345,,,6.53905,,,,,,,d30aaa50-e40a-4800-9d68-81ee7d48104e,2026-07-22,02:16:45.70,2026-07-21T21:16:45.7010000-05:00,2026-07-22T02:16:45.7010000Z,,v3,,,,"Waddell, Chase",1000233818,Right,MIL_MIL1,99035aa1-be28-4f22-8dfb-46420fbe85f4,55.04498,-111.23973,9.63459,4.85996,7.85449,-18.01693,1.77127,3.29779,-4.77474,,,,,,,,,,,,,,,,,,,,,,,,,,,,,,,,,,,,,,,,,,,,,,,,,,,High,High,High,,,,,
306,2026-07-21,21:17:00.55,5,4,"Sheetz, Micky",1000304428,Left,MIL_MIL1,"LaRue, Dylan",804659,Right,LAK_COU10,Undefined,9,Top,2,2,1,Fastball,Sinker,BallCalled,Undefined,Undefined,Undefined,0,0,,86.44629,0.973585,1.611531,2245.605111,132.784485,10:30,4.82821,-1.6045,6.23222,-28.76088,7.9193,-7.39158,3.33008,-0.73338,79.41843,-4.404229,0.276877,0.4359,,,,,,,,,,,,4.2404,4.19729,1.48771,50,4.88662,-3.24488,-125.67404,1.2379,6.82051,24.10362,-25.42287,MIL_MIL1,LAK_COU10,FranklinField,American Association,AABL,20260721-FranklinField-1,6c6704a0-8573-11f1-a17b-7db4bab88cfd,86.47036,,,7.02786,,,,,,,d30aaa50-e40a-4800-9d68-81ee7d48104e,2026-07-22,02:17:00.55,2026-07-21T21:17:00.5590000-05:00,2026-07-22T02:17:00.5590000Z,,v3,,,,"Waddell, Chase",1000233818,Right,MIL_MIL1,6fe3623f-acd6-4baf-af8b-8b4dc911bb04,54.26602,-126.48959,12.05181,4.83019,2.09809,-12.71144,1.6014,-3.47565,3.41026,,,,,,,,,,,,,,,,,,,,,,,,,,,,,,,,,,,,,,,,,,,,,,,,,,,High,High,High,,,,,
307,2026-07-21,21:17:17.23,5,5,"Sheetz, Micky",1000304428,Left,MIL_MIL1,"LaRue, Dylan",804659,Right,LAK_COU10,Undefined,9,Top,2,3,1,Fastball,Changeup,BallCalled,Walk,Undefined,Undefined,0,0,,86.99784,0.651815,0.783497,2309.86074,131.911861,10:30,4.98835,-1.69316,6.16596,-28.04431,8.28453,-8.02528,3.25349,-1.63818,79.87241,-4.589957,-0.664616,0.433808,,,,,,,,,,,,4.34284,4.45772,1.63769,50,5.02343,-1.40868,-126.4952,0.55005,7.06754,24.74086,-24.91957,MIL_MIL1,LAK_COU10,FranklinField,American Association,AABL,20260721-FranklinField-1,76560c40-8573-11f1-a17b-7db4bab88cfd,86.88746,,,7.12544,,,,,,,d30aaa50-e40a-4800-9d68-81ee7d48104e,2026-07-22,02:17:17.23,2026-07-21T21:17:17.2300000-05:00,2026-07-22T02:17:17.2300000Z,,v3,,,,"Waddell, Chase",1000233818,Right,MIL_MIL1,cde3a44f-4532-42be-a18b-8efaf490cc07,54.33206,-127.33967,12.37043,4.99014,1.40062,-12.45978,1.68989,-1.64991,3.53377,,,,,,,,,,,,,,,,,,,,,,,,,,,,,,,,,,,,,,,,,,,,,,,,,,,High,High,High,,,,,
308,2026-07-21,21:17:42.03,6,1,"Sheetz, Micky",1000304428,Left,MIL_MIL1,"Zimmermann, Peter",1000408665,Right,LAK_COU10,Undefined,9,Top,2,0,0,Fastball,Cutter,BallCalled,Undefined,Undefined,Undefined,0,0,,86.84894,1.242741,1.494455,2352.356551,142.071049,10:45,4.99434,-1.60202,6.14837,-28.03864,8.45201,-5.74516,3.80665,-0.6996,79.68175,-3.999224,0.458834,0.434773,,,,,,,,,,,,3.35701,4.38067,1.49117,50,5.07446,-3.06415,-126.22832,1.85172,5.44293,24.5129,-25.07139,MIL_MIL1,LAK_COU10,FranklinField,American Association,AABL,20260721-FranklinField-1,85265090-8573-11f1-a17b-7db4bab88cfd,86.69456,,,7.16719,,,,,,,d30aaa50-e40a-4800-9d68-81ee7d48104e,2026-07-22,02:17:42.03,2026-07-21T21:17:42.0370000-05:00,2026-07-22T02:17:42.0370000Z,,v3,,,,"Waddell, Chase",1000233818,Right,MIL_MIL1,dcc5499c-d62a-4a64-82a3-d95995ec3687,54.3498,-127.07022,12.25645,4.99607,2.7128,-12.53569,1.59962,-3.25109,2.72146,,,,,,,,,,,,,,,,,,,,,,,,,,,,,,,,,,,,,,,,,,,,,,,,,,,High,High,High,,,,,
309,2026-07-21,21:17:54.42,6,2,"Sheetz, Micky",1000304428,Left,MIL_MIL1,"Zimmermann, Peter",1000408665,Right,LAK_COU10,Undefined,9,Top,2,1,0,Fastball,Cutter,BallCalled,Undefined,Undefined,Undefined,0,0,,86.65299,1.077513,1.230932,2352.245993,146.119279,10:45,5.00011,-1.66938,6.17459,-26.67348,10.04638,-5.99264,3.77279,-1.03177,79.26997,-3.928982,0.149989,0.436136,,,,,,,,,,,,3.42563,5.25189,1.57921,50,5.06802,-2.46682,-125.92505,1.5444,5.5099,25.16189,-23.72672,MIL_MIL1,LAK_COU10,FranklinField,American Association,AABL,20260721-FranklinField-1,8c89a440-8573-11f1-a17b-7db4bab88cfd,86.42358,,,7.38302,,,,,,,d30aaa50-e40a-4800-9d68-81ee7d48104e,2026-07-22,02:17:54.42,2026-07-21T21:17:54.4200000-05:00,2026-07-22T02:17:54.4200000Z,,v3,,,,"Waddell, Chase",1000233818,Right,MIL_MIL1,07e28cf7-e034-44b9-a0c3-e95a084d6375,54.32292,-126.78589,12.58095,5.00129,2.35615,-11.86336,1.66683,-2.65532,2.75495,,,,,,,,,,,,,,,,,,,,,,,,,,,,,,,,,,,,,,,,,,,,,,,,,,,High,High,High,,,,,
310,2026-07-21,21:18:08.79,6,3,"Sheetz, Micky",1000304428,Left,MIL_MIL1,"Zimmermann, Peter",1000408665,Right,LAK_COU10,Undefined,9,Top,2,2,0,Fastball,Changeup,InPlay,Undefined,GroundBall,Out,1,0,,86.15952,-0.525491,2.451106,2311.198624,136.069547,10:30,5.00414,-1.61271,6.15593,-28.24092,8.98331,-7.53855,2.1648,0.02496,78.96851,-5.801,1.092218,0.439121,101.34847,3.211901,-37.26685,4161.263474,,,,93.9085,83.37041,-39.817336,0.705875,4.59347,5.13756,1.43035,50,4.94966,-5.0652,-125.1565,-2.02883,7.29052,25.11017,-24.01991,MIL_MIL1,LAK_COU10,FranklinField,American Association,AABL,20260721-FranklinField-1,9512da50-8573-11f1-a17b-7db4bab88cfd,85.83611,3.44772,,7.19101,,,,1.26694,2.46944,-0.14401,d30aaa50-e40a-4800-9d68-81ee7d48104e,2026-07-22,02:18:08.79,2026-07-21T21:18:08.7910000-05:00,2026-07-22T02:18:08.7910000Z,GroundBall,v3,,,,"Waddell, Chase",1000233818,Right,MIL_MIL1,3a7411cb-cda3-48dd-9699-6fd5b2ba8e97,54.34303,-126.02483,12.55509,5.00545,-1.1982,-12.00995,1.60987,-5.31731,3.64526,,1.35652,116.37315,-22.98477,,,,,,,2.49959,7.74603,-16.04559,,,,,,,-0.14872,-89.78446,6.81762,,,,,,,,,,,,,,,,,,,,,,,,,,,,,High,High,High,Medium,High,,,
311,2026-07-21,21:20:52.30,1,1,"Dillard, Trey",669366,Right,LAK_COU10,"Blake, Andy",701544,Right,MIL_MIL1,Undefined,9,Bottom,0,0,0,Cutter,Slider,StrikeCalled,Undefined,Undefined,Undefined,0,0,,89.42229,-0.507882,-2.742576,2807.748851,76.846184,8:30,5.92661,2.63077,4.9121,-36.32856,-0.14705,-5.26441,2.41843,-0.40323,82.33854,-7.056702,-3.669406,0.432927,,,,,,,,,,,,1.87232,0.38165,-2.35816,50,5.84646,6.45858,-129.66752,-2.6492,3.19894,26.21979,-31.52199,MIL_MIL1,LAK_COU10,FranklinField,American Association,AABL,20260721-FranklinField-1,f6880a80-8573-11f1-a17b-7db4bab88cfd,87.06415,,,7.08375,,,,,,,d30aaa50-e40a-4800-9d68-81ee7d48104e,2026-07-22,02:20:52.30,2026-07-21T21:20:52.3020000-05:00,2026-07-22T02:20:52.3020000Z,,v3,,,,"Feliciano, Mario",666128,Right,LAK_COU10,9bea86f1-784a-4f15-ab48-4cb45e8bc118,55.58728,-130.79243,13.10989,5.93111,-1.2968,-15.76099,-2.63231,6.32134,1.59947,,,,,,,,,,,,,,,,,,,,,,,,,,,,,,,,,,,,,,,,,,,,,,,,,,,High,High,High,,,,,
312,2026-07-21,21:21:04.36,1,2,"Dillard, Trey",669366,Right,LAK_COU10,"Blake, Andy",701544,Right,MIL_MIL1,Undefined,9,Bottom,0,0,1,Cutter,Slider,InPlay,Undefined,GroundBall,Single,0,0,,88.05055,-1.108831,-1.990706,2620.449018,74.701807,8:30,5.93781,2.61538,5.0578,-37.55998,-0.87433,-6.74567,1.76139,0.17518,82.08745,-7.862313,-3.18346,0.435933,66.97298,-59.467994,-49.664009,,,,,2.83638,2.83638,-21.268723,0.02161,2.91941,0.06717,-2.42029,50,5.80191,4.74439,-127.93634,-3.97002,4.90783,22.85751,-32.06112,MIL_MIL1,LAK_COU10,FranklinField,American Association,AABL,20260721-FranklinField-1,fdbcfb30-8573-11f1-a17b-7db4bab88cfd,86.46388,1.83387,,5.9631,,,,1.9431,1.83387,-0.20441,d30aaa50-e40a-4800-9d68-81ee7d48104e,2026-07-22,02:21:04.36,2026-07-21T21:21:04.3680000-05:00,2026-07-22T02:21:04.3680000Z,GroundBall,v3,,,,"Feliciano, Mario",666128,Right,LAK_COU10,2c1e98b4-fa26-44b1-a98e-1f57553cac23,55.44417,-128.90535,11.42876,5.9414,-2.61085,-16.03056,-2.61701,4.53633,2.45392,,1.94277,32.39542,,,,,,,,1.83474,-84.85861,,,,,,,,-0.20401,-38.15076,,,,,,,,,,,,,,,,,,,,,,,,,,,,,,High,High,High,Estimated,Estimated,,,
313,2026-07-21,21:21:40.25,2,1,"Dillard, Trey",669366,Right,LAK_COU10,"Janas, Justin",805332,Left,MIL_MIL1,Undefined,9,Bottom,0,0,0,Cutter,Slider,BallCalled,Undefined,Undefined,Undefined,0,0,,88.92527,-1.775697,-2.361861,2639.5493,63.004902,8:00,5.94014,1.56565,5.04401,-38.70904,-2.56795,-6.97815,1.03746,-1.24501,82.79729,-8.715413,-3.595598,0.432685,,,,,,,,,,,,2.93122,-0.62276,-1.3344,50,5.73914,5.63437,-129.1001,-5.56308,4.99952,24.20469,-33.23621,MIL_MIL1,LAK_COU10,FranklinField,American Association,AABL,20260721-FranklinField-1,131acca0-8574-11f1-a17b-7db4bab88cfd,87.11285,,,6.12797,,,,,,,d30aaa50-e40a-4800-9d68-81ee7d48104e,2026-07-22,02:21:40.25,2026-07-21T21:21:40.2500000-05:00,2026-07-22T02:21:40.2500000Z,,v3,,,,"Feliciano, Mario",666128,Right,LAK_COU10,cd097461-924c-45c5-90ef-d3112eba2235,55.45816,-130.11942,12.10234,5.94394,-4.16343,-16.61811,-1.56724,5.42383,2.49976,,,,,,,,,,,,,,,,,,,,,,,,,,,,,,,,,,,,,,,,,,,,,,,,,,,High,High,High,,,,,
314,2026-07-21,21:21:55.91,2,2,"Dillard, Trey",669366,Right,LAK_COU10,"Janas, Justin",805332,Left,MIL_MIL1,Undefined,9,Bottom,0,1,0,Fastball,Cutter,BallCalled,Undefined,Undefined,Undefined,0,0,,95.63305,-0.754066,0.366335,2291.259497,170.885343,11:45,6.44535,0.96529,5.71296,-19.81832,10.66969,-1.56996,4.09128,1.17574,88.04473,-4.44385,0.085405,0.397408,,,,,,,,,,,,0.88972,5.89705,-0.99497,50,6.36998,-0.81606,-139.00846,-2.54658,1.75543,28.72583,-20.5391,MIL_MIL1,LAK_COU10,FranklinField,American Association,AABL,20260721-FranklinField-1,1c6e7ea0-8574-11f1-a17b-7db4bab88cfd,94.8458,,,7.58832,,,,,,,d30aaa50-e40a-4800-9d68-81ee7d48104e,2026-07-22,02:21:55.91,2026-07-21T21:21:55.9160000-05:00,2026-07-22T02:21:55.9160000Z,,v3,,,,"Feliciano, Mario",666128,Right,LAK_COU10,c734fe19-2c3a-4c53-b0c1-a0329dcf608a,54.78522,-139.99382,14.36291,6.44525,-1.84204,-10.26955,-0.96594,-0.87627,0.87772,,,,,,,,,,,,,,,,,,,,,,,,,,,,,,,,,,,,,,,,,,,,,,,,,,,High,High,High,,,,,
315,2026-07-21,21:22:14.07,2,3,"Dillard, Trey",669366,Right,LAK_COU10,"Janas, Justin",805332,Left,MIL_MIL1,Undefined,9,Bottom,0,2,0,Fastball,Cutter,InPlay,Undefined,GroundBall,Out,1,0,,95.31347,-2.168648,-1.581965,2171.774289,175.647425,11:45,6.44052,0.88962,5.942,-19.92029,10.57308,-0.73689,2.76713,-0.63959,87.89098,-5.878902,-1.714347,0.397442,54.60109,-37.079515,43.983043,,,,,5.59762,3.10393,34.705257,0.058381,-0.02638,6.26717,-0.76314,50,6.25632,3.85642,-138.47482,-5.93716,-0.05159,28.83344,-19.91732,MIL_MIL1,LAK_COU10,FranklinField,American Association,AABL,20260721-FranklinField-1,27396750-8574-11f1-a17b-7db4bab88cfd,94.83753,2.83814,,7.42248,,,,1.89951,2.83814,0.57906,d30aaa50-e40a-4800-9d68-81ee7d48104e,2026-07-22,02:22:14.07,2026-07-21T21:22:14.0710000-05:00,2026-07-22T02:22:14.0710000Z,GroundBall,v3,,,,"Feliciano, Mario",666128,Right,LAK_COU10,745fa66d-2341-4098-b56a-33c2cdf42595,54.55772,-139.4206,14.41672,6.44035,-5.28384,-9.95866,-0.88967,3.85812,-0.02579,,1.89656,46.28633,,,,,,,,2.84125,-48.61413,,,,,,,,0.57619,44.67172,,,,,,,,,,,,,,,,,,,,,,,,,,,,,,High,High,High,Low,Low,,,
316,2026-07-21,21:22:50.73,3,1,"Dillard, Trey",669366,Right,LAK_COU10,"Doersching, Griffin",701864,Right,MIL_MIL1,Undefined,9,Bottom,1,0,0,Cutter,Slider,BallCalled,Undefined,Undefined,Undefined,0,0,,88.69467,-0.868768,-2.949025,2507.033996,84.830504,8:45,6.0243,2.41788,5.19758,-35.719,0.45953,-6.07575,2.22942,-0.86471,82.24605,-7.323636,-4.023999,0.432909,,,,,,,,,,,,2.31201,0.73748,-2.13959,50,5.91643,6.90201,-128.72879,-3.35652,3.91701,24.30463,-30.92458,MIL_MIL1,LAK_COU10,FranklinField,American Association,AABL,20260721-FranklinField-1,3d203ee0-8574-11f1-a17b-7db4bab88cfd,87.06774,,,6.44861,,,,,,,d30aaa50-e40a-4800-9d68-81ee7d48104e,2026-07-22,02:22:50.73,2026-07-21T21:22:50.7300000-05:00,2026-07-22T02:22:50.7300000Z,,v3,,,,"Feliciano, Mario",666128,Right,LAK_COU10,0135b47d-f87f-413d-903d-354f823a029e,55.30295,-129.72615,12.15231,6.02813,-2.0875,-15.46229,-2.41952,6.74127,1.95851,,,,,,,,,,,,,,,,,,,,,,,,,,,,,,,,,,,,,,,,,,,,,,,,,,,High,High,High,,,,,
317,2026-07-21,21:23:08.35,3,2,"Dillard, Trey",669366,Right,LAK_COU10,"Doersching, Griffin",701864,Right,MIL_MIL1,Undefined,9,Bottom,1,1,0,Cutter,Slider,FoulBallNotFieldable,Undefined,Undefined,Undefined,0,0,,89.47126,-1.511172,-2.079707,2459.137789,86.301161,9:00,6.08567,2.37435,5.2595,-34.77242,0.64543,-5.26351,1.76694,-0.01905,83.05843,-7.798822,-3.013793,0.428334,,,,,,,,,,,,2.15008,0.94075,-2.17968,50,5.92103,4.94896,-129.94572,-4.78567,3.71255,24.71971,-30.54966,MIL_MIL1,LAK_COU10,FranklinField,American Association,AABL,20260721-FranklinField-1,47a0b110-8574-11f1-a17b-7db4bab88cfd,87.99777,,,6.41282,,,,,,,d30aaa50-e40a-4800-9d68-81ee7d48104e,2026-07-22,02:23:08.35,2026-07-21T21:23:08.3520000-05:00,2026-07-22T02:23:08.3520000Z,,v3,,,,"Feliciano, Mario",666128,Right,LAK_COU10,1b59748d-9a93-4eec-8906-45d2d777fca7,55.24201,-130.93911,12.35985,6.08868,-3.55799,-15.27483,-2.37556,4.79976,1.85628,,,,,,,,,,,,,,,,,,,,,,,,,,,,,,,,,,,,,,,,,,,,,,,,,,,High,High,High,,,,,
318,2026-07-21,21:23:29.07,3,3,"Dillard, Trey",669366,Right,LAK_COU10,"Doersching, Griffin",701864,Right,MIL_MIL1,Undefined,9,Bottom,1,1,1,Slider,Slider,StrikeSwinging,Undefined,Undefined,Undefined,0,0,,88.82363,-2.034749,-2.76123,2584.855244,55.230847,7:45,5.86741,2.57032,5.23004,-38.56734,-2.30465,-4.86559,0.73772,-0.43279,82.15716,-8.982343,-3.624146,0.433413,,,,,,,,,,,,1.71685,-0.35059,-2.31199,50,5.6505,6.42613,-128.81643,-6.0937,2.89344,26.00963,-32.76488,MIL_MIL1,LAK_COU10,FranklinField,American Association,AABL,20260721-FranklinField-1,53f87b50-8574-11f1-a17b-7db4bab88cfd,86.96664,,,6.66647,,,,,,,d30aaa50-e40a-4800-9d68-81ee7d48104e,2026-07-22,02:23:29.07,2026-07-21T21:23:29.0730000-05:00,2026-07-22T02:23:29.0730000Z,,v3,,,,"Feliciano, Mario",666128,Right,LAK_COU10,a1e65cf0-bd6d-44ab-97e8-96021c79c46c,55.271,-129.87635,13.00482,5.87161,-4.7585,-16.38244,-2.57146,6.30822,1.44672,,,,,,,,,,,,,,,,,,,,,,,,,,,,,,,,,,,,,,,,,,,,,,,,,,,High,High,High,,,,,
319,2026-07-21,21:23:51.13,3,4,"Dillard, Trey",669366,Right,LAK_COU10,"Doersching, Griffin",701864,Right,MIL_MIL1,Undefined,9,Bottom,1,1,2,Slider,Slider,BallCalled,Undefined,Undefined,Undefined,0,0,,87.42056,0.138913,-0.278598,2666.680074,63.990415,8:15,6.08637,2.17856,5.0555,-40.46364,-2.84477,-8.1754,2.84541,1.23454,80.35786,-7.179844,-1.725404,0.441443,,,,,,,,,,,,3.98673,-1.1076,-2.14525,50,6.06722,0.98915,-126.93277,-1.31289,6.51529,25.57248,-33.98411,MIL_MIL1,LAK_COU10,FranklinField,American Association,AABL,20260721-FranklinField-1,6124d3a0-8574-11f1-a17b-7db4bab88cfd,85.38464,,,7.0627,,,,,,,d30aaa50-e40a-4800-9d68-81ee7d48104e,2026-07-22,02:23:51.13,2026-07-21T21:23:51.1390000-05:00,2026-07-22T02:23:51.1390000Z,,v3,,,,"Feliciano, Mario",666128,Right,LAK_COU10,16a3c40f-7fef-4ade-8a19-3ab238289795,55.44422,-128.02489,12.78624,6.0923,0.13847,-16.99206,-2.18156,0.71091,3.25764,,,,,,,,,,,,,,,,,,,,,,,,,,,,,,,,,,,,,,,,,,,,,,,,,,,High,High,High,,,,,
320,2026-07-21,21:24:11.66,3,5,"Dillard, Trey",669366,Right,LAK_COU10,"Doersching, Griffin",701864,Right,MIL_MIL1,Undefined,9,Bottom,1,2,2,Cutter,Slider,BallCalled,Undefined,Undefined,Undefined,0,0,,90.91863,-2.975079,-5.237355,2591.035255,106.494438,9:30,5.9699,2.46233,5.33615,-32.39903,2.0411,-3.73461,0.46461,-2.77617,84.74719,-8.796063,-5.896658,0.42238,,,,,,,,,,,,0.61421,2.02843,-1.98562,50,5.67657,12.21747,-131.4754,-8.12825,1.08851,24.61125,-28.57922,MIL_MIL1,LAK_COU10,FranklinField,American Association,AABL,20260721-FranklinField-1,6d5d07f0-8574-11f1-a17b-7db4bab88cfd,89.23812,,,6.17144,,,,,,,d30aaa50-e40a-4800-9d68-81ee7d48104e,2026-07-22,02:24:11.66,2026-07-21T21:24:11.6620000-05:00,2026-07-22T02:24:11.6620000Z,,v3,,,,"Feliciano, Mario",666128,Right,LAK_COU10,434d5f31-5932-4faf-95a9-7e219641f4a6,55.16445,-132.43862,12.30562,5.9728,-7.00973,-14.28961,-2.46295,12.17487,0.54426,,,,,,,,,,,,,,,,,,,,,,,,,,,,,,,,,,,,,,,,,,,,,,,,,,,High,High,High,,,,,
321,2026-07-21,21:24:45.16,3,6,"Dillard, Trey",669366,Right,LAK_COU10,"Doersching, Griffin",701864,Right,MIL_MIL1,Undefined,9,Bottom,1,3,2,Cutter,Cutter,StrikeSwinging,Strikeout,Undefined,Undefined,0,0,,92.38224,-1.013636,-0.159167,2440.925443,151.734267,11:00,6.48891,1.85649,6.00962,-20.82399,11.03819,-5.51394,3.81442,1.24954,86.3041,-4.881242,-1.151462,0.406265,,,,,,,,,,,,2.80957,6.16567,-1.841,50,6.39772,0.60497,-134.53007,-3.08137,5.26653,22.93281,-20.61647,MIL_MIL1,LAK_COU10,FranklinField,American Association,AABL,20260721-FranklinField-1,81533310-8574-11f1-a17b-7db4bab88cfd,92.77799,,,6.07813,,,,,,,d30aaa50-e40a-4800-9d68-81ee7d48104e,2026-07-22,02:24:45.16,2026-07-21T21:24:45.1650000-05:00,2026-07-22T02:24:45.1650000Z,,v3,,,,"Feliciano, Mario",666128,Right,LAK_COU10,15ff6973-da5f-4646-b96a-09b8a4c632a7,54.49078,-135.29343,11.4664,6.48887,-2.39511,-10.30824,-1.85823,0.42967,2.63326,,,,,,,,,,,,,,,,,,,,,,,,,,,,,,,,,,,,,,,,,,,,,,,,,,,High,High,High,,,,,
322,2026-07-21,21:26:57.29,4,1,"Dillard, Trey",669366,Right,LAK_COU10,"Marion, Charlie",1000571871,Left,MIL_MIL1,Undefined,9,Bottom,2,0,0,Fastball,Cutter,FoulBallNotFieldable,Undefined,Undefined,Undefined,0,0,,95.37107,-3.214272,-0.511455,2313.361209,162.956066,11:30,6.48291,0.72678,5.94435,-19.66186,10.70075,-3.01843,1.85974,0.00083,88.39106,-6.860277,-1.054248,0.396589,,,,,,,,,,,,1.44047,6.56166,-0.68429,50,6.21553,1.36632,-138.55372,-8.46573,2.83186,27.67496,-19.27442,MIL_MIL1,LAK_COU10,FranklinField,American Association,AABL,20260721-FranklinField-1,d00bf0a0-8574-11f1-a17b-7db4bab88cfd,95.0415,,,6.98001,,,,,,,d30aaa50-e40a-4800-9d68-81ee7d48104e,2026-07-22,02:26:57.29,2026-07-21T21:26:57.2950000-05:00,2026-07-22T02:26:57.2950000Z,,v3,,,,"Feliciano, Mario",666128,Right,LAK_COU10,5d4b1a3a-45f1-4a60-b41c-a2f308c57950,54.55634,-139.46084,13.83748,6.48266,-7.83396,-9.63721,-0.72756,1.2735,1.41593,,,,,,,,,,,,,,,,,,,,,,,,,,,,,,,,,,,,,,,,,,,,,,,,,,,High,High,High,,,,,
323,2026-07-21,21:27:18.16,4,2,"Dillard, Trey",669366,Right,LAK_COU10,"Marion, Charlie",1000571871,Left,MIL_MIL1,Undefined,9,Bottom,2,0,1,Slider,Slider,InPlay,Undefined,GroundBall,Out,1,0,,88.95044,-1.923669,-0.462409,2731.490275,96.656198,9:15,6.11466,1.24174,5.07801,-34.1099,1.82366,-7.30437,1.45802,0.19713,82.84534,-8.068865,-1.756351,0.431441,81.13398,-35.962125,20.870112,,,,,2.87703,2.87703,10.079549,0.020039,3.55335,1.63772,-1.19183,50,5.90509,1.37056,-129.24661,-5.69941,6.09339,23.46112,-29.36566,MIL_MIL1,LAK_COU10,FranklinField,American Association,AABL,20260721-FranklinField-1,dc84b060-8574-11f1-a17b-7db4bab88cfd,87.36403,1.4025,,6.1051,,,,1.0264,1.4025,-0.18513,d30aaa50-e40a-4800-9d68-81ee7d48104e,2026-07-22,02:27:18.16,2026-07-21T21:27:18.1660000-05:00,2026-07-22T02:27:18.1660000Z,GroundBall,v3,,,,"Feliciano, Mario",666128,Right,LAK_COU10,da167e19-2a11-4d86-b7a0-4e9812f4eab4,55.42317,-130.22731,11.73056,6.11768,-4.47188,-14.68283,-1.2438,1.11585,3.04669,,1.02596,90.13366,,,,,,,,1.40284,-69.98674,,,,,,,,-0.1853,34.36483,,,,,,,,,,,,,,,,,,,,,,,,,,,,,,High,High,High,Estimated,Estimated,,,